order_id,product_id,timestamp,quantity,discount_applied,customer_rating
ORD-0000001,PRD-0381,2026-01-31 07:00:00,4,0.05,5
ORD-0000002,PRD-0403,2026-07-27 07:00:00,2,0.05,4
ORD-0000003,PRD-0036,2026-04-30 06:00:00,4,0.05,5
ORD-0000004,PRD-0285,2026-05-16 03:00:00,3,0.0,1
ORD-0000005,PRD-0188,2026-01-28 00:00:00,1,0.1,5
ORD-0000006,PRD-0082,2026-08-01 07:00:00,4,0.0,4
ORD-0000007,PRD-0002,2026-08-23 01:00:00,3,0.0,5
ORD-0000008,PRD-0385,2026-04-25 01:00:00,3,0.1,5
ORD-0000009,PRD-0303,2026-08-26 20:00:00,4,0.05,1
ORD-0000010,PRD-0197,2026-04-25 11:00:00,1,0.1,4
ORD-0000011,PRD-0404,2026-02-12 01:00:00,4,0.0,3
ORD-0000012,PRD-0011,2026-03-06 14:00:00,2,0.0,3
ORD-0000013,PRD-0234,2026-02-03 11:00:00,4,0.2,5
ORD-0000014,PRD-0386,2026-06-20 00:00:00,4,0.0,4
ORD-0000015,PRD-0195,2026-06-29 13:00:00,1,0.1,4
ORD-0000016,PRD-0471,2026-06-27 16:00:00,4,0.1,4
ORD-0000017,PRD-0119,2026-05-22 17:00:00,3,0.05,5
ORD-0000018,PRD-0396,2026-07-31 09:00:00,1,0.0,5
ORD-0000019,PRD-0020,2026-08-15 00:00:00,3,0.05,4
ORD-0000020,PRD-0261,2026-06-26 17:00:00,1,0.1,5
ORD-0000021,PRD-0293,2026-07-12 03:00:00,2,0.0,5
ORD-0000022,PRD-0422,2026-05-12 17:00:00,2,0.0,2
ORD-0000023,PRD-0256,2026-07-09 12:00:00,2,0.0,5
ORD-0000024,PRD-0222,2026-06-23 03:00:00,4,0.0,4
ORD-0000025,PRD-0393,2026-01-22 23:00:00,2,0.1,3
ORD-0000026,PRD-0226,2026-05-18 10:00:00,1,0.1,5
ORD-0000027,PRD-0053,2026-02-12 15:00:00,2,0.2,4
ORD-0000028,PRD-0428,2026-08-24 20:00:00,1,0.0,5
ORD-0000029,PRD-0355,2026-06-05 14:00:00,3,0.05,1
ORD-0000030,PRD-0500,2026-08-05 14:00:00,4,0.0,2
ORD-0000031,PRD-0342,2026-01-19 00:00:00,3,0.05,5
ORD-0000032,PRD-0364,2026-02-19 00:00:00,3,0.05,5
ORD-0000033,PRD-0280,2026-01-17 16:00:00,2,0.2,5
ORD-0000034,PRD-0081,2026-03-29 16:00:00,2,0.1,4
ORD-0000035,PRD-0202,2026-05-08 02:00:00,2,0.2,5
ORD-0000036,PRD-0158,2026-04-04 01:00:00,3,0.1,5
ORD-0000037,PRD-0120,2026-04-12 21:00:00,4,0.1,4
ORD-0000038,PRD-0059,2026-07-15 20:00:00,4,0.0,5
ORD-0000039,PRD-0494,2026-04-29 03:00:00,3,0.1,5
ORD-0000040,PRD-0215,2026-08-20 15:00:00,4,0.05,2
ORD-0000041,PRD-0128,2026-04-15 17:00:00,3,0.0,4
ORD-0000042,PRD-0224,2026-03-15 21:00:00,3,0.0,2
ORD-0000043,PRD-0209,2026-08-24 09:00:00,4,0.05,5
ORD-0000044,PRD-0370,2026-02-15 16:00:00,1,0.0,4
ORD-0000045,PRD-0115,2026-02-08 16:00:00,1,0.0,5
ORD-0000046,PRD-0209,2026-03-23 07:00:00,2,0.05,4
ORD-0000047,PRD-0014,2026-03-24 05:00:00,4,0.2,5
ORD-0000048,PRD-0009,2026-03-06 18:00:00,2,0.1,4
ORD-0000049,PRD-0040,2026-04-26 18:00:00,3,0.0,5
ORD-0000050,PRD-0450,2026-07-04 05:00:00,1,0.0,3
ORD-0000051,PRD-0237,2026-02-11 10:00:00,4,0.0,5
ORD-0000052,PRD-0281,2026-01-26 12:00:00,4,0.0,5
ORD-0000053,PRD-0359,2026-04-19 01:00:00,4,0.0,5
ORD-0000054,PRD-0201,2026-01-25 19:00:00,1,0.2,2
ORD-0000055,PRD-0246,2026-07-29 00:00:00,2,0.0,4
ORD-0000056,PRD-0278,2026-02-05 01:00:00,1,0.0,5
ORD-0000057,PRD-0235,2026-08-10 17:00:00,2,0.0,3
ORD-0000058,PRD-0494,2026-07-04 23:00:00,3,0.0,3
ORD-0000059,PRD-0004,2026-02-05 18:00:00,3,0.0,5
ORD-0000060,PRD-0154,2026-08-18 23:00:00,2,0.0,4
ORD-0000061,PRD-0442,2026-01-19 12:00:00,3,0.2,4
ORD-0000062,PRD-0029,2026-03-16 12:00:00,3,0.0,5
ORD-0000063,PRD-0109,2026-06-29 21:00:00,4,0.0,4
ORD-0000064,PRD-0098,2026-05-24 22:00:00,4,0.0,3
ORD-0000065,PRD-0215,2026-06-14 16:00:00,1,0.0,5
ORD-0000066,PRD-0293,2026-07-15 07:00:00,1,0.0,4
ORD-0000067,PRD-0075,2026-02-12 22:00:00,1,0.0,5
ORD-0000068,PRD-0326,2026-02-23 23:00:00,4,0.0,3
ORD-0000069,PRD-0146,2026-08-02 01:00:00,1,0.05,5
ORD-0000070,PRD-0128,2026-03-27 23:00:00,1,0.0,4
ORD-0000071,PRD-0341,2026-03-02 07:00:00,4,0.0,4
ORD-0000072,PRD-0042,2026-03-27 05:00:00,2,0.0,4
ORD-0000073,PRD-0356,2026-07-12 11:00:00,4,0.0,1
ORD-0000074,PRD-0041,2026-04-29 18:00:00,2,0.0,5
ORD-0000075,PRD-0422,2026-06-09 08:00:00,4,0.0,4
ORD-0000076,PRD-0034,2026-03-28 04:00:00,1,0.0,5
ORD-0000077,PRD-0017,2026-06-06 17:00:00,3,0.0,5
ORD-0000078,PRD-0165,2026-04-05 19:00:00,3,0.0,5
ORD-0000079,PRD-0153,2026-03-17 08:00:00,2,0.0,4
ORD-0000080,PRD-0486,2026-02-24 15:00:00,2,0.0,4
ORD-0000081,PRD-0378,2026-06-18 23:00:00,2,0.2,5
ORD-0000082,PRD-0076,2026-08-14 02:00:00,3,0.05,5
ORD-0000083,PRD-0087,2026-04-13 03:00:00,2,0.1,5
ORD-0000084,PRD-0117,2026-02-15 09:00:00,4,0.1,4
ORD-0000085,PRD-0362,2026-03-11 16:00:00,4,0.2,5
ORD-0000086,PRD-0342,2026-06-03 03:00:00,3,0.05,5
ORD-0000087,PRD-0469,2026-07-08 20:00:00,4,0.05,4
ORD-0000088,PRD-0027,2026-07-25 04:00:00,2,0.0,5
ORD-0000089,PRD-0313,2026-07-01 10:00:00,3,0.0,4
ORD-0000090,PRD-0287,2026-03-25 11:00:00,2,0.05,1
ORD-0000091,PRD-0134,2026-06-24 22:00:00,4,0.2,5
ORD-0000092,PRD-0219,2026-08-01 00:00:00,2,0.0,3
ORD-0000093,PRD-0168,2026-07-22 16:00:00,3,0.05,5
ORD-0000094,PRD-0098,2026-02-16 20:00:00,2,0.0,4
ORD-0000095,PRD-0268,2026-02-20 21:00:00,4,0.0,4
ORD-0000096,PRD-0237,2026-04-30 04:00:00,1,0.0,4
ORD-0000097,PRD-0309,2026-04-05 17:00:00,3,0.0,5
ORD-0000098,PRD-0455,2026-05-05 14:00:00,2,0.0,4
ORD-0000099,PRD-0394,2026-04-15 14:00:00,3,0.05,3
ORD-0000100,PRD-0173,2026-01-10 20:00:00,2,0.1,5
ORD-0000101,PRD-0401,2026-02-17 16:00:00,1,0.1,4
ORD-0000102,PRD-0410,2026-05-16 13:00:00,4,0.0,3
ORD-0000103,PRD-0469,2026-06-07 14:00:00,2,0.1,2
ORD-0000104,PRD-0476,2026-02-01 22:00:00,2,0.0,1
ORD-0000105,PRD-0190,2026-04-22 17:00:00,1,0.0,4
ORD-0000106,PRD-0122,2026-07-31 22:00:00,3,0.05,4
ORD-0000107,PRD-0046,2026-04-22 01:00:00,4,0.0,3
ORD-0000108,PRD-0064,2026-03-15 07:00:00,2,0.0,5
ORD-0000109,PRD-0130,2026-05-26 11:00:00,2,0.0,3
ORD-0000110,PRD-0310,2026-04-28 07:00:00,4,0.05,5
ORD-0000111,PRD-0363,2026-05-27 09:00:00,1,0.0,5
ORD-0000112,PRD-0193,2026-01-21 15:00:00,3,0.05,1
ORD-0000113,PRD-0307,2026-08-03 07:00:00,4,0.05,5
ORD-0000114,PRD-0181,2026-05-13 12:00:00,3,0.05,4
ORD-0000115,PRD-0292,2026-08-31 14:00:00,1,0.1,4
ORD-0000116,PRD-0371,2026-06-13 18:00:00,1,0.0,4
ORD-0000117,PRD-0282,2026-03-28 08:00:00,4,0.0,5
ORD-0000118,PRD-0029,2026-01-15 01:00:00,2,0.0,4
ORD-0000119,PRD-0149,2026-06-14 13:00:00,1,0.0,3
ORD-0000120,PRD-0267,2026-05-10 12:00:00,1,0.05,3
ORD-0000121,PRD-0296,2026-03-17 17:00:00,4,0.0,5
ORD-0000122,PRD-0011,2026-01-06 16:00:00,4,0.0,4
ORD-0000123,PRD-0164,2026-04-17 11:00:00,4,0.05,3
ORD-0000124,PRD-0113,2026-07-03 23:00:00,1,0.05,4
ORD-0000125,PRD-0187,2026-02-08 03:00:00,3,0.05,5
ORD-0000126,PRD-0295,2026-08-09 21:00:00,1,0.1,4
ORD-0000127,PRD-0232,2026-05-28 10:00:00,4,0.05,4
ORD-0000128,PRD-0227,2026-07-29 05:00:00,2,0.05,5
ORD-0000129,PRD-0310,2026-03-29 12:00:00,2,0.0,3
ORD-0000130,PRD-0098,2026-05-02 03:00:00,4,0.2,5
ORD-0000131,PRD-0055,2026-05-02 10:00:00,2,0.0,5
ORD-0000132,PRD-0111,2026-08-12 02:00:00,1,0.0,5
ORD-0000133,PRD-0152,2026-03-24 14:00:00,3,0.0,2
ORD-0000134,PRD-0246,2026-06-11 06:00:00,1,0.05,4
ORD-0000135,PRD-0406,2026-07-08 16:00:00,4,0.2,3
ORD-0000136,PRD-0069,2026-05-29 15:00:00,1,0.0,5
ORD-0000137,PRD-0312,2026-02-11 14:00:00,2,0.0,5
ORD-0000138,PRD-0289,2026-03-31 11:00:00,1,0.1,4
ORD-0000139,PRD-0250,2026-07-31 21:00:00,3,0.2,5
ORD-0000140,PRD-0036,2026-07-15 14:00:00,2,0.0,5
ORD-0000141,PRD-0239,2026-01-17 11:00:00,3,0.0,4
ORD-0000142,PRD-0148,2026-05-30 22:00:00,3,0.05,3
ORD-0000143,PRD-0467,2026-07-07 22:00:00,3,0.0,1
ORD-0000144,PRD-0227,2026-02-09 02:00:00,1,0.1,4
ORD-0000145,PRD-0244,2026-03-10 04:00:00,1,0.0,5
ORD-0000146,PRD-0491,2026-04-24 12:00:00,1,0.0,5
ORD-0000147,PRD-0337,2026-04-15 14:00:00,1,0.0,3
ORD-0000148,PRD-0446,2026-07-13 04:00:00,2,0.0,4
ORD-0000149,PRD-0365,2026-03-10 17:00:00,1,0.0,4
ORD-0000150,PRD-0491,2026-06-03 18:00:00,2,0.0,5
ORD-0000151,PRD-0482,2026-05-24 03:00:00,3,0.05,5
ORD-0000152,PRD-0201,2026-05-14 09:00:00,2,0.0,5
ORD-0000153,PRD-0154,2026-06-24 03:00:00,4,0.2,5
ORD-0000154,PRD-0450,2026-07-01 22:00:00,1,0.0,2
ORD-0000155,PRD-0073,2026-04-06 11:00:00,4,0.05,4
ORD-0000156,PRD-0201,2026-07-06 19:00:00,2,0.0,5
ORD-0000157,PRD-0296,2026-01-09 21:00:00,1,0.0,2
ORD-0000158,PRD-0017,2026-05-15 21:00:00,4,0.0,5
ORD-0000159,PRD-0129,2026-06-10 22:00:00,1,0.0,4
ORD-0000160,PRD-0217,2026-01-03 10:00:00,2,0.05,5
ORD-0000161,PRD-0061,2026-08-27 09:00:00,4,0.05,5
ORD-0000162,PRD-0427,2026-05-03 02:00:00,2,0.05,5
ORD-0000163,PRD-0104,2026-07-25 18:00:00,4,0.0,5
ORD-0000164,PRD-0042,2026-05-04 19:00:00,3,0.1,4
ORD-0000165,PRD-0025,2026-03-05 15:00:00,3,0.05,5
ORD-0000166,PRD-0039,2026-08-31 17:00:00,3,0.2,1
ORD-0000167,PRD-0291,2026-01-06 02:00:00,3,0.1,5
ORD-0000168,PRD-0131,2026-06-04 23:00:00,3,0.0,4
ORD-0000169,PRD-0498,2026-03-01 20:00:00,2,0.0,5
ORD-0000170,PRD-0229,2026-02-18 10:00:00,3,0.0,4
ORD-0000171,PRD-0108,2026-05-18 12:00:00,2,0.05,1
ORD-0000172,PRD-0172,2026-05-20 09:00:00,3,0.0,3
ORD-0000173,PRD-0435,2026-04-14 14:00:00,1,0.05,5
ORD-0000174,PRD-0478,2026-01-24 09:00:00,3,0.0,4
ORD-0000175,PRD-0102,2026-06-15 21:00:00,1,0.0,3
ORD-0000176,PRD-0354,2026-03-14 09:00:00,2,0.0,3
ORD-0000177,PRD-0012,2026-02-07 16:00:00,3,0.0,4
ORD-0000178,PRD-0275,2026-05-29 02:00:00,4,0.05,1
ORD-0000179,PRD-0101,2026-07-07 02:00:00,2,0.0,5
ORD-0000180,PRD-0044,2026-03-13 22:00:00,3,0.05,4
ORD-0000181,PRD-0443,2026-05-02 19:00:00,2,0.0,5
ORD-0000182,PRD-0305,2026-05-28 03:00:00,4,0.0,3
ORD-0000183,PRD-0445,2026-06-12 18:00:00,3,0.05,4
ORD-0000184,PRD-0017,2026-08-31 04:00:00,4,0.0,5
ORD-0000185,PRD-0330,2026-02-08 22:00:00,3,0.05,2
ORD-0000186,PRD-0057,2026-08-05 13:00:00,1,0.1,4
ORD-0000187,PRD-0311,2026-08-19 11:00:00,2,0.1,4
ORD-0000188,PRD-0497,2026-01-04 02:00:00,4,0.0,4
ORD-0000189,PRD-0303,2026-01-13 06:00:00,2,0.0,5
ORD-0000190,PRD-0012,2026-01-01 20:00:00,4,0.05,5
ORD-0000191,PRD-0318,2026-05-16 02:00:00,2,0.05,5
ORD-0000192,PRD-0080,2026-02-13 06:00:00,2,0.05,3
ORD-0000193,PRD-0216,2026-08-11 02:00:00,2,0.0,4
ORD-0000194,PRD-0339,2026-07-13 23:00:00,1,0.0,4
ORD-0000195,PRD-0264,2026-02-16 05:00:00,3,0.0,5
ORD-0000196,PRD-0479,2026-08-08 12:00:00,1,0.05,4
ORD-0000197,PRD-0149,2026-06-07 03:00:00,2,0.0,4
ORD-0000198,PRD-0081,2026-01-16 11:00:00,4,0.0,5
ORD-0000199,PRD-0215,2026-07-24 17:00:00,2,0.05,2
ORD-0000200,PRD-0485,2026-02-18 22:00:00,3,0.0,5
ORD-0000201,PRD-0374,2026-02-18 12:00:00,1,0.0,3
ORD-0000202,PRD-0464,2026-02-15 12:00:00,3,0.0,5
ORD-0000203,PRD-0198,2026-02-23 11:00:00,4,0.0,4
ORD-0000204,PRD-0200,2026-03-25 19:00:00,3,0.0,5
ORD-0000205,PRD-0025,2026-02-05 05:00:00,1,0.0,2
ORD-0000206,PRD-0466,2026-03-24 23:00:00,4,0.0,4
ORD-0000207,PRD-0089,2026-01-22 16:00:00,3,0.0,4
ORD-0000208,PRD-0268,2026-07-06 02:00:00,1,0.0,5
ORD-0000209,PRD-0143,2026-08-19 18:00:00,1,0.05,5
ORD-0000210,PRD-0059,2026-06-24 20:00:00,2,0.0,3
ORD-0000211,PRD-0410,2026-07-18 04:00:00,3,0.0,5
ORD-0000212,PRD-0489,2026-08-29 17:00:00,4,0.0,5
ORD-0000213,PRD-0365,2026-01-11 02:00:00,2,0.0,3
ORD-0000214,PRD-0026,2026-04-27 16:00:00,3,0.0,3
ORD-0000215,PRD-0047,2026-07-11 23:00:00,3,0.0,5
ORD-0000216,PRD-0288,2026-05-01 16:00:00,4,0.05,4
ORD-0000217,PRD-0266,2026-04-19 10:00:00,2,0.0,3
ORD-0000218,PRD-0016,2026-04-05 17:00:00,2,0.1,4
ORD-0000219,PRD-0199,2026-03-06 05:00:00,4,0.0,4
ORD-0000220,PRD-0401,2026-04-26 05:00:00,2,0.0,5
ORD-0000221,PRD-0407,2026-03-30 02:00:00,1,0.0,4
ORD-0000222,PRD-0282,2026-07-07 03:00:00,4,0.05,4
ORD-0000223,PRD-0469,2026-07-16 03:00:00,3,0.0,3
ORD-0000224,PRD-0086,2026-05-09 11:00:00,4,0.0,4
ORD-0000225,PRD-0250,2026-08-12 04:00:00,1,0.0,2
ORD-0000226,PRD-0391,2026-03-19 09:00:00,4,0.0,5
ORD-0000227,PRD-0270,2026-02-02 01:00:00,3,0.2,3
ORD-0000228,PRD-0335,2026-03-01 06:00:00,3,0.0,5
ORD-0000229,PRD-0117,2026-01-17 22:00:00,4,0.05,4
ORD-0000230,PRD-0007,2026-05-04 20:00:00,4,0.05,4
ORD-0000231,PRD-0137,2026-03-20 00:00:00,1,0.0,4
ORD-0000232,PRD-0371,2026-08-22 07:00:00,1,0.0,5
ORD-0000233,PRD-0176,2026-04-23 06:00:00,3,0.05,5
ORD-0000234,PRD-0328,2026-04-05 13:00:00,2,0.0,4
ORD-0000235,PRD-0498,2026-08-08 19:00:00,2,0.0,4
ORD-0000236,PRD-0315,2026-07-17 21:00:00,2,0.05,5
ORD-0000237,PRD-0215,2026-02-19 05:00:00,2,0.05,3
ORD-0000238,PRD-0477,2026-07-31 08:00:00,3,0.05,5
ORD-0000239,PRD-0082,2026-03-01 23:00:00,2,0.05,2
ORD-0000240,PRD-0223,2026-05-08 05:00:00,2,0.0,5
ORD-0000241,PRD-0478,2026-08-16 15:00:00,4,0.0,5
ORD-0000242,PRD-0372,2026-05-19 21:00:00,2,0.0,3
ORD-0000243,PRD-0423,2026-05-01 17:00:00,4,0.05,5
ORD-0000244,PRD-0483,2026-05-01 23:00:00,3,0.2,4
ORD-0000245,PRD-0402,2026-01-10 12:00:00,4,0.0,4
ORD-0000246,PRD-0443,2026-06-14 23:00:00,1,0.0,4
ORD-0000247,PRD-0490,2026-03-20 21:00:00,4,0.0,4
ORD-0000248,PRD-0103,2026-02-24 17:00:00,2,0.1,2
ORD-0000249,PRD-0273,2026-02-14 14:00:00,4,0.0,5
ORD-0000250,PRD-0014,2026-02-10 14:00:00,4,0.0,5
ORD-0000251,PRD-0159,2026-03-14 10:00:00,3,0.2,3
ORD-0000252,PRD-0152,2026-05-17 21:00:00,3,0.1,5
ORD-0000253,PRD-0483,2026-02-01 13:00:00,2,0.0,4
ORD-0000254,PRD-0108,2026-05-09 23:00:00,1,0.2,5
ORD-0000255,PRD-0188,2026-01-14 08:00:00,1,0.0,4
ORD-0000256,PRD-0301,2026-04-07 17:00:00,4,0.0,5
ORD-0000257,PRD-0098,2026-01-24 03:00:00,1,0.0,5
ORD-0000258,PRD-0131,2026-07-25 19:00:00,3,0.1,5
ORD-0000259,PRD-0293,2026-08-15 08:00:00,2,0.05,4
ORD-0000260,PRD-0171,2026-02-27 18:00:00,2,0.0,4
ORD-0000261,PRD-0424,2026-07-18 11:00:00,3,0.2,4
ORD-0000262,PRD-0474,2026-05-07 23:00:00,2,0.0,3
ORD-0000263,PRD-0183,2026-04-12 03:00:00,4,0.05,4
ORD-0000264,PRD-0471,2026-03-25 12:00:00,2,0.05,5
ORD-0000265,PRD-0364,2026-03-22 10:00:00,1,0.0,5
ORD-0000266,PRD-0039,2026-07-21 17:00:00,2,0.0,4
ORD-0000267,PRD-0015,2026-07-18 18:00:00,2,0.1,4
ORD-0000268,PRD-0376,2026-04-01 03:00:00,3,0.0,5
ORD-0000269,PRD-0497,2026-08-04 01:00:00,3,0.05,5
ORD-0000270,PRD-0004,2026-06-11 03:00:00,1,0.0,4
ORD-0000271,PRD-0349,2026-04-12 02:00:00,3,0.05,1
ORD-0000272,PRD-0470,2026-06-08 01:00:00,1,0.0,5
ORD-0000273,PRD-0409,2026-04-15 17:00:00,4,0.0,5
ORD-0000274,PRD-0397,2026-06-08 11:00:00,1,0.0,1
ORD-0000275,PRD-0210,2026-04-07 23:00:00,2,0.1,5
ORD-0000276,PRD-0161,2026-01-26 17:00:00,1,0.0,5
ORD-0000277,PRD-0016,2026-04-01 05:00:00,4,0.0,4
ORD-0000278,PRD-0493,2026-05-18 20:00:00,2,0.2,5
ORD-0000279,PRD-0426,2026-02-11 08:00:00,1,0.05,4
ORD-0000280,PRD-0108,2026-08-15 00:00:00,3,0.0,5
ORD-0000281,PRD-0382,2026-02-27 09:00:00,3,0.2,5
ORD-0000282,PRD-0450,2026-07-02 13:00:00,3,0.05,4
ORD-0000283,PRD-0311,2026-05-13 06:00:00,1,0.0,5
ORD-0000284,PRD-0227,2026-07-19 06:00:00,1,0.0,5
ORD-0000285,PRD-0170,2026-02-24 09:00:00,4,0.05,5
ORD-0000286,PRD-0034,2026-08-20 16:00:00,2,0.05,4
ORD-0000287,PRD-0414,2026-07-21 09:00:00,2,0.0,2
ORD-0000288,PRD-0251,2026-05-09 06:00:00,2,0.0,5
ORD-0000289,PRD-0247,2026-04-22 22:00:00,2,0.0,5
ORD-0000290,PRD-0269,2026-05-05 07:00:00,1,0.0,5
ORD-0000291,PRD-0141,2026-04-16 03:00:00,1,0.0,3
ORD-0000292,PRD-0274,2026-05-30 06:00:00,4,0.0,4
ORD-0000293,PRD-0416,2026-03-03 21:00:00,2,0.05,3
ORD-0000294,PRD-0096,2026-03-29 12:00:00,1,0.05,5
ORD-0000295,PRD-0227,2026-07-10 21:00:00,1,0.0,5
ORD-0000296,PRD-0379,2026-06-04 19:00:00,1,0.0,5
ORD-0000297,PRD-0039,2026-08-22 17:00:00,1,0.0,3
ORD-0000298,PRD-0302,2026-03-25 09:00:00,2,0.0,3
ORD-0000299,PRD-0500,2026-02-27 19:00:00,2,0.2,5
ORD-0000300,PRD-0029,2026-05-13 15:00:00,1,0.05,5
ORD-0000301,PRD-0446,2026-02-12 22:00:00,3,0.0,5
ORD-0000302,PRD-0497,2026-03-15 13:00:00,4,0.0,4
ORD-0000303,PRD-0477,2026-07-18 11:00:00,2,0.0,4
ORD-0000304,PRD-0318,2026-02-20 20:00:00,2,0.05,1
ORD-0000305,PRD-0245,2026-07-25 10:00:00,3,0.0,5
ORD-0000306,PRD-0236,2026-07-27 03:00:00,2,0.1,4
ORD-0000307,PRD-0185,2026-06-08 14:00:00,3,0.05,5
ORD-0000308,PRD-0272,2026-04-11 14:00:00,3,0.0,5
ORD-0000309,PRD-0440,2026-08-01 09:00:00,1,0.1,4
ORD-0000310,PRD-0236,2026-07-01 01:00:00,2,0.05,4
ORD-0000311,PRD-0239,2026-03-09 10:00:00,4,0.05,5
ORD-0000312,PRD-0377,2026-02-22 15:00:00,3,0.2,1
ORD-0000313,PRD-0266,2026-02-06 07:00:00,4,0.0,4
ORD-0000314,PRD-0414,2026-02-04 18:00:00,1,0.0,5
ORD-0000315,PRD-0409,2026-04-28 14:00:00,2,0.1,5
ORD-0000316,PRD-0359,2026-02-08 06:00:00,1,0.05,5
ORD-0000317,PRD-0340,2026-03-13 20:00:00,1,0.2,4
ORD-0000318,PRD-0389,2026-04-11 13:00:00,4,0.0,5
ORD-0000319,PRD-0065,2026-02-24 17:00:00,4,0.05,4
ORD-0000320,PRD-0478,2026-07-07 10:00:00,3,0.0,4
ORD-0000321,PRD-0177,2026-03-29 17:00:00,2,0.0,3
ORD-0000322,PRD-0003,2026-04-18 00:00:00,1,0.0,3
ORD-0000323,PRD-0429,2026-08-14 23:00:00,3,0.0,5
ORD-0000324,PRD-0142,2026-02-17 10:00:00,3,0.0,5
ORD-0000325,PRD-0376,2026-01-09 17:00:00,1,0.05,5
ORD-0000326,PRD-0158,2026-02-14 08:00:00,1,0.0,5
ORD-0000327,PRD-0498,2026-07-24 15:00:00,3,0.0,4
ORD-0000328,PRD-0324,2026-04-03 12:00:00,1,0.0,1
ORD-0000329,PRD-0146,2026-01-10 17:00:00,1,0.0,5
ORD-0000330,PRD-0446,2026-02-03 00:00:00,4,0.2,5
ORD-0000331,PRD-0293,2026-08-26 21:00:00,2,0.0,4
ORD-0000332,PRD-0153,2026-05-10 14:00:00,3,0.0,2
ORD-0000333,PRD-0432,2026-04-01 06:00:00,1,0.1,4
ORD-0000334,PRD-0193,2026-01-14 22:00:00,3,0.05,4
ORD-0000335,PRD-0437,2026-02-26 15:00:00,2,0.05,4
ORD-0000336,PRD-0494,2026-08-27 23:00:00,3,0.05,4
ORD-0000337,PRD-0463,2026-08-05 09:00:00,3,0.2,4
ORD-0000338,PRD-0073,2026-02-20 14:00:00,3,0.0,4
ORD-0000339,PRD-0399,2026-07-04 03:00:00,4,0.2,4
ORD-0000340,PRD-0305,2026-01-12 19:00:00,2,0.1,5
ORD-0000341,PRD-0377,2026-01-09 20:00:00,2,0.0,5
ORD-0000342,PRD-0344,2026-03-11 02:00:00,3,0.05,5
ORD-0000343,PRD-0452,2026-06-19 22:00:00,3,0.05,5
ORD-0000344,PRD-0140,2026-07-29 08:00:00,2,0.0,5
ORD-0000345,PRD-0187,2026-07-21 23:00:00,1,0.0,4
ORD-0000346,PRD-0293,2026-03-01 01:00:00,4,0.2,4
ORD-0000347,PRD-0061,2026-04-10 10:00:00,2,0.0,5
ORD-0000348,PRD-0485,2026-08-03 05:00:00,3,0.0,5
ORD-0000349,PRD-0427,2026-03-16 18:00:00,1,0.05,4
ORD-0000350,PRD-0380,2026-01-05 08:00:00,1,0.0,5
ORD-0000351,PRD-0198,2026-08-21 17:00:00,1,0.0,4
ORD-0000352,PRD-0295,2026-08-21 10:00:00,4,0.05,4
ORD-0000353,PRD-0440,2026-08-20 07:00:00,4,0.05,4
ORD-0000354,PRD-0319,2026-07-22 17:00:00,2,0.0,4
ORD-0000355,PRD-0302,2026-06-12 05:00:00,2,0.2,1
ORD-0000356,PRD-0344,2026-06-10 05:00:00,2,0.0,5
ORD-0000357,PRD-0011,2026-06-03 18:00:00,2,0.0,4
ORD-0000358,PRD-0062,2026-05-18 04:00:00,3,0.0,2
ORD-0000359,PRD-0333,2026-01-16 18:00:00,4,0.05,2
ORD-0000360,PRD-0226,2026-05-18 05:00:00,1,0.0,5
ORD-0000361,PRD-0153,2026-05-19 17:00:00,3,0.0,5
ORD-0000362,PRD-0199,2026-07-20 08:00:00,2,0.1,3
ORD-0000363,PRD-0052,2026-05-24 06:00:00,2,0.0,2
ORD-0000364,PRD-0260,2026-08-16 20:00:00,3,0.05,4
ORD-0000365,PRD-0059,2026-01-10 08:00:00,1,0.0,5
ORD-0000366,PRD-0072,2026-01-31 17:00:00,4,0.2,4
ORD-0000367,PRD-0148,2026-01-10 19:00:00,4,0.0,4
ORD-0000368,PRD-0349,2026-06-28 06:00:00,1,0.0,4
ORD-0000369,PRD-0063,2026-01-30 15:00:00,4,0.0,4
ORD-0000370,PRD-0310,2026-03-20 16:00:00,2,0.1,5
ORD-0000371,PRD-0373,2026-07-16 14:00:00,2,0.1,1
ORD-0000372,PRD-0243,2026-02-22 11:00:00,2,0.0,4
ORD-0000373,PRD-0493,2026-08-07 14:00:00,2,0.05,5
ORD-0000374,PRD-0366,2026-02-01 04:00:00,1,0.0,5
ORD-0000375,PRD-0330,2026-06-16 02:00:00,4,0.2,3
ORD-0000376,PRD-0107,2026-05-28 23:00:00,4,0.2,5
ORD-0000377,PRD-0226,2026-01-22 05:00:00,3,0.2,5
ORD-0000378,PRD-0313,2026-08-25 07:00:00,1,0.1,4
ORD-0000379,PRD-0218,2026-03-17 23:00:00,4,0.2,4
ORD-0000380,PRD-0425,2026-07-23 08:00:00,4,0.0,4
ORD-0000381,PRD-0241,2026-05-03 13:00:00,3,0.1,3
ORD-0000382,PRD-0259,2026-06-26 08:00:00,2,0.05,4
ORD-0000383,PRD-0376,2026-03-30 22:00:00,4,0.2,5
ORD-0000384,PRD-0262,2026-03-16 01:00:00,2,0.0,5
ORD-0000385,PRD-0005,2026-02-20 22:00:00,3,0.0,4
ORD-0000386,PRD-0261,2026-08-15 05:00:00,4,0.0,4
ORD-0000387,PRD-0054,2026-06-02 19:00:00,2,0.05,4
ORD-0000388,PRD-0047,2026-03-16 01:00:00,1,0.0,5
ORD-0000389,PRD-0215,2026-02-24 08:00:00,2,0.0,5
ORD-0000390,PRD-0177,2026-07-22 11:00:00,2,0.0,4
ORD-0000391,PRD-0009,2026-01-30 05:00:00,2,0.0,5
ORD-0000392,PRD-0099,2026-05-05 13:00:00,2,0.0,4
ORD-0000393,PRD-0020,2026-01-07 07:00:00,1,0.0,5
ORD-0000394,PRD-0378,2026-02-25 05:00:00,3,0.2,3
ORD-0000395,PRD-0241,2026-02-24 05:00:00,2,0.05,4
ORD-0000396,PRD-0061,2026-06-05 02:00:00,2,0.0,4
ORD-0000397,PRD-0379,2026-03-13 07:00:00,4,0.05,5
ORD-0000398,PRD-0490,2026-08-02 15:00:00,4,0.05,5
ORD-0000399,PRD-0419,2026-02-03 14:00:00,1,0.0,5
ORD-0000400,PRD-0178,2026-06-30 10:00:00,1,0.0,3
ORD-0000401,PRD-0338,2026-04-24 10:00:00,1,0.05,4
ORD-0000402,PRD-0062,2026-07-14 00:00:00,4,0.0,4
ORD-0000403,PRD-0145,2026-02-25 05:00:00,2,0.05,5
ORD-0000404,PRD-0216,2026-06-22 05:00:00,4,0.0,5
ORD-0000405,PRD-0003,2026-02-18 07:00:00,3,0.0,5
ORD-0000406,PRD-0160,2026-04-30 13:00:00,1,0.2,5
ORD-0000407,PRD-0227,2026-07-08 04:00:00,1,0.0,5
ORD-0000408,PRD-0486,2026-02-21 18:00:00,1,0.05,5
ORD-0000409,PRD-0269,2026-01-15 11:00:00,3,0.0,4
ORD-0000410,PRD-0120,2026-03-18 07:00:00,2,0.0,5
ORD-0000411,PRD-0381,2026-03-07 09:00:00,2,0.0,5
ORD-0000412,PRD-0495,2026-06-13 23:00:00,2,0.0,4
ORD-0000413,PRD-0089,2026-03-21 22:00:00,1,0.0,5
ORD-0000414,PRD-0329,2026-05-15 16:00:00,2,0.0,4
ORD-0000415,PRD-0068,2026-06-06 14:00:00,4,0.0,3
ORD-0000416,PRD-0398,2026-04-09 03:00:00,1,0.05,5
ORD-0000417,PRD-0357,2026-02-28 05:00:00,3,0.0,3
ORD-0000418,PRD-0098,2026-04-26 20:00:00,3,0.1,4
ORD-0000419,PRD-0267,2026-03-18 00:00:00,2,0.0,5
ORD-0000420,PRD-0105,2026-04-14 19:00:00,1,0.0,2
ORD-0000421,PRD-0440,2026-06-19 04:00:00,4,0.05,1
ORD-0000422,PRD-0323,2026-08-10 20:00:00,4,0.0,5
ORD-0000423,PRD-0123,2026-01-17 20:00:00,1,0.0,4
ORD-0000424,PRD-0476,2026-03-13 17:00:00,2,0.0,4
ORD-0000425,PRD-0029,2026-08-10 12:00:00,3,0.1,4
ORD-0000426,PRD-0137,2026-04-28 17:00:00,3,0.05,2
ORD-0000427,PRD-0195,2026-06-10 05:00:00,4,0.0,1
ORD-0000428,PRD-0409,2026-06-25 10:00:00,4,0.0,5
ORD-0000429,PRD-0226,2026-05-14 00:00:00,4,0.1,4
ORD-0000430,PRD-0332,2026-08-29 12:00:00,3,0.0,4
ORD-0000431,PRD-0170,2026-01-03 16:00:00,4,0.0,5
ORD-0000432,PRD-0009,2026-02-24 03:00:00,3,0.0,5
ORD-0000433,PRD-0463,2026-07-25 00:00:00,3,0.0,3
ORD-0000434,PRD-0040,2026-02-28 23:00:00,2,0.0,5
ORD-0000435,PRD-0025,2026-05-30 17:00:00,2,0.1,5
ORD-0000436,PRD-0261,2026-02-10 08:00:00,2,0.0,5
ORD-0000437,PRD-0395,2026-01-16 08:00:00,4,0.0,5
ORD-0000438,PRD-0443,2026-01-10 16:00:00,3,0.2,4
ORD-0000439,PRD-0226,2026-04-04 10:00:00,4,0.0,3
ORD-0000440,PRD-0472,2026-07-28 10:00:00,3,0.0,4
ORD-0000441,PRD-0124,2026-05-09 11:00:00,2,0.0,5
ORD-0000442,PRD-0463,2026-02-08 08:00:00,2,0.05,5
ORD-0000443,PRD-0038,2026-01-29 16:00:00,4,0.0,2
ORD-0000444,PRD-0328,2026-06-28 00:00:00,3,0.0,2
ORD-0000445,PRD-0251,2026-08-02 18:00:00,4,0.2,5
ORD-0000446,PRD-0389,2026-03-03 05:00:00,1,0.1,3
ORD-0000447,PRD-0176,2026-07-16 21:00:00,4,0.05,4
ORD-0000448,PRD-0090,2026-06-27 11:00:00,2,0.0,5
ORD-0000449,PRD-0402,2026-05-31 22:00:00,3,0.0,4
ORD-0000450,PRD-0454,2026-03-29 12:00:00,3,0.0,3
ORD-0000451,PRD-0037,2026-04-05 09:00:00,4,0.0,4
ORD-0000452,PRD-0316,2026-06-07 21:00:00,2,0.05,5
ORD-0000453,PRD-0176,2026-02-04 07:00:00,1,0.0,4
ORD-0000454,PRD-0461,2026-05-23 23:00:00,4,0.1,5
ORD-0000455,PRD-0284,2026-06-22 23:00:00,3,0.0,4
ORD-0000456,PRD-0453,2026-06-25 13:00:00,2,0.0,5
ORD-0000457,PRD-0461,2026-02-03 05:00:00,3,0.05,3
ORD-0000458,PRD-0081,2026-02-02 11:00:00,3,0.0,4
ORD-0000459,PRD-0114,2026-04-29 18:00:00,3,0.1,5
ORD-0000460,PRD-0040,2026-05-01 12:00:00,3,0.2,4
ORD-0000461,PRD-0301,2026-08-19 14:00:00,1,0.0,5
ORD-0000462,PRD-0224,2026-03-20 21:00:00,2,0.0,3
ORD-0000463,PRD-0318,2026-05-18 18:00:00,4,0.0,3
ORD-0000464,PRD-0349,2026-05-01 22:00:00,2,0.05,5
ORD-0000465,PRD-0115,2026-07-20 03:00:00,2,0.0,5
ORD-0000466,PRD-0186,2026-08-05 15:00:00,2,0.05,3
ORD-0000467,PRD-0323,2026-06-04 22:00:00,4,0.0,5
ORD-0000468,PRD-0056,2026-01-01 21:00:00,2,0.05,4
ORD-0000469,PRD-0040,2026-03-04 12:00:00,4,0.05,3
ORD-0000470,PRD-0354,2026-02-05 02:00:00,4,0.0,4
ORD-0000471,PRD-0040,2026-03-15 08:00:00,1,0.0,3
ORD-0000472,PRD-0347,2026-06-01 17:00:00,3,0.0,2
ORD-0000473,PRD-0461,2026-08-06 04:00:00,4,0.0,5
ORD-0000474,PRD-0237,2026-01-08 23:00:00,3,0.0,4
ORD-0000475,PRD-0289,2026-08-02 02:00:00,2,0.0,4
ORD-0000476,PRD-0262,2026-08-06 14:00:00,3,0.2,5
ORD-0000477,PRD-0216,2026-01-17 11:00:00,3,0.2,4
ORD-0000478,PRD-0147,2026-08-02 02:00:00,3,0.1,3
ORD-0000479,PRD-0336,2026-07-14 06:00:00,2,0.0,4
ORD-0000480,PRD-0168,2026-06-30 06:00:00,2,0.05,4
ORD-0000481,PRD-0092,2026-02-06 09:00:00,4,0.0,4
ORD-0000482,PRD-0353,2026-04-20 05:00:00,4,0.0,4
ORD-0000483,PRD-0059,2026-06-30 15:00:00,1,0.0,5
ORD-0000484,PRD-0059,2026-01-04 17:00:00,2,0.0,5
ORD-0000485,PRD-0304,2026-04-05 23:00:00,1,0.0,5
ORD-0000486,PRD-0169,2026-01-20 00:00:00,2,0.0,5
ORD-0000487,PRD-0269,2026-04-06 00:00:00,3,0.2,4
ORD-0000488,PRD-0363,2026-07-05 09:00:00,1,0.0,3
ORD-0000489,PRD-0045,2026-02-11 20:00:00,1,0.2,5
ORD-0000490,PRD-0345,2026-08-16 04:00:00,1,0.0,3
ORD-0000491,PRD-0181,2026-07-08 22:00:00,2,0.0,2
ORD-0000492,PRD-0170,2026-08-17 22:00:00,4,0.0,5
ORD-0000493,PRD-0356,2026-01-15 08:00:00,1,0.05,4
ORD-0000494,PRD-0191,2026-04-23 23:00:00,4,0.0,5
ORD-0000495,PRD-0155,2026-07-18 00:00:00,2,0.0,4
ORD-0000496,PRD-0422,2026-04-13 14:00:00,1,0.0,5
ORD-0000497,PRD-0188,2026-02-16 12:00:00,2,0.0,5
ORD-0000498,PRD-0007,2026-01-27 01:00:00,4,0.05,2
ORD-0000499,PRD-0133,2026-07-02 11:00:00,4,0.0,5
ORD-0000500,PRD-0235,2026-03-24 11:00:00,1,0.0,5
ORD-0000501,PRD-0045,2026-06-16 10:00:00,4,0.1,5
ORD-0000502,PRD-0314,2026-03-11 22:00:00,3,0.0,4
ORD-0000503,PRD-0249,2026-01-10 06:00:00,3,0.05,4
ORD-0000504,PRD-0499,2026-01-31 23:00:00,1,0.05,4
ORD-0000505,PRD-0031,2026-01-20 06:00:00,2,0.2,4
ORD-0000506,PRD-0023,2026-03-07 08:00:00,2,0.0,5
ORD-0000507,PRD-0426,2026-05-20 11:00:00,2,0.05,4
ORD-0000508,PRD-0394,2026-08-30 17:00:00,3,0.0,2
ORD-0000509,PRD-0160,2026-08-08 03:00:00,4,0.05,3
ORD-0000510,PRD-0363,2026-03-14 08:00:00,3,0.0,5
ORD-0000511,PRD-0437,2026-08-03 06:00:00,4,0.0,5
ORD-0000512,PRD-0158,2026-06-18 07:00:00,3,0.1,5
ORD-0000513,PRD-0039,2026-06-14 15:00:00,2,0.0,5
ORD-0000514,PRD-0415,2026-01-28 16:00:00,2,0.1,5
ORD-0000515,PRD-0082,2026-02-26 12:00:00,2,0.1,5
ORD-0000516,PRD-0356,2026-02-12 06:00:00,1,0.0,3
ORD-0000517,PRD-0258,2026-03-30 20:00:00,1,0.0,3
ORD-0000518,PRD-0206,2026-04-22 04:00:00,4,0.0,5
ORD-0000519,PRD-0077,2026-02-13 22:00:00,1,0.2,4
ORD-0000520,PRD-0477,2026-03-15 12:00:00,3,0.0,5
ORD-0000521,PRD-0012,2026-07-05 18:00:00,3,0.0,4
ORD-0000522,PRD-0295,2026-04-30 13:00:00,4,0.05,5
ORD-0000523,PRD-0450,2026-02-28 20:00:00,4,0.2,1
ORD-0000524,PRD-0224,2026-01-28 19:00:00,2,0.05,1
ORD-0000525,PRD-0013,2026-05-21 10:00:00,1,0.05,5
ORD-0000526,PRD-0046,2026-02-28 02:00:00,2,0.0,3
ORD-0000527,PRD-0155,2026-01-05 02:00:00,1,0.0,5
ORD-0000528,PRD-0113,2026-06-19 14:00:00,1,0.0,5
ORD-0000529,PRD-0233,2026-01-18 13:00:00,4,0.1,5
ORD-0000530,PRD-0017,2026-08-22 07:00:00,2,0.05,5
ORD-0000531,PRD-0360,2026-06-02 02:00:00,2,0.05,4
ORD-0000532,PRD-0223,2026-06-23 05:00:00,1,0.05,5
ORD-0000533,PRD-0354,2026-02-17 04:00:00,1,0.0,3
ORD-0000534,PRD-0188,2026-03-12 22:00:00,4,0.0,4
ORD-0000535,PRD-0448,2026-05-31 20:00:00,3,0.0,5
ORD-0000536,PRD-0344,2026-05-13 22:00:00,2,0.0,5
ORD-0000537,PRD-0365,2026-01-25 21:00:00,2,0.05,4
ORD-0000538,PRD-0163,2026-01-17 07:00:00,4,0.0,3
ORD-0000539,PRD-0496,2026-02-14 19:00:00,4,0.05,5
ORD-0000540,PRD-0326,2026-04-21 10:00:00,2,0.05,4
ORD-0000541,PRD-0467,2026-08-14 08:00:00,2,0.0,5
ORD-0000542,PRD-0414,2026-04-10 08:00:00,1,0.0,5
ORD-0000543,PRD-0455,2026-02-03 17:00:00,3,0.0,4
ORD-0000544,PRD-0074,2026-05-18 21:00:00,2,0.0,1
ORD-0000545,PRD-0233,2026-08-18 05:00:00,4,0.05,4
ORD-0000546,PRD-0224,2026-06-05 18:00:00,1,0.0,5
ORD-0000547,PRD-0482,2026-02-18 07:00:00,1,0.1,5
ORD-0000548,PRD-0319,2026-03-05 19:00:00,4,0.05,5
ORD-0000549,PRD-0412,2026-08-17 09:00:00,4,0.0,4
ORD-0000550,PRD-0060,2026-07-27 08:00:00,1,0.05,5
ORD-0000551,PRD-0335,2026-08-26 07:00:00,4,0.05,4
ORD-0000552,PRD-0222,2026-04-22 18:00:00,1,0.05,5
ORD-0000553,PRD-0037,2026-01-11 13:00:00,4,0.0,4
ORD-0000554,PRD-0477,2026-05-28 20:00:00,1,0.0,5
ORD-0000555,PRD-0278,2026-05-13 17:00:00,2,0.0,5
ORD-0000556,PRD-0196,2026-08-08 08:00:00,2,0.0,4
ORD-0000557,PRD-0404,2026-02-21 07:00:00,4,0.05,5
ORD-0000558,PRD-0352,2026-04-11 23:00:00,3,0.05,4
ORD-0000559,PRD-0484,2026-05-29 23:00:00,2,0.2,3
ORD-0000560,PRD-0242,2026-06-27 13:00:00,1,0.0,2
ORD-0000561,PRD-0324,2026-03-07 13:00:00,3,0.0,5
ORD-0000562,PRD-0219,2026-05-02 04:00:00,1,0.05,5
ORD-0000563,PRD-0192,2026-07-16 08:00:00,1,0.0,5
ORD-0000564,PRD-0017,2026-03-09 17:00:00,2,0.0,5
ORD-0000565,PRD-0012,2026-06-16 14:00:00,4,0.0,3
ORD-0000566,PRD-0406,2026-06-11 19:00:00,4,0.0,2
ORD-0000567,PRD-0401,2026-05-27 11:00:00,1,0.05,4
ORD-0000568,PRD-0394,2026-05-22 19:00:00,2,0.0,5
ORD-0000569,PRD-0374,2026-07-11 14:00:00,1,0.05,5
ORD-0000570,PRD-0193,2026-07-28 16:00:00,3,0.1,4
ORD-0000571,PRD-0022,2026-07-15 00:00:00,1,0.0,5
ORD-0000572,PRD-0474,2026-03-23 14:00:00,2,0.2,5
ORD-0000573,PRD-0120,2026-06-17 01:00:00,1,0.0,1
ORD-0000574,PRD-0210,2026-04-24 23:00:00,2,0.2,5
ORD-0000575,PRD-0306,2026-07-07 03:00:00,4,0.0,5
ORD-0000576,PRD-0270,2026-08-27 15:00:00,2,0.05,4
ORD-0000577,PRD-0192,2026-05-13 06:00:00,3,0.0,5
ORD-0000578,PRD-0175,2026-01-17 17:00:00,2,0.05,4
ORD-0000579,PRD-0285,2026-02-10 14:00:00,3,0.05,2
ORD-0000580,PRD-0204,2026-01-10 07:00:00,3,0.0,3
ORD-0000581,PRD-0164,2026-07-12 05:00:00,1,0.2,5
ORD-0000582,PRD-0251,2026-01-10 19:00:00,3,0.0,4
ORD-0000583,PRD-0227,2026-05-26 18:00:00,2,0.0,5
ORD-0000584,PRD-0436,2026-06-25 11:00:00,4,0.05,5
ORD-0000585,PRD-0381,2026-05-15 18:00:00,2,0.05,4
ORD-0000586,PRD-0460,2026-01-10 09:00:00,4,0.0,5
ORD-0000587,PRD-0007,2026-04-05 21:00:00,3,0.0,4
ORD-0000588,PRD-0029,2026-06-28 05:00:00,1,0.2,5
ORD-0000589,PRD-0395,2026-02-25 21:00:00,3,0.05,3
ORD-0000590,PRD-0033,2026-06-18 04:00:00,3,0.0,5
ORD-0000591,PRD-0134,2026-01-09 17:00:00,4,0.0,5
ORD-0000592,PRD-0367,2026-06-05 07:00:00,2,0.2,5
ORD-0000593,PRD-0079,2026-08-18 15:00:00,1,0.05,4
ORD-0000594,PRD-0416,2026-06-13 16:00:00,1,0.2,5
ORD-0000595,PRD-0435,2026-07-27 21:00:00,1,0.0,4
ORD-0000596,PRD-0459,2026-04-27 19:00:00,1,0.05,4
ORD-0000597,PRD-0058,2026-02-16 05:00:00,2,0.05,3
ORD-0000598,PRD-0471,2026-03-26 10:00:00,1,0.0,3
ORD-0000599,PRD-0026,2026-01-17 09:00:00,4,0.0,5
ORD-0000600,PRD-0482,2026-02-05 03:00:00,4,0.05,5
ORD-0000601,PRD-0430,2026-03-05 12:00:00,1,0.0,4
ORD-0000602,PRD-0226,2026-01-26 03:00:00,1,0.1,5
ORD-0000603,PRD-0285,2026-01-25 05:00:00,2,0.1,2
ORD-0000604,PRD-0004,2026-03-22 19:00:00,2,0.1,5
ORD-0000605,PRD-0465,2026-01-06 12:00:00,1,0.1,5
ORD-0000606,PRD-0099,2026-04-29 06:00:00,2,0.0,5
ORD-0000607,PRD-0397,2026-05-22 01:00:00,3,0.0,4
ORD-0000608,PRD-0489,2026-06-07 02:00:00,1,0.1,5
ORD-0000609,PRD-0039,2026-04-05 12:00:00,2,0.0,4
ORD-0000610,PRD-0271,2026-02-10 15:00:00,4,0.0,5
ORD-0000611,PRD-0375,2026-03-17 13:00:00,1,0.0,5
ORD-0000612,PRD-0285,2026-05-16 23:00:00,1,0.0,5
ORD-0000613,PRD-0157,2026-03-06 07:00:00,4,0.05,2
ORD-0000614,PRD-0075,2026-04-29 03:00:00,4,0.0,5
ORD-0000615,PRD-0372,2026-04-25 02:00:00,2,0.0,5
ORD-0000616,PRD-0288,2026-02-26 13:00:00,4,0.2,5
ORD-0000617,PRD-0130,2026-06-22 06:00:00,3,0.05,5
ORD-0000618,PRD-0175,2026-02-24 20:00:00,1,0.05,5
ORD-0000619,PRD-0462,2026-01-07 17:00:00,3,0.05,5
ORD-0000620,PRD-0084,2026-03-21 13:00:00,2,0.1,4
ORD-0000621,PRD-0022,2026-02-16 23:00:00,4,0.05,5
ORD-0000622,PRD-0459,2026-06-11 06:00:00,1,0.0,3
ORD-0000623,PRD-0027,2026-03-11 02:00:00,4,0.2,5
ORD-0000624,PRD-0195,2026-05-11 05:00:00,4,0.0,5
ORD-0000625,PRD-0337,2026-03-23 19:00:00,2,0.2,3
ORD-0000626,PRD-0382,2026-08-03 17:00:00,2,0.0,5
ORD-0000627,PRD-0236,2026-04-06 09:00:00,2,0.0,5
ORD-0000628,PRD-0440,2026-02-10 06:00:00,2,0.0,5
ORD-0000629,PRD-0092,2026-02-07 01:00:00,1,0.0,4
ORD-0000630,PRD-0477,2026-05-08 13:00:00,3,0.05,4
ORD-0000631,PRD-0021,2026-06-01 05:00:00,3,0.2,5
ORD-0000632,PRD-0303,2026-05-13 21:00:00,1,0.2,4
ORD-0000633,PRD-0464,2026-04-25 12:00:00,4,0.2,5
ORD-0000634,PRD-0357,2026-03-11 10:00:00,1,0.0,2
ORD-0000635,PRD-0443,2026-05-08 18:00:00,3,0.2,4
ORD-0000636,PRD-0084,2026-03-02 01:00:00,3,0.0,5
ORD-0000637,PRD-0262,2026-02-14 11:00:00,1,0.1,4
ORD-0000638,PRD-0147,2026-06-25 23:00:00,2,0.0,5
ORD-0000639,PRD-0441,2026-05-02 19:00:00,4,0.0,5
ORD-0000640,PRD-0453,2026-06-27 05:00:00,1,0.2,5
ORD-0000641,PRD-0387,2026-06-10 16:00:00,3,0.2,1
ORD-0000642,PRD-0257,2026-02-04 10:00:00,2,0.05,5
ORD-0000643,PRD-0058,2026-07-11 23:00:00,4,0.05,3
ORD-0000644,PRD-0380,2026-06-16 01:00:00,3,0.0,5
ORD-0000645,PRD-0422,2026-03-29 04:00:00,4,0.05,4
ORD-0000646,PRD-0015,2026-05-13 11:00:00,2,0.05,4
ORD-0000647,PRD-0162,2026-07-09 02:00:00,3,0.0,5
ORD-0000648,PRD-0445,2026-06-12 13:00:00,2,0.0,5
ORD-0000649,PRD-0163,2026-04-09 10:00:00,1,0.0,3
ORD-0000650,PRD-0320,2026-04-03 16:00:00,1,0.05,4
ORD-0000651,PRD-0497,2026-03-13 22:00:00,4,0.0,5
ORD-0000652,PRD-0281,2026-03-25 14:00:00,2,0.0,4
ORD-0000653,PRD-0280,2026-08-30 07:00:00,2,0.0,3
ORD-0000654,PRD-0012,2026-01-12 02:00:00,4,0.0,4
ORD-0000655,PRD-0274,2026-02-04 21:00:00,4,0.05,4
ORD-0000656,PRD-0271,2026-07-11 00:00:00,4,0.05,3
ORD-0000657,PRD-0492,2026-07-19 21:00:00,1,0.0,4
ORD-0000658,PRD-0208,2026-01-29 14:00:00,4,0.0,5
ORD-0000659,PRD-0027,2026-05-21 01:00:00,1,0.0,2
ORD-0000660,PRD-0072,2026-08-01 03:00:00,4,0.1,5
ORD-0000661,PRD-0060,2026-01-15 20:00:00,2,0.0,5
ORD-0000662,PRD-0430,2026-06-08 23:00:00,2,0.0,5
ORD-0000663,PRD-0473,2026-02-06 07:00:00,4,0.05,5
ORD-0000664,PRD-0145,2026-03-24 05:00:00,4,0.0,4
ORD-0000665,PRD-0093,2026-07-13 15:00:00,1,0.1,1
ORD-0000666,PRD-0309,2026-03-17 10:00:00,3,0.0,5
ORD-0000667,PRD-0008,2026-07-04 02:00:00,1,0.05,2
ORD-0000668,PRD-0079,2026-04-21 01:00:00,2,0.0,4
ORD-0000669,PRD-0027,2026-04-03 20:00:00,4,0.0,5
ORD-0000670,PRD-0174,2026-05-22 07:00:00,2,0.0,3
ORD-0000671,PRD-0050,2026-06-24 02:00:00,3,0.1,5
ORD-0000672,PRD-0500,2026-04-08 22:00:00,1,0.2,5
ORD-0000673,PRD-0199,2026-07-01 13:00:00,2,0.0,5
ORD-0000674,PRD-0387,2026-07-23 07:00:00,1,0.1,5
ORD-0000675,PRD-0349,2026-08-10 15:00:00,4,0.05,4
ORD-0000676,PRD-0448,2026-07-28 17:00:00,2,0.2,5
ORD-0000677,PRD-0428,2026-04-25 03:00:00,3,0.1,4
ORD-0000678,PRD-0181,2026-07-29 23:00:00,1,0.0,5
ORD-0000679,PRD-0024,2026-04-24 18:00:00,1,0.05,3
ORD-0000680,PRD-0316,2026-02-24 22:00:00,3,0.0,5
ORD-0000681,PRD-0378,2026-03-05 23:00:00,2,0.0,5
ORD-0000682,PRD-0387,2026-07-19 08:00:00,2,0.0,1
ORD-0000683,PRD-0404,2026-04-12 19:00:00,1,0.2,2
ORD-0000684,PRD-0046,2026-03-15 20:00:00,3,0.2,3
ORD-0000685,PRD-0015,2026-05-14 17:00:00,1,0.05,4
ORD-0000686,PRD-0153,2026-07-25 14:00:00,1,0.2,4
ORD-0000687,PRD-0222,2026-02-06 13:00:00,4,0.1,5
ORD-0000688,PRD-0206,2026-04-30 14:00:00,2,0.0,4
ORD-0000689,PRD-0455,2026-05-14 08:00:00,2,0.0,4
ORD-0000690,PRD-0273,2026-06-22 16:00:00,4,0.0,5
ORD-0000691,PRD-0382,2026-06-06 03:00:00,2,0.0,4
ORD-0000692,PRD-0236,2026-04-29 04:00:00,2,0.0,4
ORD-0000693,PRD-0340,2026-01-13 04:00:00,2,0.0,5
ORD-0000694,PRD-0228,2026-03-10 19:00:00,3,0.1,5
ORD-0000695,PRD-0009,2026-07-12 23:00:00,4,0.1,1
ORD-0000696,PRD-0166,2026-07-03 14:00:00,1,0.05,3
ORD-0000697,PRD-0432,2026-01-23 08:00:00,3,0.2,4
ORD-0000698,PRD-0444,2026-04-22 22:00:00,1,0.0,4
ORD-0000699,PRD-0319,2026-01-10 17:00:00,4,0.1,4
ORD-0000700,PRD-0214,2026-08-11 00:00:00,4,0.0,5
ORD-0000701,PRD-0117,2026-04-21 12:00:00,4,0.0,5
ORD-0000702,PRD-0386,2026-04-09 22:00:00,2,0.2,3
ORD-0000703,PRD-0344,2026-04-05 16:00:00,3,0.0,5
ORD-0000704,PRD-0072,2026-02-10 06:00:00,4,0.0,4
ORD-0000705,PRD-0395,2026-02-07 01:00:00,1,0.0,5
ORD-0000706,PRD-0064,2026-06-10 23:00:00,2,0.05,5
ORD-0000707,PRD-0205,2026-05-22 16:00:00,2,0.2,5
ORD-0000708,PRD-0209,2026-01-02 10:00:00,3,0.0,3
ORD-0000709,PRD-0072,2026-07-09 06:00:00,3,0.1,2
ORD-0000710,PRD-0277,2026-05-27 19:00:00,3,0.0,5
ORD-0000711,PRD-0274,2026-03-15 11:00:00,2,0.0,4
ORD-0000712,PRD-0478,2026-05-18 03:00:00,4,0.0,3
ORD-0000713,PRD-0320,2026-04-14 16:00:00,1,0.05,3
ORD-0000714,PRD-0338,2026-04-23 12:00:00,4,0.0,5
ORD-0000715,PRD-0366,2026-03-06 22:00:00,1,0.0,4
ORD-0000716,PRD-0495,2026-07-15 10:00:00,4,0.0,5
ORD-0000717,PRD-0095,2026-04-05 20:00:00,3,0.0,4
ORD-0000718,PRD-0166,2026-06-16 22:00:00,1,0.05,4
ORD-0000719,PRD-0032,2026-07-04 23:00:00,2,0.0,5
ORD-0000720,PRD-0011,2026-02-15 23:00:00,1,0.0,4
ORD-0000721,PRD-0301,2026-03-01 03:00:00,2,0.0,4
ORD-0000722,PRD-0217,2026-08-14 09:00:00,4,0.0,4
ORD-0000723,PRD-0289,2026-03-03 14:00:00,3,0.05,4
ORD-0000724,PRD-0102,2026-06-13 02:00:00,1,0.0,5
ORD-0000725,PRD-0425,2026-06-05 22:00:00,2,0.0,4
ORD-0000726,PRD-0392,2026-08-07 15:00:00,4,0.0,5
ORD-0000727,PRD-0267,2026-05-04 04:00:00,3,0.0,5
ORD-0000728,PRD-0214,2026-02-27 14:00:00,3,0.1,4
ORD-0000729,PRD-0179,2026-04-18 06:00:00,3,0.05,3
ORD-0000730,PRD-0088,2026-05-22 00:00:00,4,0.05,4
ORD-0000731,PRD-0041,2026-03-07 09:00:00,4,0.0,4
ORD-0000732,PRD-0401,2026-03-20 22:00:00,4,0.05,5
ORD-0000733,PRD-0076,2026-04-04 11:00:00,3,0.1,1
ORD-0000734,PRD-0377,2026-03-19 18:00:00,1,0.0,5
ORD-0000735,PRD-0046,2026-01-02 04:00:00,2,0.05,2
ORD-0000736,PRD-0160,2026-01-30 09:00:00,4,0.05,4
ORD-0000737,PRD-0463,2026-02-12 12:00:00,1,0.0,3
ORD-0000738,PRD-0080,2026-03-27 23:00:00,2,0.0,4
ORD-0000739,PRD-0310,2026-03-02 06:00:00,3,0.05,5
ORD-0000740,PRD-0086,2026-06-02 16:00:00,1,0.0,5
ORD-0000741,PRD-0092,2026-05-05 11:00:00,3,0.05,4
ORD-0000742,PRD-0148,2026-08-28 19:00:00,2,0.1,5
ORD-0000743,PRD-0161,2026-05-31 02:00:00,4,0.1,5
ORD-0000744,PRD-0202,2026-07-30 22:00:00,3,0.0,5
ORD-0000745,PRD-0424,2026-06-03 13:00:00,1,0.0,5
ORD-0000746,PRD-0416,2026-05-21 08:00:00,4,0.0,5
ORD-0000747,PRD-0242,2026-05-30 05:00:00,1,0.05,5
ORD-0000748,PRD-0353,2026-04-26 02:00:00,2,0.1,4
ORD-0000749,PRD-0002,2026-06-18 05:00:00,2,0.05,4
ORD-0000750,PRD-0225,2026-01-24 20:00:00,4,0.0,5
ORD-0000751,PRD-0289,2026-08-26 14:00:00,1,0.2,5
ORD-0000752,PRD-0233,2026-06-20 08:00:00,1,0.2,5
ORD-0000753,PRD-0461,2026-01-26 14:00:00,1,0.0,5
ORD-0000754,PRD-0414,2026-06-18 18:00:00,1,0.0,4
ORD-0000755,PRD-0417,2026-01-14 13:00:00,2,0.05,5
ORD-0000756,PRD-0077,2026-06-05 20:00:00,1,0.05,5
ORD-0000757,PRD-0116,2026-01-15 22:00:00,2,0.2,5
ORD-0000758,PRD-0154,2026-06-07 09:00:00,1,0.0,5
ORD-0000759,PRD-0406,2026-04-09 19:00:00,1,0.0,4
ORD-0000760,PRD-0103,2026-03-13 17:00:00,3,0.05,3
ORD-0000761,PRD-0194,2026-02-26 05:00:00,3,0.1,5
ORD-0000762,PRD-0166,2026-06-04 00:00:00,1,0.1,1
ORD-0000763,PRD-0359,2026-06-12 08:00:00,2,0.2,4
ORD-0000764,PRD-0090,2026-06-27 12:00:00,1,0.0,4
ORD-0000765,PRD-0174,2026-03-08 12:00:00,3,0.1,4
ORD-0000766,PRD-0122,2026-03-09 19:00:00,1,0.0,5
ORD-0000767,PRD-0498,2026-04-15 06:00:00,3,0.0,5
ORD-0000768,PRD-0143,2026-08-08 16:00:00,1,0.0,5
ORD-0000769,PRD-0482,2026-06-08 16:00:00,4,0.1,4
ORD-0000770,PRD-0106,2026-08-07 14:00:00,1,0.2,5
ORD-0000771,PRD-0375,2026-01-09 00:00:00,2,0.0,5
ORD-0000772,PRD-0428,2026-04-22 10:00:00,3,0.0,5
ORD-0000773,PRD-0305,2026-06-10 05:00:00,4,0.1,5
ORD-0000774,PRD-0360,2026-04-18 09:00:00,3,0.05,5
ORD-0000775,PRD-0459,2026-01-04 19:00:00,3,0.2,3
ORD-0000776,PRD-0317,2026-06-26 10:00:00,2,0.0,1
ORD-0000777,PRD-0451,2026-01-21 00:00:00,1,0.0,5
ORD-0000778,PRD-0123,2026-08-16 04:00:00,2,0.0,5
ORD-0000779,PRD-0390,2026-05-02 12:00:00,1,0.0,5
ORD-0000780,PRD-0009,2026-07-04 19:00:00,4,0.0,4
ORD-0000781,PRD-0262,2026-02-14 19:00:00,2,0.0,5
ORD-0000782,PRD-0073,2026-04-15 17:00:00,2,0.0,4
ORD-0000783,PRD-0359,2026-02-03 06:00:00,3,0.0,4
ORD-0000784,PRD-0223,2026-07-10 10:00:00,2,0.2,4
ORD-0000785,PRD-0416,2026-08-20 14:00:00,1,0.0,5
ORD-0000786,PRD-0041,2026-06-14 13:00:00,2,0.0,4
ORD-0000787,PRD-0370,2026-01-26 04:00:00,2,0.1,5
ORD-0000788,PRD-0204,2026-05-05 03:00:00,4,0.05,4
ORD-0000789,PRD-0264,2026-07-24 20:00:00,1,0.05,5
ORD-0000790,PRD-0328,2026-01-25 21:00:00,3,0.05,5
ORD-0000791,PRD-0178,2026-03-05 20:00:00,1,0.1,5
ORD-0000792,PRD-0348,2026-01-22 09:00:00,4,0.1,3
ORD-0000793,PRD-0318,2026-08-23 06:00:00,1,0.05,4
ORD-0000794,PRD-0084,2026-03-20 05:00:00,1,0.1,5
ORD-0000795,PRD-0318,2026-06-15 12:00:00,2,0.0,4
ORD-0000796,PRD-0111,2026-06-10 03:00:00,2,0.0,3
ORD-0000797,PRD-0251,2026-03-12 19:00:00,1,0.1,5
ORD-0000798,PRD-0383,2026-02-12 21:00:00,1,0.0,5
ORD-0000799,PRD-0007,2026-07-11 11:00:00,3,0.2,1
ORD-0000800,PRD-0459,2026-08-29 20:00:00,4,0.0,4
ORD-0000801,PRD-0084,2026-01-30 20:00:00,2,0.0,5
ORD-0000802,PRD-0208,2026-08-07 05:00:00,2,0.2,5
ORD-0000803,PRD-0388,2026-08-22 12:00:00,2,0.0,1
ORD-0000804,PRD-0390,2026-06-20 06:00:00,2,0.2,4
ORD-0000805,PRD-0314,2026-01-28 17:00:00,1,0.2,5
ORD-0000806,PRD-0022,2026-04-03 00:00:00,1,0.1,3
ORD-0000807,PRD-0410,2026-02-14 23:00:00,3,0.0,5
ORD-0000808,PRD-0383,2026-01-10 11:00:00,2,0.05,5
ORD-0000809,PRD-0003,2026-01-07 04:00:00,2,0.1,4
ORD-0000810,PRD-0127,2026-02-14 13:00:00,1,0.05,5
ORD-0000811,PRD-0297,2026-08-08 07:00:00,3,0.05,4
ORD-0000812,PRD-0188,2026-07-16 23:00:00,1,0.2,4
ORD-0000813,PRD-0362,2026-02-26 19:00:00,2,0.05,5
ORD-0000814,PRD-0014,2026-07-07 20:00:00,2,0.2,5
ORD-0000815,PRD-0459,2026-03-15 03:00:00,4,0.0,4
ORD-0000816,PRD-0466,2026-01-22 15:00:00,4,0.0,4
ORD-0000817,PRD-0012,2026-08-16 15:00:00,4,0.0,4
ORD-0000818,PRD-0087,2026-05-28 16:00:00,3,0.0,4
ORD-0000819,PRD-0012,2026-04-07 18:00:00,1,0.05,5
ORD-0000820,PRD-0397,2026-02-15 22:00:00,2,0.0,5
ORD-0000821,PRD-0025,2026-01-25 21:00:00,2,0.2,4
ORD-0000822,PRD-0301,2026-08-28 19:00:00,3,0.0,4
ORD-0000823,PRD-0243,2026-05-17 09:00:00,2,0.0,4
ORD-0000824,PRD-0122,2026-06-18 17:00:00,2,0.0,4
ORD-0000825,PRD-0147,2026-08-29 21:00:00,1,0.0,2
ORD-0000826,PRD-0055,2026-04-19 13:00:00,4,0.0,4
ORD-0000827,PRD-0238,2026-04-02 04:00:00,4,0.0,4
ORD-0000828,PRD-0356,2026-07-21 01:00:00,3,0.05,5
ORD-0000829,PRD-0173,2026-01-25 12:00:00,4,0.0,5
ORD-0000830,PRD-0392,2026-07-06 08:00:00,4,0.0,4
ORD-0000831,PRD-0221,2026-02-28 15:00:00,3,0.05,5
ORD-0000832,PRD-0119,2026-07-21 22:00:00,3,0.0,5
ORD-0000833,PRD-0309,2026-07-16 18:00:00,4,0.0,5
ORD-0000834,PRD-0183,2026-05-22 06:00:00,1,0.0,5
ORD-0000835,PRD-0288,2026-05-24 08:00:00,3,0.0,5
ORD-0000836,PRD-0307,2026-03-09 21:00:00,2,0.05,5
ORD-0000837,PRD-0300,2026-02-11 10:00:00,3,0.0,3
ORD-0000838,PRD-0082,2026-08-25 15:00:00,2,0.1,5
ORD-0000839,PRD-0454,2026-07-19 22:00:00,3,0.2,5
ORD-0000840,PRD-0402,2026-03-27 19:00:00,3,0.0,5
ORD-0000841,PRD-0211,2026-08-08 19:00:00,4,0.2,5
ORD-0000842,PRD-0150,2026-07-10 12:00:00,4,0.0,4
ORD-0000843,PRD-0037,2026-05-05 10:00:00,4,0.0,5
ORD-0000844,PRD-0352,2026-01-17 16:00:00,1,0.0,4
ORD-0000845,PRD-0312,2026-04-29 23:00:00,4,0.0,5
ORD-0000846,PRD-0361,2026-04-03 16:00:00,4,0.05,5
ORD-0000847,PRD-0059,2026-05-23 04:00:00,3,0.0,5
ORD-0000848,PRD-0131,2026-01-03 08:00:00,3,0.1,5
ORD-0000849,PRD-0412,2026-03-20 03:00:00,1,0.05,1
ORD-0000850,PRD-0202,2026-07-09 07:00:00,2,0.0,5
ORD-0000851,PRD-0243,2026-06-29 02:00:00,3,0.05,4
ORD-0000852,PRD-0035,2026-06-07 00:00:00,3,0.2,5
ORD-0000853,PRD-0445,2026-08-28 16:00:00,2,0.0,3
ORD-0000854,PRD-0093,2026-07-21 09:00:00,1,0.0,4
ORD-0000855,PRD-0438,2026-06-29 01:00:00,3,0.0,5
ORD-0000856,PRD-0447,2026-02-26 09:00:00,4,0.0,5
ORD-0000857,PRD-0207,2026-04-11 10:00:00,1,0.0,4
ORD-0000858,PRD-0353,2026-07-27 19:00:00,2,0.0,5
ORD-0000859,PRD-0391,2026-06-29 15:00:00,2,0.05,5
ORD-0000860,PRD-0332,2026-04-19 10:00:00,4,0.05,4
ORD-0000861,PRD-0305,2026-05-03 06:00:00,4,0.0,5
ORD-0000862,PRD-0350,2026-01-01 22:00:00,4,0.0,4
ORD-0000863,PRD-0213,2026-04-02 18:00:00,1,0.0,5
ORD-0000864,PRD-0159,2026-02-20 09:00:00,2,0.0,1
ORD-0000865,PRD-0442,2026-04-06 16:00:00,4,0.0,5
ORD-0000866,PRD-0445,2026-02-01 04:00:00,4,0.2,4
ORD-0000867,PRD-0024,2026-02-03 12:00:00,2,0.0,4
ORD-0000868,PRD-0404,2026-01-06 13:00:00,3,0.0,5
ORD-0000869,PRD-0293,2026-07-04 00:00:00,1,0.0,5
ORD-0000870,PRD-0004,2026-04-12 13:00:00,3,0.1,5
ORD-0000871,PRD-0220,2026-01-19 01:00:00,4,0.05,5
ORD-0000872,PRD-0364,2026-08-03 05:00:00,1,0.0,5
ORD-0000873,PRD-0382,2026-07-27 00:00:00,3,0.0,4
ORD-0000874,PRD-0020,2026-06-02 23:00:00,2,0.0,4
ORD-0000875,PRD-0444,2026-06-05 16:00:00,4,0.0,1
ORD-0000876,PRD-0152,2026-06-18 07:00:00,1,0.2,4
ORD-0000877,PRD-0050,2026-03-29 10:00:00,1,0.05,5
ORD-0000878,PRD-0177,2026-05-02 13:00:00,1,0.05,4
ORD-0000879,PRD-0435,2026-01-11 12:00:00,1,0.0,4
ORD-0000880,PRD-0096,2026-07-30 21:00:00,4,0.0,4
ORD-0000881,PRD-0105,2026-07-21 10:00:00,4,0.1,4
ORD-0000882,PRD-0420,2026-02-17 01:00:00,2,0.0,2
ORD-0000883,PRD-0250,2026-05-17 00:00:00,2,0.2,5
ORD-0000884,PRD-0117,2026-08-15 11:00:00,2,0.0,4
ORD-0000885,PRD-0354,2026-01-13 13:00:00,3,0.0,5
ORD-0000886,PRD-0228,2026-03-24 09:00:00,2,0.05,5
ORD-0000887,PRD-0066,2026-04-26 03:00:00,4,0.0,5
ORD-0000888,PRD-0335,2026-06-16 21:00:00,3,0.0,5
ORD-0000889,PRD-0418,2026-05-16 01:00:00,4,0.0,5
ORD-0000890,PRD-0420,2026-05-08 09:00:00,3,0.05,4
ORD-0000891,PRD-0262,2026-01-23 22:00:00,2,0.0,4
ORD-0000892,PRD-0295,2026-08-21 06:00:00,2,0.0,5
ORD-0000893,PRD-0426,2026-08-14 11:00:00,2,0.05,2
ORD-0000894,PRD-0243,2026-03-08 03:00:00,3,0.0,3
ORD-0000895,PRD-0371,2026-03-17 22:00:00,4,0.2,4
ORD-0000896,PRD-0186,2026-08-08 04:00:00,1,0.0,5
ORD-0000897,PRD-0246,2026-05-15 01:00:00,4,0.05,1
ORD-0000898,PRD-0125,2026-05-26 16:00:00,2,0.0,5
ORD-0000899,PRD-0268,2026-07-03 17:00:00,3,0.05,5
ORD-0000900,PRD-0131,2026-06-28 07:00:00,3,0.05,4
ORD-0000901,PRD-0237,2026-08-29 23:00:00,2,0.2,4
ORD-0000902,PRD-0018,2026-01-30 16:00:00,3,0.0,5
ORD-0000903,PRD-0040,2026-04-01 15:00:00,2,0.0,3
ORD-0000904,PRD-0021,2026-08-14 06:00:00,4,0.05,3
ORD-0000905,PRD-0399,2026-06-19 16:00:00,3,0.0,4
ORD-0000906,PRD-0225,2026-06-10 09:00:00,1,0.0,5
ORD-0000907,PRD-0355,2026-04-12 09:00:00,3,0.2,5
ORD-0000908,PRD-0282,2026-05-18 13:00:00,2,0.0,4
ORD-0000909,PRD-0008,2026-01-12 06:00:00,1,0.2,5
ORD-0000910,PRD-0100,2026-03-16 18:00:00,2,0.0,5
ORD-0000911,PRD-0240,2026-07-24 10:00:00,3,0.05,4
ORD-0000912,PRD-0478,2026-04-13 14:00:00,1,0.0,2
ORD-0000913,PRD-0087,2026-06-28 21:00:00,1,0.0,5
ORD-0000914,PRD-0298,2026-05-22 10:00:00,3,0.2,5
ORD-0000915,PRD-0428,2026-02-14 23:00:00,1,0.0,5
ORD-0000916,PRD-0014,2026-04-30 22:00:00,4,0.1,4
ORD-0000917,PRD-0334,2026-08-10 18:00:00,1,0.05,5
ORD-0000918,PRD-0002,2026-08-28 04:00:00,1,0.0,5
ORD-0000919,PRD-0375,2026-07-16 19:00:00,4,0.2,2
ORD-0000920,PRD-0293,2026-01-26 03:00:00,2,0.0,5
ORD-0000921,PRD-0325,2026-08-08 01:00:00,2,0.1,4
ORD-0000922,PRD-0422,2026-08-19 21:00:00,4,0.0,3
ORD-0000923,PRD-0493,2026-08-04 16:00:00,1,0.1,2
ORD-0000924,PRD-0041,2026-03-08 01:00:00,3,0.05,5
ORD-0000925,PRD-0318,2026-05-08 09:00:00,4,0.0,5
ORD-0000926,PRD-0316,2026-07-28 14:00:00,3,0.05,5
ORD-0000927,PRD-0381,2026-06-16 01:00:00,2,0.0,5
ORD-0000928,PRD-0111,2026-07-15 09:00:00,4,0.0,4
ORD-0000929,PRD-0014,2026-02-28 03:00:00,3,0.0,5
ORD-0000930,PRD-0231,2026-06-03 16:00:00,1,0.0,5
ORD-0000931,PRD-0473,2026-01-25 23:00:00,4,0.0,5
ORD-0000932,PRD-0084,2026-01-22 09:00:00,3,0.0,4
ORD-0000933,PRD-0130,2026-02-14 10:00:00,4,0.0,5
ORD-0000934,PRD-0231,2026-05-01 06:00:00,4,0.0,3
ORD-0000935,PRD-0326,2026-04-21 13:00:00,2,0.0,5
ORD-0000936,PRD-0145,2026-07-24 09:00:00,2,0.05,5
ORD-0000937,PRD-0379,2026-02-15 08:00:00,1,0.05,5
ORD-0000938,PRD-0345,2026-07-02 17:00:00,2,0.0,1
ORD-0000939,PRD-0028,2026-07-22 16:00:00,2,0.1,2
ORD-0000940,PRD-0066,2026-04-15 18:00:00,2,0.05,2
ORD-0000941,PRD-0163,2026-06-15 09:00:00,3,0.05,5
ORD-0000942,PRD-0229,2026-05-17 20:00:00,4,0.0,5
ORD-0000943,PRD-0261,2026-07-10 06:00:00,2,0.0,5
ORD-0000944,PRD-0449,2026-04-02 12:00:00,3,0.1,4
ORD-0000945,PRD-0424,2026-06-24 07:00:00,4,0.1,2
ORD-0000946,PRD-0460,2026-02-02 21:00:00,2,0.0,4
ORD-0000947,PRD-0440,2026-05-25 19:00:00,2,0.0,1
ORD-0000948,PRD-0164,2026-05-12 09:00:00,4,0.05,5
ORD-0000949,PRD-0301,2026-03-11 08:00:00,3,0.05,5
ORD-0000950,PRD-0407,2026-02-24 13:00:00,3,0.1,5
ORD-0000951,PRD-0303,2026-02-06 00:00:00,1,0.0,4
ORD-0000952,PRD-0287,2026-06-10 23:00:00,4,0.0,1
ORD-0000953,PRD-0395,2026-08-13 13:00:00,1,0.0,4
ORD-0000954,PRD-0010,2026-05-21 03:00:00,3,0.0,5
ORD-0000955,PRD-0195,2026-05-27 20:00:00,2,0.0,5
ORD-0000956,PRD-0118,2026-06-07 18:00:00,1,0.1,3
ORD-0000957,PRD-0270,2026-01-01 23:00:00,3,0.0,3
ORD-0000958,PRD-0080,2026-05-06 03:00:00,3,0.1,5
ORD-0000959,PRD-0458,2026-01-13 22:00:00,2,0.0,5
ORD-0000960,PRD-0093,2026-08-21 12:00:00,4,0.0,4
ORD-0000961,PRD-0266,2026-02-21 07:00:00,3,0.0,5
ORD-0000962,PRD-0332,2026-06-07 20:00:00,1,0.0,3
ORD-0000963,PRD-0350,2026-04-23 23:00:00,2,0.1,5
ORD-0000964,PRD-0361,2026-07-20 01:00:00,4,0.0,4
ORD-0000965,PRD-0257,2026-08-16 07:00:00,4,0.0,2
ORD-0000966,PRD-0133,2026-01-18 13:00:00,4,0.0,4
ORD-0000967,PRD-0276,2026-03-15 21:00:00,3,0.0,3
ORD-0000968,PRD-0264,2026-05-29 16:00:00,4,0.05,5
ORD-0000969,PRD-0171,2026-02-09 10:00:00,3,0.0,5
ORD-0000970,PRD-0460,2026-02-19 10:00:00,2,0.05,4
ORD-0000971,PRD-0001,2026-03-18 10:00:00,2,0.05,5
ORD-0000972,PRD-0313,2026-03-07 04:00:00,4,0.0,4
ORD-0000973,PRD-0064,2026-07-26 00:00:00,2,0.0,1
ORD-0000974,PRD-0374,2026-08-25 21:00:00,1,0.05,5
ORD-0000975,PRD-0468,2026-08-14 14:00:00,1,0.05,5
ORD-0000976,PRD-0284,2026-03-23 03:00:00,3,0.0,2
ORD-0000977,PRD-0121,2026-02-24 12:00:00,4,0.0,4
ORD-0000978,PRD-0107,2026-05-05 10:00:00,3,0.0,5
ORD-0000979,PRD-0421,2026-01-17 02:00:00,2,0.0,3
ORD-0000980,PRD-0175,2026-02-18 09:00:00,4,0.0,5
ORD-0000981,PRD-0485,2026-05-16 18:00:00,3,0.0,5
ORD-0000982,PRD-0204,2026-07-20 11:00:00,4,0.0,4
ORD-0000983,PRD-0165,2026-06-13 21:00:00,4,0.0,3
ORD-0000984,PRD-0305,2026-04-29 15:00:00,3,0.0,5
ORD-0000985,PRD-0497,2026-07-08 09:00:00,4,0.1,4
ORD-0000986,PRD-0120,2026-03-01 23:00:00,2,0.0,4
ORD-0000987,PRD-0044,2026-05-24 10:00:00,1,0.2,5
ORD-0000988,PRD-0312,2026-07-06 16:00:00,1,0.0,5
ORD-0000989,PRD-0156,2026-01-03 07:00:00,4,0.05,4
ORD-0000990,PRD-0367,2026-05-19 12:00:00,1,0.0,5
ORD-0000991,PRD-0207,2026-01-05 09:00:00,4,0.05,5
ORD-0000992,PRD-0390,2026-05-14 09:00:00,3,0.0,4
ORD-0000993,PRD-0108,2026-01-28 21:00:00,2,0.0,4
ORD-0000994,PRD-0251,2026-07-06 07:00:00,1,0.2,5
ORD-0000995,PRD-0445,2026-01-31 22:00:00,3,0.0,4
ORD-0000996,PRD-0404,2026-02-10 06:00:00,2,0.2,4
ORD-0000997,PRD-0370,2026-01-13 19:00:00,1,0.0,5
ORD-0000998,PRD-0334,2026-03-31 02:00:00,1,0.0,5
ORD-0000999,PRD-0130,2026-05-25 08:00:00,2,0.0,5
ORD-0001000,PRD-0457,2026-07-24 01:00:00,3,0.05,5
ORD-0001001,PRD-0293,2026-01-05 13:00:00,3,0.0,3
ORD-0001002,PRD-0020,2026-06-01 08:00:00,1,0.2,4
ORD-0001003,PRD-0282,2026-08-29 00:00:00,2,0.0,5
ORD-0001004,PRD-0285,2026-07-04 19:00:00,3,0.05,5
ORD-0001005,PRD-0001,2026-08-25 20:00:00,2,0.0,5
ORD-0001006,PRD-0119,2026-07-31 10:00:00,2,0.0,4
ORD-0001007,PRD-0035,2026-03-21 19:00:00,1,0.0,5
ORD-0001008,PRD-0198,2026-06-27 15:00:00,2,0.0,3
ORD-0001009,PRD-0485,2026-01-24 04:00:00,2,0.0,4
ORD-0001010,PRD-0245,2026-07-28 08:00:00,4,0.0,4
ORD-0001011,PRD-0059,2026-01-05 08:00:00,2,0.0,4
ORD-0001012,PRD-0325,2026-03-27 07:00:00,3,0.0,5
ORD-0001013,PRD-0161,2026-01-07 01:00:00,1,0.0,1
ORD-0001014,PRD-0497,2026-04-26 03:00:00,1,0.0,3
ORD-0001015,PRD-0179,2026-02-06 09:00:00,2,0.0,4
ORD-0001016,PRD-0206,2026-01-13 10:00:00,2,0.2,5
ORD-0001017,PRD-0012,2026-05-15 22:00:00,3,0.2,5
ORD-0001018,PRD-0490,2026-09-01 00:00:00,4,0.0,5
ORD-0001019,PRD-0276,2026-01-27 21:00:00,1,0.2,3
ORD-0001020,PRD-0181,2026-07-17 05:00:00,4,0.05,5
ORD-0001021,PRD-0242,2026-05-09 06:00:00,3,0.0,1
ORD-0001022,PRD-0216,2026-04-15 15:00:00,1,0.0,4
ORD-0001023,PRD-0251,2026-02-02 15:00:00,3,0.2,5
ORD-0001024,PRD-0299,2026-07-28 00:00:00,2,0.05,4
ORD-0001025,PRD-0126,2026-01-16 10:00:00,3,0.1,3
ORD-0001026,PRD-0482,2026-01-21 06:00:00,2,0.1,4
ORD-0001027,PRD-0217,2026-03-26 21:00:00,4,0.0,3
ORD-0001028,PRD-0306,2026-05-14 04:00:00,1,0.0,4
ORD-0001029,PRD-0285,2026-02-26 16:00:00,1,0.0,4
ORD-0001030,PRD-0185,2026-06-28 15:00:00,4,0.0,4
ORD-0001031,PRD-0039,2026-07-21 01:00:00,2,0.0,5
ORD-0001032,PRD-0223,2026-04-05 05:00:00,1,0.0,5
ORD-0001033,PRD-0184,2026-04-20 05:00:00,3,0.0,5
ORD-0001034,PRD-0495,2026-02-09 20:00:00,2,0.0,5
ORD-0001035,PRD-0427,2026-01-16 20:00:00,1,0.0,5
ORD-0001036,PRD-0178,2026-06-02 01:00:00,3,0.0,4
ORD-0001037,PRD-0407,2026-07-23 21:00:00,3,0.0,1
ORD-0001038,PRD-0428,2026-01-10 22:00:00,1,0.0,5
ORD-0001039,PRD-0294,2026-02-16 01:00:00,4,0.05,4
ORD-0001040,PRD-0340,2026-02-27 18:00:00,4,0.2,3
ORD-0001041,PRD-0151,2026-04-17 08:00:00,1,0.0,4
ORD-0001042,PRD-0384,2026-04-04 17:00:00,3,0.0,5
ORD-0001043,PRD-0126,2026-03-05 15:00:00,4,0.1,5
ORD-0001044,PRD-0301,2026-03-11 11:00:00,4,0.0,4
ORD-0001045,PRD-0308,2026-06-22 04:00:00,4,0.05,5
ORD-0001046,PRD-0336,2026-04-23 03:00:00,2,0.0,5
ORD-0001047,PRD-0434,2026-06-03 00:00:00,4,0.1,4
ORD-0001048,PRD-0234,2026-03-25 04:00:00,1,0.2,3
ORD-0001049,PRD-0380,2026-03-01 09:00:00,1,0.05,4
ORD-0001050,PRD-0375,2026-04-28 04:00:00,2,0.0,5
ORD-0001051,PRD-0008,2026-05-16 07:00:00,2,0.1,3
ORD-0001052,PRD-0498,2026-04-19 00:00:00,1,0.05,4
ORD-0001053,PRD-0341,2026-03-04 02:00:00,2,0.05,4
ORD-0001054,PRD-0129,2026-02-21 00:00:00,4,0.0,5
ORD-0001055,PRD-0264,2026-04-18 19:00:00,3,0.05,5
ORD-0001056,PRD-0157,2026-05-08 16:00:00,3,0.0,4
ORD-0001057,PRD-0352,2026-02-04 16:00:00,3,0.0,5
ORD-0001058,PRD-0358,2026-07-15 12:00:00,1,0.0,3
ORD-0001059,PRD-0005,2026-04-12 16:00:00,2,0.0,3
ORD-0001060,PRD-0495,2026-07-19 19:00:00,3,0.05,5
ORD-0001061,PRD-0086,2026-03-10 14:00:00,4,0.05,5
ORD-0001062,PRD-0175,2026-01-19 08:00:00,4,0.0,3
ORD-0001063,PRD-0290,2026-08-28 00:00:00,4,0.05,4
ORD-0001064,PRD-0193,2026-03-05 17:00:00,2,0.2,5
ORD-0001065,PRD-0311,2026-05-04 13:00:00,3,0.0,5
ORD-0001066,PRD-0119,2026-04-09 15:00:00,4,0.0,5
ORD-0001067,PRD-0218,2026-05-17 22:00:00,2,0.0,5
ORD-0001068,PRD-0427,2026-08-05 06:00:00,4,0.0,5
ORD-0001069,PRD-0458,2026-07-14 07:00:00,3,0.0,5
ORD-0001070,PRD-0414,2026-06-30 11:00:00,3,0.0,5
ORD-0001071,PRD-0114,2026-02-24 08:00:00,3,0.0,5
ORD-0001072,PRD-0466,2026-05-07 10:00:00,3,0.2,4
ORD-0001073,PRD-0145,2026-06-03 16:00:00,3,0.05,2
ORD-0001074,PRD-0026,2026-06-15 13:00:00,4,0.0,4
ORD-0001075,PRD-0136,2026-02-19 09:00:00,3,0.0,5
ORD-0001076,PRD-0303,2026-05-16 22:00:00,4,0.0,3
ORD-0001077,PRD-0232,2026-08-02 16:00:00,3,0.0,3
ORD-0001078,PRD-0369,2026-03-29 19:00:00,4,0.0,4
ORD-0001079,PRD-0076,2026-03-18 16:00:00,3,0.0,1
ORD-0001080,PRD-0475,2026-06-30 00:00:00,4,0.0,5
ORD-0001081,PRD-0328,2026-04-25 11:00:00,3,0.0,4
ORD-0001082,PRD-0345,2026-07-14 21:00:00,2,0.0,3
ORD-0001083,PRD-0302,2026-06-27 16:00:00,4,0.1,5
ORD-0001084,PRD-0452,2026-05-11 13:00:00,2,0.0,5
ORD-0001085,PRD-0289,2026-05-23 12:00:00,4,0.0,1
ORD-0001086,PRD-0001,2026-03-03 01:00:00,4,0.0,4
ORD-0001087,PRD-0147,2026-06-21 05:00:00,4,0.2,5
ORD-0001088,PRD-0287,2026-04-03 03:00:00,1,0.1,4
ORD-0001089,PRD-0464,2026-08-19 19:00:00,3,0.0,5
ORD-0001090,PRD-0142,2026-04-27 20:00:00,2,0.2,4
ORD-0001091,PRD-0053,2026-03-06 07:00:00,2,0.0,4
ORD-0001092,PRD-0304,2026-03-12 09:00:00,4,0.2,4
ORD-0001093,PRD-0069,2026-03-07 11:00:00,2,0.0,2
ORD-0001094,PRD-0361,2026-08-03 11:00:00,2,0.0,5
ORD-0001095,PRD-0090,2026-08-31 19:00:00,2,0.05,5
ORD-0001096,PRD-0446,2026-07-09 05:00:00,2,0.0,5
ORD-0001097,PRD-0220,2026-05-17 15:00:00,1,0.05,5
ORD-0001098,PRD-0450,2026-05-28 13:00:00,4,0.0,5
ORD-0001099,PRD-0498,2026-07-20 11:00:00,2,0.05,5
ORD-0001100,PRD-0192,2026-05-06 23:00:00,1,0.0,5
ORD-0001101,PRD-0454,2026-02-04 02:00:00,1,0.0,4
ORD-0001102,PRD-0063,2026-07-08 09:00:00,4,0.2,4
ORD-0001103,PRD-0073,2026-02-16 20:00:00,3,0.1,5
ORD-0001104,PRD-0161,2026-08-24 20:00:00,3,0.2,5
ORD-0001105,PRD-0169,2026-07-26 01:00:00,3,0.05,5
ORD-0001106,PRD-0089,2026-08-24 01:00:00,2,0.05,5
ORD-0001107,PRD-0176,2026-02-17 01:00:00,4,0.0,4
ORD-0001108,PRD-0269,2026-03-12 22:00:00,3,0.0,5
ORD-0001109,PRD-0073,2026-03-25 09:00:00,2,0.0,5
ORD-0001110,PRD-0245,2026-06-11 14:00:00,4,0.0,3
ORD-0001111,PRD-0077,2026-07-02 04:00:00,2,0.1,5
ORD-0001112,PRD-0159,2026-03-17 06:00:00,3,0.0,5
ORD-0001113,PRD-0489,2026-05-03 19:00:00,3,0.2,5
ORD-0001114,PRD-0459,2026-05-14 17:00:00,1,0.0,5
ORD-0001115,PRD-0324,2026-03-31 16:00:00,1,0.05,4
ORD-0001116,PRD-0098,2026-07-13 09:00:00,4,0.0,4
ORD-0001117,PRD-0381,2026-06-25 05:00:00,2,0.0,5
ORD-0001118,PRD-0102,2026-01-23 16:00:00,2,0.2,1
ORD-0001119,PRD-0494,2026-04-11 01:00:00,3,0.0,4
ORD-0001120,PRD-0132,2026-07-21 14:00:00,3,0.0,4
ORD-0001121,PRD-0102,2026-04-09 12:00:00,4,0.0,5
ORD-0001122,PRD-0019,2026-02-23 17:00:00,1,0.0,2
ORD-0001123,PRD-0454,2026-06-06 21:00:00,3,0.0,4
ORD-0001124,PRD-0482,2026-03-20 03:00:00,2,0.05,5
ORD-0001125,PRD-0082,2026-08-05 00:00:00,3,0.0,5
ORD-0001126,PRD-0397,2026-07-04 12:00:00,1,0.0,5
ORD-0001127,PRD-0489,2026-08-23 16:00:00,2,0.0,5
ORD-0001128,PRD-0279,2026-08-07 20:00:00,1,0.1,4
ORD-0001129,PRD-0339,2026-07-15 07:00:00,4,0.05,4
ORD-0001130,PRD-0365,2026-02-02 14:00:00,4,0.0,2
ORD-0001131,PRD-0331,2026-01-23 11:00:00,1,0.0,5
ORD-0001132,PRD-0129,2026-04-26 22:00:00,2,0.0,4
ORD-0001133,PRD-0344,2026-08-24 14:00:00,1,0.05,5
ORD-0001134,PRD-0310,2026-08-22 23:00:00,3,0.05,4
ORD-0001135,PRD-0455,2026-04-22 04:00:00,3,0.2,4
ORD-0001136,PRD-0089,2026-07-16 10:00:00,1,0.0,5
ORD-0001137,PRD-0213,2026-06-14 01:00:00,3,0.0,5
ORD-0001138,PRD-0143,2026-05-04 04:00:00,1,0.0,4
ORD-0001139,PRD-0065,2026-06-05 02:00:00,3,0.0,4
ORD-0001140,PRD-0076,2026-06-11 03:00:00,1,0.0,3
ORD-0001141,PRD-0199,2026-03-18 09:00:00,3,0.0,2
ORD-0001142,PRD-0143,2026-07-31 23:00:00,2,0.05,5
ORD-0001143,PRD-0405,2026-03-31 10:00:00,2,0.0,3
ORD-0001144,PRD-0403,2026-04-01 10:00:00,3,0.1,2
ORD-0001145,PRD-0316,2026-05-22 07:00:00,1,0.0,5
ORD-0001146,PRD-0093,2026-03-09 08:00:00,3,0.2,5
ORD-0001147,PRD-0473,2026-08-22 22:00:00,4,0.2,3
ORD-0001148,PRD-0417,2026-07-12 09:00:00,4,0.2,2
ORD-0001149,PRD-0305,2026-02-08 04:00:00,1,0.05,3
ORD-0001150,PRD-0224,2026-07-20 12:00:00,3,0.1,4
ORD-0001151,PRD-0497,2026-04-25 20:00:00,3,0.0,5
ORD-0001152,PRD-0291,2026-03-22 16:00:00,2,0.0,5
ORD-0001153,PRD-0428,2026-06-18 10:00:00,1,0.05,3
ORD-0001154,PRD-0102,2026-05-09 19:00:00,4,0.05,5
ORD-0001155,PRD-0474,2026-07-13 23:00:00,4,0.2,4
ORD-0001156,PRD-0267,2026-02-10 08:00:00,1,0.0,4
ORD-0001157,PRD-0355,2026-05-21 04:00:00,4,0.0,5
ORD-0001158,PRD-0456,2026-05-14 11:00:00,1,0.05,4
ORD-0001159,PRD-0110,2026-08-04 13:00:00,4,0.2,3
ORD-0001160,PRD-0462,2026-02-07 01:00:00,4,0.0,5
ORD-0001161,PRD-0330,2026-02-03 00:00:00,1,0.0,4
ORD-0001162,PRD-0450,2026-05-25 02:00:00,1,0.0,4
ORD-0001163,PRD-0430,2026-02-10 21:00:00,4,0.0,5
ORD-0001164,PRD-0265,2026-05-28 03:00:00,4,0.0,5
ORD-0001165,PRD-0003,2026-05-28 01:00:00,2,0.0,5
ORD-0001166,PRD-0085,2026-02-03 09:00:00,3,0.1,3
ORD-0001167,PRD-0282,2026-01-02 18:00:00,1,0.0,4
ORD-0001168,PRD-0328,2026-08-26 17:00:00,1,0.0,3
ORD-0001169,PRD-0304,2026-05-20 13:00:00,3,0.05,5
ORD-0001170,PRD-0450,2026-03-16 01:00:00,2,0.2,4
ORD-0001171,PRD-0454,2026-05-14 09:00:00,4,0.2,5
ORD-0001172,PRD-0412,2026-01-15 13:00:00,4,0.0,1
ORD-0001173,PRD-0117,2026-03-07 07:00:00,2,0.2,2
ORD-0001174,PRD-0221,2026-02-17 01:00:00,2,0.0,4
ORD-0001175,PRD-0154,2026-05-04 07:00:00,3,0.05,5
ORD-0001176,PRD-0153,2026-06-07 19:00:00,3,0.05,5
ORD-0001177,PRD-0012,2026-03-16 04:00:00,4,0.0,5
ORD-0001178,PRD-0133,2026-01-25 07:00:00,2,0.0,4
ORD-0001179,PRD-0482,2026-07-08 15:00:00,2,0.0,1
ORD-0001180,PRD-0304,2026-05-21 17:00:00,4,0.1,4
ORD-0001181,PRD-0293,2026-05-22 17:00:00,4,0.0,5
ORD-0001182,PRD-0463,2026-08-15 20:00:00,4,0.05,3
ORD-0001183,PRD-0300,2026-05-13 17:00:00,4,0.0,4
ORD-0001184,PRD-0228,2026-04-02 10:00:00,4,0.0,2
ORD-0001185,PRD-0271,2026-08-09 05:00:00,3,0.2,4
ORD-0001186,PRD-0043,2026-02-18 10:00:00,4,0.05,4
ORD-0001187,PRD-0432,2026-01-13 10:00:00,2,0.2,2
ORD-0001188,PRD-0343,2026-05-20 11:00:00,1,0.0,4
ORD-0001189,PRD-0326,2026-03-22 19:00:00,3,0.0,4
ORD-0001190,PRD-0302,2026-02-02 20:00:00,2,0.0,5
ORD-0001191,PRD-0498,2026-07-26 01:00:00,1,0.0,5
ORD-0001192,PRD-0364,2026-05-01 09:00:00,3,0.0,3
ORD-0001193,PRD-0379,2026-02-27 09:00:00,4,0.05,5
ORD-0001194,PRD-0427,2026-08-08 17:00:00,3,0.0,1
ORD-0001195,PRD-0493,2026-03-23 05:00:00,4,0.0,4
ORD-0001196,PRD-0021,2026-05-17 08:00:00,4,0.0,5
ORD-0001197,PRD-0407,2026-02-06 13:00:00,4,0.0,5
ORD-0001198,PRD-0107,2026-08-07 02:00:00,1,0.05,5
ORD-0001199,PRD-0336,2026-06-05 22:00:00,3,0.0,3
ORD-0001200,PRD-0303,2026-03-07 17:00:00,4,0.0,5
ORD-0001201,PRD-0117,2026-05-11 19:00:00,2,0.0,4
ORD-0001202,PRD-0124,2026-04-14 20:00:00,3,0.2,4
ORD-0001203,PRD-0399,2026-04-25 19:00:00,2,0.2,3
ORD-0001204,PRD-0281,2026-08-28 06:00:00,1,0.05,5
ORD-0001205,PRD-0292,2026-03-21 07:00:00,1,0.0,3
ORD-0001206,PRD-0203,2026-02-27 14:00:00,3,0.0,5
ORD-0001207,PRD-0051,2026-06-26 16:00:00,1,0.05,5
ORD-0001208,PRD-0271,2026-04-07 18:00:00,1,0.2,2
ORD-0001209,PRD-0324,2026-04-17 12:00:00,3,0.2,5
ORD-0001210,PRD-0277,2026-08-09 18:00:00,2,0.1,5
ORD-0001211,PRD-0141,2026-03-19 13:00:00,4,0.0,4
ORD-0001212,PRD-0470,2026-03-19 18:00:00,3,0.2,1
ORD-0001213,PRD-0275,2026-06-18 15:00:00,3,0.05,5
ORD-0001214,PRD-0290,2026-05-13 07:00:00,4,0.1,4
ORD-0001215,PRD-0334,2026-02-15 18:00:00,2,0.0,5
ORD-0001216,PRD-0381,2026-08-07 15:00:00,4,0.0,1
ORD-0001217,PRD-0452,2026-03-14 06:00:00,4,0.0,1
ORD-0001218,PRD-0496,2026-07-14 07:00:00,2,0.0,5
ORD-0001219,PRD-0373,2026-05-23 08:00:00,2,0.0,5
ORD-0001220,PRD-0052,2026-07-12 18:00:00,4,0.1,1
ORD-0001221,PRD-0494,2026-08-24 17:00:00,4,0.0,5
ORD-0001222,PRD-0027,2026-01-29 08:00:00,3,0.0,4
ORD-0001223,PRD-0157,2026-03-28 06:00:00,2,0.0,5
ORD-0001224,PRD-0239,2026-08-04 06:00:00,1,0.0,5
ORD-0001225,PRD-0156,2026-07-21 00:00:00,2,0.2,3
ORD-0001226,PRD-0291,2026-03-14 01:00:00,4,0.0,4
ORD-0001227,PRD-0136,2026-04-02 07:00:00,4,0.0,1
ORD-0001228,PRD-0144,2026-01-28 19:00:00,4,0.2,1
ORD-0001229,PRD-0106,2026-03-09 04:00:00,4,0.1,1
ORD-0001230,PRD-0420,2026-01-29 08:00:00,1,0.0,5
ORD-0001231,PRD-0158,2026-02-10 12:00:00,2,0.05,4
ORD-0001232,PRD-0146,2026-04-29 14:00:00,1,0.05,4
ORD-0001233,PRD-0002,2026-03-30 20:00:00,1,0.05,5
ORD-0001234,PRD-0433,2026-04-13 15:00:00,4,0.0,4
ORD-0001235,PRD-0077,2026-04-16 09:00:00,1,0.2,4
ORD-0001236,PRD-0132,2026-04-15 07:00:00,4,0.0,1
ORD-0001237,PRD-0090,2026-07-25 02:00:00,4,0.0,5
ORD-0001238,PRD-0345,2026-07-03 00:00:00,4,0.0,3
ORD-0001239,PRD-0350,2026-05-13 15:00:00,1,0.0,5
ORD-0001240,PRD-0459,2026-06-18 01:00:00,4,0.2,4
ORD-0001241,PRD-0263,2026-08-11 21:00:00,1,0.0,5
ORD-0001242,PRD-0351,2026-05-12 23:00:00,2,0.0,5
ORD-0001243,PRD-0108,2026-05-05 21:00:00,4,0.0,5
ORD-0001244,PRD-0074,2026-05-15 11:00:00,3,0.0,4
ORD-0001245,PRD-0039,2026-03-31 16:00:00,3,0.2,4
ORD-0001246,PRD-0397,2026-03-14 00:00:00,3,0.0,5
ORD-0001247,PRD-0159,2026-03-26 08:00:00,3,0.05,1
ORD-0001248,PRD-0071,2026-01-14 17:00:00,3,0.05,3
ORD-0001249,PRD-0447,2026-04-14 14:00:00,1,0.05,5
ORD-0001250,PRD-0312,2026-02-18 03:00:00,2,0.05,5
ORD-0001251,PRD-0241,2026-03-20 18:00:00,1,0.0,4
ORD-0001252,PRD-0426,2026-07-06 13:00:00,4,0.1,5
ORD-0001253,PRD-0445,2026-04-02 01:00:00,2,0.05,5
ORD-0001254,PRD-0298,2026-07-25 18:00:00,2,0.05,2
ORD-0001255,PRD-0440,2026-04-07 13:00:00,2,0.2,5
ORD-0001256,PRD-0036,2026-05-31 21:00:00,2,0.1,5
ORD-0001257,PRD-0084,2026-07-07 03:00:00,3,0.1,5
ORD-0001258,PRD-0452,2026-04-15 15:00:00,4,0.2,1
ORD-0001259,PRD-0374,2026-01-19 17:00:00,2,0.0,5
ORD-0001260,PRD-0263,2026-02-26 10:00:00,2,0.0,4
ORD-0001261,PRD-0310,2026-08-14 04:00:00,3,0.0,1
ORD-0001262,PRD-0385,2026-08-13 17:00:00,1,0.0,5
ORD-0001263,PRD-0172,2026-02-23 21:00:00,1,0.1,3
ORD-0001264,PRD-0376,2026-04-13 17:00:00,1,0.05,4
ORD-0001265,PRD-0173,2026-05-10 06:00:00,4,0.05,4
ORD-0001266,PRD-0362,2026-03-19 01:00:00,1,0.2,4
ORD-0001267,PRD-0047,2026-05-13 07:00:00,2,0.0,4
ORD-0001268,PRD-0379,2026-06-28 09:00:00,3,0.05,4
ORD-0001269,PRD-0141,2026-05-14 07:00:00,3,0.0,5
ORD-0001270,PRD-0375,2026-02-21 09:00:00,1,0.0,4
ORD-0001271,PRD-0406,2026-03-01 21:00:00,3,0.0,5
ORD-0001272,PRD-0118,2026-05-20 16:00:00,2,0.1,5
ORD-0001273,PRD-0277,2026-06-17 22:00:00,1,0.0,4
ORD-0001274,PRD-0214,2026-01-11 12:00:00,2,0.1,5
ORD-0001275,PRD-0220,2026-01-01 18:00:00,4,0.0,5
ORD-0001276,PRD-0393,2026-04-25 23:00:00,2,0.0,5
ORD-0001277,PRD-0026,2026-08-07 23:00:00,2,0.0,4
ORD-0001278,PRD-0009,2026-01-10 06:00:00,2,0.0,5
ORD-0001279,PRD-0271,2026-01-01 02:00:00,2,0.2,1
ORD-0001280,PRD-0010,2026-02-22 11:00:00,4,0.0,4
ORD-0001281,PRD-0472,2026-07-26 05:00:00,1,0.2,5
ORD-0001282,PRD-0378,2026-08-21 16:00:00,2,0.2,1
ORD-0001283,PRD-0121,2026-06-30 03:00:00,1,0.2,5
ORD-0001284,PRD-0125,2026-08-29 13:00:00,3,0.0,5
ORD-0001285,PRD-0170,2026-07-11 10:00:00,2,0.2,5
ORD-0001286,PRD-0072,2026-04-18 00:00:00,2,0.0,3
ORD-0001287,PRD-0152,2026-03-20 13:00:00,3,0.0,5
ORD-0001288,PRD-0208,2026-08-08 02:00:00,1,0.0,5
ORD-0001289,PRD-0049,2026-02-24 03:00:00,4,0.2,4
ORD-0001290,PRD-0154,2026-04-08 10:00:00,2,0.0,4
ORD-0001291,PRD-0347,2026-02-14 20:00:00,3,0.0,5
ORD-0001292,PRD-0293,2026-06-06 14:00:00,3,0.0,5
ORD-0001293,PRD-0068,2026-05-13 13:00:00,2,0.0,5
ORD-0001294,PRD-0050,2026-07-20 10:00:00,1,0.0,5
ORD-0001295,PRD-0152,2026-02-09 11:00:00,1,0.1,4
ORD-0001296,PRD-0019,2026-06-05 18:00:00,2,0.0,4
ORD-0001297,PRD-0100,2026-04-24 19:00:00,3,0.2,4
ORD-0001298,PRD-0060,2026-06-16 23:00:00,2,0.05,5
ORD-0001299,PRD-0167,2026-02-06 05:00:00,4,0.2,4
ORD-0001300,PRD-0202,2026-08-04 06:00:00,4,0.0,3
ORD-0001301,PRD-0345,2026-01-04 21:00:00,1,0.05,4
ORD-0001302,PRD-0146,2026-05-05 11:00:00,4,0.0,5
ORD-0001303,PRD-0403,2026-07-13 23:00:00,3,0.0,5
ORD-0001304,PRD-0164,2026-03-15 23:00:00,4,0.1,4
ORD-0001305,PRD-0458,2026-04-05 04:00:00,2,0.05,5
ORD-0001306,PRD-0481,2026-01-19 03:00:00,3,0.1,2
ORD-0001307,PRD-0439,2026-07-26 03:00:00,1,0.05,1
ORD-0001308,PRD-0242,2026-06-29 04:00:00,1,0.0,3
ORD-0001309,PRD-0069,2026-05-12 00:00:00,4,0.05,3
ORD-0001310,PRD-0175,2026-05-30 11:00:00,1,0.0,2
ORD-0001311,PRD-0049,2026-08-05 11:00:00,2,0.0,5
ORD-0001312,PRD-0483,2026-01-04 04:00:00,3,0.05,5
ORD-0001313,PRD-0108,2026-02-03 23:00:00,2,0.2,5
ORD-0001314,PRD-0226,2026-02-01 23:00:00,2,0.0,5
ORD-0001315,PRD-0161,2026-06-03 13:00:00,2,0.0,5
ORD-0001316,PRD-0119,2026-01-05 09:00:00,2,0.0,4
ORD-0001317,PRD-0149,2026-06-13 04:00:00,3,0.0,5
ORD-0001318,PRD-0465,2026-04-30 17:00:00,3,0.1,5
ORD-0001319,PRD-0150,2026-05-20 10:00:00,2,0.1,5
ORD-0001320,PRD-0432,2026-05-12 04:00:00,2,0.05,4
ORD-0001321,PRD-0293,2026-05-12 04:00:00,1,0.1,2
ORD-0001322,PRD-0143,2026-03-03 01:00:00,1,0.0,5
ORD-0001323,PRD-0419,2026-04-18 19:00:00,3,0.0,5
ORD-0001324,PRD-0476,2026-01-11 04:00:00,1,0.0,4
ORD-0001325,PRD-0455,2026-04-20 09:00:00,3,0.1,5
ORD-0001326,PRD-0160,2026-06-10 09:00:00,3,0.05,2
ORD-0001327,PRD-0011,2026-02-28 13:00:00,4,0.05,5
ORD-0001328,PRD-0138,2026-02-10 21:00:00,3,0.0,3
ORD-0001329,PRD-0457,2026-09-01 00:00:00,1,0.0,2
ORD-0001330,PRD-0078,2026-06-08 16:00:00,4,0.2,1
ORD-0001331,PRD-0077,2026-01-06 21:00:00,1,0.0,4
ORD-0001332,PRD-0441,2026-02-07 04:00:00,3,0.05,2
ORD-0001333,PRD-0254,2026-08-17 15:00:00,3,0.0,5
ORD-0001334,PRD-0409,2026-04-10 23:00:00,2,0.0,5
ORD-0001335,PRD-0258,2026-07-13 08:00:00,3,0.05,4
ORD-0001336,PRD-0320,2026-05-04 08:00:00,4,0.0,5
ORD-0001337,PRD-0291,2026-04-02 15:00:00,3,0.05,1
ORD-0001338,PRD-0263,2026-03-03 05:00:00,2,0.05,4
ORD-0001339,PRD-0085,2026-04-23 12:00:00,3,0.0,4
ORD-0001340,PRD-0146,2026-05-06 05:00:00,3,0.05,4
ORD-0001341,PRD-0323,2026-07-22 10:00:00,3,0.0,5
ORD-0001342,PRD-0042,2026-05-21 14:00:00,2,0.0,3
ORD-0001343,PRD-0374,2026-07-16 15:00:00,1,0.05,5
ORD-0001344,PRD-0125,2026-01-28 07:00:00,3,0.0,5
ORD-0001345,PRD-0167,2026-04-26 08:00:00,4,0.0,5
ORD-0001346,PRD-0425,2026-08-11 15:00:00,2,0.2,5
ORD-0001347,PRD-0241,2026-01-02 18:00:00,4,0.0,5
ORD-0001348,PRD-0459,2026-04-07 07:00:00,3,0.1,5
ORD-0001349,PRD-0487,2026-08-02 10:00:00,2,0.1,4
ORD-0001350,PRD-0280,2026-03-11 04:00:00,3,0.0,4
ORD-0001351,PRD-0188,2026-08-13 11:00:00,4,0.0,5
ORD-0001352,PRD-0302,2026-07-15 11:00:00,2,0.0,5
ORD-0001353,PRD-0019,2026-08-01 20:00:00,1,0.0,5
ORD-0001354,PRD-0068,2026-04-03 16:00:00,1,0.1,4
ORD-0001355,PRD-0218,2026-03-29 22:00:00,1,0.05,4
ORD-0001356,PRD-0102,2026-02-09 21:00:00,3,0.0,4
ORD-0001357,PRD-0042,2026-01-24 08:00:00,2,0.05,5
ORD-0001358,PRD-0288,2026-02-25 10:00:00,4,0.2,2
ORD-0001359,PRD-0167,2026-02-24 16:00:00,4,0.0,4
ORD-0001360,PRD-0109,2026-03-17 21:00:00,3,0.05,4
ORD-0001361,PRD-0494,2026-05-06 02:00:00,3,0.05,2
ORD-0001362,PRD-0036,2026-05-22 19:00:00,4,0.0,4
ORD-0001363,PRD-0232,2026-08-24 06:00:00,2,0.0,5
ORD-0001364,PRD-0229,2026-07-26 01:00:00,3,0.05,2
ORD-0001365,PRD-0353,2026-08-12 22:00:00,2,0.0,5
ORD-0001366,PRD-0164,2026-04-21 11:00:00,4,0.0,5
ORD-0001367,PRD-0387,2026-08-23 13:00:00,2,0.05,5
ORD-0001368,PRD-0073,2026-03-17 14:00:00,1,0.05,5
ORD-0001369,PRD-0136,2026-03-14 13:00:00,4,0.0,5
ORD-0001370,PRD-0353,2026-07-15 21:00:00,1,0.0,4
ORD-0001371,PRD-0379,2026-06-08 16:00:00,4,0.0,5
ORD-0001372,PRD-0070,2026-04-30 21:00:00,1,0.0,4
ORD-0001373,PRD-0425,2026-08-21 14:00:00,2,0.0,4
ORD-0001374,PRD-0487,2026-05-17 06:00:00,4,0.0,1
ORD-0001375,PRD-0196,2026-08-13 14:00:00,4,0.0,4
ORD-0001376,PRD-0269,2026-06-20 03:00:00,1,0.0,2
ORD-0001377,PRD-0049,2026-02-01 01:00:00,2,0.0,5
ORD-0001378,PRD-0316,2026-01-24 05:00:00,4,0.0,5
ORD-0001379,PRD-0130,2026-05-18 13:00:00,3,0.0,5
ORD-0001380,PRD-0444,2026-02-09 05:00:00,1,0.0,4
ORD-0001381,PRD-0005,2026-06-17 15:00:00,4,0.2,5
ORD-0001382,PRD-0428,2026-04-06 16:00:00,2,0.0,1
ORD-0001383,PRD-0027,2026-08-12 13:00:00,2,0.05,4
ORD-0001384,PRD-0160,2026-02-09 03:00:00,2,0.2,5
ORD-0001385,PRD-0149,2026-03-09 02:00:00,2,0.0,5
ORD-0001386,PRD-0264,2026-03-13 21:00:00,1,0.1,4
ORD-0001387,PRD-0230,2026-02-11 00:00:00,4,0.0,5
ORD-0001388,PRD-0200,2026-03-08 03:00:00,1,0.0,5
ORD-0001389,PRD-0050,2026-06-17 13:00:00,1,0.0,5
ORD-0001390,PRD-0067,2026-02-25 16:00:00,2,0.0,2
ORD-0001391,PRD-0300,2026-05-11 17:00:00,3,0.0,4
ORD-0001392,PRD-0381,2026-01-28 13:00:00,2,0.0,3
ORD-0001393,PRD-0058,2026-01-02 08:00:00,3,0.05,1
ORD-0001394,PRD-0259,2026-05-23 06:00:00,1,0.2,3
ORD-0001395,PRD-0342,2026-02-18 04:00:00,2,0.0,5
ORD-0001396,PRD-0326,2026-05-11 06:00:00,2,0.0,4
ORD-0001397,PRD-0130,2026-01-03 12:00:00,1,0.0,5
ORD-0001398,PRD-0215,2026-06-13 16:00:00,2,0.0,4
ORD-0001399,PRD-0172,2026-03-06 07:00:00,4,0.05,5
ORD-0001400,PRD-0258,2026-01-12 07:00:00,3,0.0,5
ORD-0001401,PRD-0102,2026-08-09 15:00:00,3,0.0,3
ORD-0001402,PRD-0209,2026-06-19 20:00:00,3,0.05,5
ORD-0001403,PRD-0291,2026-05-22 04:00:00,2,0.1,4
ORD-0001404,PRD-0354,2026-04-25 16:00:00,4,0.0,4
ORD-0001405,PRD-0471,2026-04-23 21:00:00,2,0.0,4
ORD-0001406,PRD-0286,2026-02-18 02:00:00,3,0.0,4
ORD-0001407,PRD-0116,2026-08-06 13:00:00,2,0.0,5
ORD-0001408,PRD-0264,2026-07-03 13:00:00,3,0.0,5
ORD-0001409,PRD-0150,2026-06-10 13:00:00,1,0.0,4
ORD-0001410,PRD-0300,2026-08-14 11:00:00,3,0.2,5
ORD-0001411,PRD-0442,2026-03-14 17:00:00,1,0.0,5
ORD-0001412,PRD-0036,2026-05-24 00:00:00,1,0.0,1
ORD-0001413,PRD-0453,2026-01-15 01:00:00,1,0.0,1
ORD-0001414,PRD-0333,2026-01-01 09:00:00,3,0.0,4
ORD-0001415,PRD-0477,2026-06-22 16:00:00,4,0.05,5
ORD-0001416,PRD-0287,2026-08-22 14:00:00,3,0.0,4
ORD-0001417,PRD-0303,2026-08-15 16:00:00,2,0.0,4
ORD-0001418,PRD-0311,2026-01-31 10:00:00,2,0.0,5
ORD-0001419,PRD-0208,2026-07-23 18:00:00,4,0.0,5
ORD-0001420,PRD-0106,2026-03-10 16:00:00,4,0.0,3
ORD-0001421,PRD-0446,2026-06-26 04:00:00,4,0.0,5
ORD-0001422,PRD-0158,2026-06-02 06:00:00,1,0.0,5
ORD-0001423,PRD-0121,2026-03-30 18:00:00,4,0.0,4
ORD-0001424,PRD-0055,2026-07-06 07:00:00,4,0.0,5
ORD-0001425,PRD-0400,2026-04-10 20:00:00,4,0.05,3
ORD-0001426,PRD-0012,2026-07-01 22:00:00,3,0.05,4
ORD-0001427,PRD-0145,2026-03-04 18:00:00,2,0.05,3
ORD-0001428,PRD-0400,2026-03-31 22:00:00,2,0.1,1
ORD-0001429,PRD-0396,2026-05-02 12:00:00,4,0.0,4
ORD-0001430,PRD-0136,2026-06-23 19:00:00,2,0.1,3
ORD-0001431,PRD-0468,2026-05-15 13:00:00,3,0.0,5
ORD-0001432,PRD-0003,2026-05-31 03:00:00,2,0.0,5
ORD-0001433,PRD-0144,2026-03-11 10:00:00,1,0.0,3
ORD-0001434,PRD-0030,2026-07-04 08:00:00,3,0.0,1
ORD-0001435,PRD-0237,2026-06-22 08:00:00,2,0.2,5
ORD-0001436,PRD-0279,2026-08-09 06:00:00,2,0.0,1
ORD-0001437,PRD-0348,2026-05-04 17:00:00,3,0.0,4
ORD-0001438,PRD-0115,2026-04-23 01:00:00,2,0.0,4
ORD-0001439,PRD-0104,2026-04-07 22:00:00,2,0.0,5
ORD-0001440,PRD-0118,2026-04-28 02:00:00,4,0.0,5
ORD-0001441,PRD-0005,2026-04-15 20:00:00,1,0.0,5
ORD-0001442,PRD-0468,2026-05-25 15:00:00,3,0.0,4
ORD-0001443,PRD-0360,2026-01-01 12:00:00,4,0.1,5
ORD-0001444,PRD-0248,2026-07-29 03:00:00,2,0.0,4
ORD-0001445,PRD-0364,2026-05-04 18:00:00,3,0.0,4
ORD-0001446,PRD-0321,2026-08-11 00:00:00,3,0.05,5
ORD-0001447,PRD-0121,2026-05-31 21:00:00,1,0.2,5
ORD-0001448,PRD-0286,2026-06-03 11:00:00,1,0.0,2
ORD-0001449,PRD-0149,2026-05-25 17:00:00,3,0.0,2
ORD-0001450,PRD-0084,2026-08-10 06:00:00,1,0.2,5
ORD-0001451,PRD-0454,2026-05-11 02:00:00,1,0.0,5
ORD-0001452,PRD-0406,2026-05-25 08:00:00,2,0.0,5
ORD-0001453,PRD-0466,2026-01-28 04:00:00,1,0.0,4
ORD-0001454,PRD-0456,2026-08-30 15:00:00,1,0.2,5
ORD-0001455,PRD-0231,2026-01-26 20:00:00,4,0.2,5
ORD-0001456,PRD-0288,2026-06-07 22:00:00,2,0.1,5
ORD-0001457,PRD-0161,2026-03-10 13:00:00,2,0.0,4
ORD-0001458,PRD-0272,2026-04-04 11:00:00,3,0.0,3
ORD-0001459,PRD-0460,2026-07-08 00:00:00,1,0.0,4
ORD-0001460,PRD-0038,2026-07-18 07:00:00,4,0.1,4
ORD-0001461,PRD-0500,2026-05-26 11:00:00,4,0.2,4
ORD-0001462,PRD-0226,2026-06-04 15:00:00,2,0.0,5
ORD-0001463,PRD-0142,2026-06-03 16:00:00,1,0.05,3
ORD-0001464,PRD-0292,2026-02-27 11:00:00,4,0.0,5
ORD-0001465,PRD-0481,2026-06-26 19:00:00,3,0.0,3
ORD-0001466,PRD-0151,2026-03-27 05:00:00,1,0.05,4
ORD-0001467,PRD-0114,2026-05-08 00:00:00,1,0.0,5
ORD-0001468,PRD-0237,2026-02-27 20:00:00,1,0.0,4
ORD-0001469,PRD-0066,2026-08-31 13:00:00,4,0.0,4
ORD-0001470,PRD-0361,2026-01-17 17:00:00,2,0.1,4
ORD-0001471,PRD-0341,2026-04-21 13:00:00,2,0.1,5
ORD-0001472,PRD-0258,2026-08-22 19:00:00,3,0.2,5
ORD-0001473,PRD-0475,2026-06-30 04:00:00,4,0.05,5
ORD-0001474,PRD-0249,2026-08-26 06:00:00,1,0.0,5
ORD-0001475,PRD-0457,2026-06-13 11:00:00,3,0.0,1
ORD-0001476,PRD-0449,2026-01-12 03:00:00,3,0.2,5
ORD-0001477,PRD-0331,2026-08-19 04:00:00,2,0.0,5
ORD-0001478,PRD-0323,2026-08-02 18:00:00,1,0.05,5
ORD-0001479,PRD-0180,2026-08-15 15:00:00,1,0.05,5
ORD-0001480,PRD-0190,2026-06-25 21:00:00,4,0.1,5
ORD-0001481,PRD-0407,2026-03-13 21:00:00,4,0.0,4
ORD-0001482,PRD-0154,2026-02-16 08:00:00,4,0.0,5
ORD-0001483,PRD-0196,2026-04-22 11:00:00,3,0.05,5
ORD-0001484,PRD-0466,2026-08-16 23:00:00,1,0.1,5
ORD-0001485,PRD-0311,2026-07-19 08:00:00,2,0.05,5
ORD-0001486,PRD-0262,2026-02-23 08:00:00,3,0.0,5
ORD-0001487,PRD-0419,2026-02-21 08:00:00,3,0.0,5
ORD-0001488,PRD-0406,2026-07-02 08:00:00,2,0.05,4
ORD-0001489,PRD-0427,2026-07-09 02:00:00,2,0.05,4
ORD-0001490,PRD-0143,2026-03-19 15:00:00,4,0.05,5
ORD-0001491,PRD-0342,2026-07-25 12:00:00,2,0.0,5
ORD-0001492,PRD-0316,2026-07-06 20:00:00,2,0.2,5
ORD-0001493,PRD-0101,2026-01-26 16:00:00,2,0.0,5
ORD-0001494,PRD-0244,2026-01-07 02:00:00,2,0.05,5
ORD-0001495,PRD-0490,2026-07-12 08:00:00,4,0.0,4
ORD-0001496,PRD-0012,2026-07-16 21:00:00,3,0.0,4
ORD-0001497,PRD-0239,2026-06-03 05:00:00,1,0.1,5
ORD-0001498,PRD-0049,2026-01-13 00:00:00,1,0.0,4
ORD-0001499,PRD-0042,2026-02-28 17:00:00,3,0.0,5
ORD-0001500,PRD-0166,2026-01-01 13:00:00,1,0.0,5
ORD-0001501,PRD-0082,2026-01-11 16:00:00,1,0.05,4
ORD-0001502,PRD-0429,2026-03-13 17:00:00,3,0.0,5
ORD-0001503,PRD-0291,2026-03-01 07:00:00,1,0.0,4
ORD-0001504,PRD-0158,2026-08-10 22:00:00,1,0.2,4
ORD-0001505,PRD-0216,2026-07-26 09:00:00,3,0.0,4
ORD-0001506,PRD-0490,2026-05-05 14:00:00,1,0.0,5
ORD-0001507,PRD-0158,2026-02-19 19:00:00,2,0.0,4
ORD-0001508,PRD-0462,2026-07-09 23:00:00,3,0.2,4
ORD-0001509,PRD-0134,2026-07-01 21:00:00,4,0.0,4
ORD-0001510,PRD-0067,2026-02-21 20:00:00,1,0.05,4
ORD-0001511,PRD-0336,2026-05-15 07:00:00,4,0.0,5
ORD-0001512,PRD-0007,2026-08-09 22:00:00,1,0.1,3
ORD-0001513,PRD-0436,2026-05-25 14:00:00,2,0.05,5
ORD-0001514,PRD-0014,2026-06-23 15:00:00,3,0.0,4
ORD-0001515,PRD-0073,2026-06-15 09:00:00,4,0.0,5
ORD-0001516,PRD-0399,2026-02-24 10:00:00,3,0.1,3
ORD-0001517,PRD-0405,2026-03-30 09:00:00,4,0.0,5
ORD-0001518,PRD-0163,2026-04-11 02:00:00,1,0.2,4
ORD-0001519,PRD-0066,2026-01-21 16:00:00,2,0.0,5
ORD-0001520,PRD-0347,2026-05-22 15:00:00,4,0.05,5
ORD-0001521,PRD-0130,2026-07-31 19:00:00,4,0.0,5
ORD-0001522,PRD-0419,2026-05-31 06:00:00,2,0.05,5
ORD-0001523,PRD-0466,2026-02-07 21:00:00,2,0.0,3
ORD-0001524,PRD-0206,2026-01-16 12:00:00,2,0.0,5
ORD-0001525,PRD-0276,2026-07-05 17:00:00,2,0.0,4
ORD-0001526,PRD-0466,2026-02-26 00:00:00,2,0.0,5
ORD-0001527,PRD-0256,2026-01-14 11:00:00,3,0.0,5
ORD-0001528,PRD-0266,2026-04-12 07:00:00,1,0.0,5
ORD-0001529,PRD-0025,2026-07-14 14:00:00,1,0.1,3
ORD-0001530,PRD-0450,2026-07-21 07:00:00,4,0.0,4
ORD-0001531,PRD-0281,2026-04-27 00:00:00,2,0.05,4
ORD-0001532,PRD-0253,2026-04-10 17:00:00,3,0.0,3
ORD-0001533,PRD-0310,2026-06-13 08:00:00,3,0.0,2
ORD-0001534,PRD-0289,2026-02-20 15:00:00,4,0.0,4
ORD-0001535,PRD-0164,2026-03-12 15:00:00,2,0.2,5
ORD-0001536,PRD-0095,2026-03-21 11:00:00,1,0.1,5
ORD-0001537,PRD-0270,2026-07-20 14:00:00,2,0.0,5
ORD-0001538,PRD-0321,2026-02-02 12:00:00,3,0.05,4
ORD-0001539,PRD-0110,2026-02-12 11:00:00,2,0.0,5
ORD-0001540,PRD-0336,2026-05-17 01:00:00,1,0.0,5
ORD-0001541,PRD-0310,2026-02-28 11:00:00,1,0.0,5
ORD-0001542,PRD-0238,2026-03-01 10:00:00,4,0.0,2
ORD-0001543,PRD-0381,2026-01-28 15:00:00,3,0.0,4
ORD-0001544,PRD-0436,2026-04-21 07:00:00,2,0.05,5
ORD-0001545,PRD-0387,2026-01-01 10:00:00,2,0.0,4
ORD-0001546,PRD-0483,2026-02-13 06:00:00,4,0.05,5
ORD-0001547,PRD-0425,2026-04-28 17:00:00,4,0.0,3
ORD-0001548,PRD-0390,2026-05-06 03:00:00,4,0.0,3
ORD-0001549,PRD-0025,2026-07-15 00:00:00,3,0.05,5
ORD-0001550,PRD-0141,2026-02-14 19:00:00,2,0.1,4
ORD-0001551,PRD-0117,2026-05-09 16:00:00,4,0.2,4
ORD-0001552,PRD-0482,2026-08-16 22:00:00,3,0.0,4
ORD-0001553,PRD-0392,2026-08-20 03:00:00,2,0.05,5
ORD-0001554,PRD-0405,2026-03-16 13:00:00,1,0.05,2
ORD-0001555,PRD-0482,2026-05-07 12:00:00,4,0.0,5
ORD-0001556,PRD-0452,2026-07-21 14:00:00,3,0.0,4
ORD-0001557,PRD-0025,2026-06-02 05:00:00,2,0.0,5
ORD-0001558,PRD-0079,2026-05-13 07:00:00,2,0.0,5
ORD-0001559,PRD-0068,2026-06-29 03:00:00,4,0.0,4
ORD-0001560,PRD-0173,2026-02-14 20:00:00,4,0.2,3
ORD-0001561,PRD-0444,2026-02-10 13:00:00,2,0.0,3
ORD-0001562,PRD-0012,2026-08-17 22:00:00,3,0.05,5
ORD-0001563,PRD-0288,2026-03-19 17:00:00,1,0.05,3
ORD-0001564,PRD-0128,2026-05-11 05:00:00,2,0.0,4
ORD-0001565,PRD-0096,2026-02-24 03:00:00,3,0.0,4
ORD-0001566,PRD-0092,2026-05-22 22:00:00,4,0.0,4
ORD-0001567,PRD-0141,2026-08-03 14:00:00,2,0.05,2
ORD-0001568,PRD-0031,2026-02-18 06:00:00,4,0.2,5
ORD-0001569,PRD-0334,2026-05-11 09:00:00,1,0.0,5
ORD-0001570,PRD-0020,2026-01-05 08:00:00,4,0.1,4
ORD-0001571,PRD-0146,2026-05-29 15:00:00,1,0.0,5
ORD-0001572,PRD-0477,2026-07-01 04:00:00,4,0.05,5
ORD-0001573,PRD-0316,2026-07-02 22:00:00,4,0.0,5
ORD-0001574,PRD-0447,2026-02-19 05:00:00,1,0.0,5
ORD-0001575,PRD-0390,2026-07-13 12:00:00,4,0.0,5
ORD-0001576,PRD-0160,2026-05-11 18:00:00,3,0.0,5
ORD-0001577,PRD-0349,2026-07-03 02:00:00,4,0.0,5
ORD-0001578,PRD-0043,2026-05-28 06:00:00,2,0.05,4
ORD-0001579,PRD-0254,2026-06-24 20:00:00,4,0.0,4
ORD-0001580,PRD-0130,2026-05-11 07:00:00,3,0.05,4
ORD-0001581,PRD-0060,2026-03-15 22:00:00,2,0.0,5
ORD-0001582,PRD-0151,2026-06-08 22:00:00,3,0.05,4
ORD-0001583,PRD-0467,2026-07-27 01:00:00,2,0.05,5
ORD-0001584,PRD-0287,2026-01-04 19:00:00,4,0.05,4
ORD-0001585,PRD-0499,2026-01-19 14:00:00,3,0.0,5
ORD-0001586,PRD-0005,2026-01-05 12:00:00,4,0.0,2
ORD-0001587,PRD-0467,2026-07-03 20:00:00,2,0.1,5
ORD-0001588,PRD-0418,2026-05-15 23:00:00,3,0.0,5
ORD-0001589,PRD-0266,2026-06-18 21:00:00,1,0.0,4
ORD-0001590,PRD-0345,2026-08-20 10:00:00,3,0.0,4
ORD-0001591,PRD-0130,2026-07-09 01:00:00,4,0.05,5
ORD-0001592,PRD-0382,2026-02-21 21:00:00,1,0.05,4
ORD-0001593,PRD-0267,2026-04-24 08:00:00,1,0.05,5
ORD-0001594,PRD-0178,2026-08-24 07:00:00,2,0.0,5
ORD-0001595,PRD-0253,2026-01-12 13:00:00,1,0.0,5
ORD-0001596,PRD-0415,2026-05-08 08:00:00,1,0.2,5
ORD-0001597,PRD-0056,2026-07-14 08:00:00,2,0.0,5
ORD-0001598,PRD-0463,2026-08-01 17:00:00,3,0.0,5
ORD-0001599,PRD-0457,2026-05-02 18:00:00,4,0.0,5
ORD-0001600,PRD-0471,2026-04-15 17:00:00,3,0.0,4
ORD-0001601,PRD-0083,2026-02-04 22:00:00,1,0.0,3
ORD-0001602,PRD-0393,2026-04-27 17:00:00,4,0.0,4
ORD-0001603,PRD-0099,2026-08-26 15:00:00,3,0.0,5
ORD-0001604,PRD-0149,2026-01-02 05:00:00,4,0.0,3
ORD-0001605,PRD-0329,2026-02-22 09:00:00,1,0.1,5
ORD-0001606,PRD-0156,2026-01-16 04:00:00,3,0.0,4
ORD-0001607,PRD-0190,2026-03-17 00:00:00,4,0.0,5
ORD-0001608,PRD-0494,2026-02-07 16:00:00,4,0.05,4
ORD-0001609,PRD-0371,2026-07-19 17:00:00,3,0.2,4
ORD-0001610,PRD-0263,2026-04-01 18:00:00,3,0.0,2
ORD-0001611,PRD-0080,2026-04-29 18:00:00,1,0.1,4
ORD-0001612,PRD-0400,2026-04-29 04:00:00,2,0.0,4
ORD-0001613,PRD-0252,2026-07-05 06:00:00,4,0.0,5
ORD-0001614,PRD-0097,2026-01-08 11:00:00,3,0.0,4
ORD-0001615,PRD-0260,2026-06-11 09:00:00,3,0.0,5
ORD-0001616,PRD-0260,2026-08-22 07:00:00,3,0.05,4
ORD-0001617,PRD-0103,2026-06-15 00:00:00,4,0.0,1
ORD-0001618,PRD-0040,2026-02-19 10:00:00,1,0.0,5
ORD-0001619,PRD-0273,2026-06-14 23:00:00,2,0.05,2
ORD-0001620,PRD-0101,2026-02-02 05:00:00,4,0.0,5
ORD-0001621,PRD-0359,2026-07-11 21:00:00,1,0.1,5
ORD-0001622,PRD-0380,2026-07-05 20:00:00,4,0.1,4
ORD-0001623,PRD-0308,2026-01-15 16:00:00,4,0.0,5
ORD-0001624,PRD-0221,2026-08-05 18:00:00,3,0.2,3
ORD-0001625,PRD-0308,2026-08-11 16:00:00,1,0.0,5
ORD-0001626,PRD-0420,2026-07-07 19:00:00,3,0.0,5
ORD-0001627,PRD-0124,2026-07-21 06:00:00,3,0.0,5
ORD-0001628,PRD-0422,2026-05-07 04:00:00,1,0.05,4
ORD-0001629,PRD-0231,2026-01-05 21:00:00,3,0.05,4
ORD-0001630,PRD-0178,2026-01-21 01:00:00,3,0.0,5
ORD-0001631,PRD-0063,2026-06-28 15:00:00,2,0.0,5
ORD-0001632,PRD-0485,2026-04-20 21:00:00,1,0.0,5
ORD-0001633,PRD-0116,2026-01-05 10:00:00,1,0.1,4
ORD-0001634,PRD-0191,2026-07-06 13:00:00,3,0.1,5
ORD-0001635,PRD-0062,2026-07-23 06:00:00,3,0.05,5
ORD-0001636,PRD-0256,2026-01-11 03:00:00,1,0.05,4
ORD-0001637,PRD-0483,2026-04-20 16:00:00,1,0.0,5
ORD-0001638,PRD-0007,2026-07-10 03:00:00,4,0.0,4
ORD-0001639,PRD-0155,2026-02-06 01:00:00,1,0.0,4
ORD-0001640,PRD-0092,2026-05-05 05:00:00,4,0.05,3
ORD-0001641,PRD-0470,2026-03-07 01:00:00,3,0.0,5
ORD-0001642,PRD-0014,2026-08-11 01:00:00,2,0.0,5
ORD-0001643,PRD-0455,2026-01-26 03:00:00,2,0.2,5
ORD-0001644,PRD-0229,2026-08-28 20:00:00,4,0.1,3
ORD-0001645,PRD-0086,2026-05-08 14:00:00,3,0.0,4
ORD-0001646,PRD-0133,2026-06-17 10:00:00,3,0.05,5
ORD-0001647,PRD-0183,2026-08-05 08:00:00,3,0.2,5
ORD-0001648,PRD-0386,2026-03-25 23:00:00,1,0.0,5
ORD-0001649,PRD-0062,2026-03-11 02:00:00,3,0.0,2
ORD-0001650,PRD-0219,2026-05-21 20:00:00,1,0.0,5
ORD-0001651,PRD-0405,2026-06-06 23:00:00,4,0.0,5
ORD-0001652,PRD-0246,2026-06-07 02:00:00,2,0.1,5
ORD-0001653,PRD-0230,2026-08-31 21:00:00,4,0.0,5
ORD-0001654,PRD-0079,2026-03-09 05:00:00,3,0.0,5
ORD-0001655,PRD-0149,2026-07-26 11:00:00,3,0.0,5
ORD-0001656,PRD-0138,2026-03-20 07:00:00,4,0.0,5
ORD-0001657,PRD-0471,2026-08-12 20:00:00,1,0.0,5
ORD-0001658,PRD-0314,2026-06-21 04:00:00,1,0.05,4
ORD-0001659,PRD-0376,2026-04-08 18:00:00,1,0.0,5
ORD-0001660,PRD-0423,2026-02-15 19:00:00,2,0.05,5
ORD-0001661,PRD-0389,2026-02-14 18:00:00,2,0.05,4
ORD-0001662,PRD-0065,2026-02-02 18:00:00,3,0.0,5
ORD-0001663,PRD-0013,2026-01-07 04:00:00,4,0.05,5
ORD-0001664,PRD-0213,2026-03-15 02:00:00,4,0.05,4
ORD-0001665,PRD-0474,2026-04-01 09:00:00,3,0.0,5
ORD-0001666,PRD-0242,2026-08-13 23:00:00,1,0.0,4
ORD-0001667,PRD-0493,2026-06-06 12:00:00,2,0.05,5
ORD-0001668,PRD-0213,2026-02-19 03:00:00,4,0.2,4
ORD-0001669,PRD-0181,2026-05-18 21:00:00,3,0.0,5
ORD-0001670,PRD-0338,2026-04-11 23:00:00,1,0.0,5
ORD-0001671,PRD-0485,2026-06-24 01:00:00,1,0.0,5
ORD-0001672,PRD-0173,2026-07-11 03:00:00,2,0.0,5
ORD-0001673,PRD-0160,2026-02-08 12:00:00,2,0.0,3
ORD-0001674,PRD-0164,2026-08-13 16:00:00,3,0.0,5
ORD-0001675,PRD-0465,2026-03-08 19:00:00,3,0.0,3
ORD-0001676,PRD-0483,2026-05-08 04:00:00,1,0.0,5
ORD-0001677,PRD-0497,2026-08-26 04:00:00,1,0.0,5
ORD-0001678,PRD-0188,2026-06-25 18:00:00,4,0.0,5
ORD-0001679,PRD-0395,2026-07-20 03:00:00,1,0.0,5
ORD-0001680,PRD-0191,2026-04-10 01:00:00,3,0.0,2
ORD-0001681,PRD-0405,2026-05-26 00:00:00,2,0.1,3
ORD-0001682,PRD-0308,2026-07-31 22:00:00,3,0.2,5
ORD-0001683,PRD-0256,2026-05-13 14:00:00,4,0.0,5
ORD-0001684,PRD-0183,2026-04-28 09:00:00,4,0.0,3
ORD-0001685,PRD-0117,2026-05-12 16:00:00,2,0.0,3
ORD-0001686,PRD-0282,2026-07-20 05:00:00,3,0.0,5
ORD-0001687,PRD-0196,2026-07-23 17:00:00,4,0.0,1
ORD-0001688,PRD-0034,2026-01-30 15:00:00,3,0.0,5
ORD-0001689,PRD-0052,2026-04-18 18:00:00,4,0.05,5
ORD-0001690,PRD-0112,2026-04-21 08:00:00,2,0.0,5
ORD-0001691,PRD-0252,2026-03-13 13:00:00,4,0.0,1
ORD-0001692,PRD-0082,2026-07-01 08:00:00,3,0.05,1
ORD-0001693,PRD-0232,2026-08-10 04:00:00,3,0.05,5
ORD-0001694,PRD-0227,2026-02-06 06:00:00,4,0.0,5
ORD-0001695,PRD-0233,2026-05-29 22:00:00,1,0.0,4
ORD-0001696,PRD-0221,2026-08-31 19:00:00,2,0.0,4
ORD-0001697,PRD-0436,2026-07-24 08:00:00,2,0.0,3
ORD-0001698,PRD-0413,2026-01-12 06:00:00,4,0.0,5
ORD-0001699,PRD-0422,2026-03-06 07:00:00,4,0.0,5
ORD-0001700,PRD-0042,2026-01-23 21:00:00,1,0.0,3
ORD-0001701,PRD-0021,2026-08-07 01:00:00,2,0.05,4
ORD-0001702,PRD-0042,2026-07-14 07:00:00,1,0.05,5
ORD-0001703,PRD-0397,2026-06-17 06:00:00,2,0.0,4
ORD-0001704,PRD-0113,2026-07-05 14:00:00,4,0.0,5
ORD-0001705,PRD-0105,2026-08-29 09:00:00,2,0.0,5
ORD-0001706,PRD-0192,2026-08-27 21:00:00,2,0.0,5
ORD-0001707,PRD-0017,2026-08-16 05:00:00,2,0.0,5
ORD-0001708,PRD-0120,2026-03-13 08:00:00,1,0.1,5
ORD-0001709,PRD-0393,2026-05-16 00:00:00,1,0.05,5
ORD-0001710,PRD-0425,2026-02-26 18:00:00,2,0.1,4
ORD-0001711,PRD-0129,2026-07-23 21:00:00,3,0.05,3
ORD-0001712,PRD-0130,2026-02-23 12:00:00,1,0.2,5
ORD-0001713,PRD-0060,2026-02-06 22:00:00,4,0.05,4
ORD-0001714,PRD-0048,2026-08-10 14:00:00,4,0.2,5
ORD-0001715,PRD-0029,2026-04-05 02:00:00,2,0.0,1
ORD-0001716,PRD-0097,2026-07-02 14:00:00,4,0.0,5
ORD-0001717,PRD-0010,2026-08-31 03:00:00,1,0.0,5
ORD-0001718,PRD-0242,2026-03-16 09:00:00,3,0.2,5
ORD-0001719,PRD-0314,2026-07-21 14:00:00,3,0.0,4
ORD-0001720,PRD-0444,2026-05-28 15:00:00,3,0.0,5
ORD-0001721,PRD-0232,2026-08-22 09:00:00,4,0.0,4
ORD-0001722,PRD-0277,2026-08-03 06:00:00,2,0.05,4
ORD-0001723,PRD-0284,2026-01-13 07:00:00,4,0.0,2
ORD-0001724,PRD-0203,2026-03-27 13:00:00,2,0.05,5
ORD-0001725,PRD-0247,2026-04-19 05:00:00,3,0.2,4
ORD-0001726,PRD-0290,2026-01-29 08:00:00,1,0.1,5
ORD-0001727,PRD-0264,2026-07-23 18:00:00,4,0.0,5
ORD-0001728,PRD-0443,2026-06-29 02:00:00,1,0.0,5
ORD-0001729,PRD-0214,2026-01-14 12:00:00,3,0.0,5
ORD-0001730,PRD-0200,2026-04-06 11:00:00,2,0.0,5
ORD-0001731,PRD-0433,2026-07-04 06:00:00,1,0.0,5
ORD-0001732,PRD-0079,2026-02-11 02:00:00,4,0.05,5
ORD-0001733,PRD-0401,2026-05-10 22:00:00,1,0.0,3
ORD-0001734,PRD-0444,2026-02-01 16:00:00,1,0.1,3
ORD-0001735,PRD-0343,2026-06-03 21:00:00,4,0.2,2
ORD-0001736,PRD-0344,2026-02-13 04:00:00,2,0.0,4
ORD-0001737,PRD-0173,2026-02-07 18:00:00,4,0.2,4
ORD-0001738,PRD-0467,2026-08-18 03:00:00,3,0.05,5
ORD-0001739,PRD-0069,2026-01-16 04:00:00,2,0.0,5
ORD-0001740,PRD-0416,2026-05-23 05:00:00,1,0.0,4
ORD-0001741,PRD-0428,2026-08-11 12:00:00,4,0.0,5
ORD-0001742,PRD-0449,2026-08-28 08:00:00,3,0.0,5
ORD-0001743,PRD-0087,2026-02-14 13:00:00,4,0.05,4
ORD-0001744,PRD-0101,2026-07-02 01:00:00,2,0.0,5
ORD-0001745,PRD-0008,2026-04-04 23:00:00,3,0.05,5
ORD-0001746,PRD-0333,2026-06-03 14:00:00,1,0.0,3
ORD-0001747,PRD-0200,2026-06-25 19:00:00,2,0.0,5
ORD-0001748,PRD-0087,2026-05-09 09:00:00,3,0.0,2
ORD-0001749,PRD-0043,2026-08-16 00:00:00,2,0.0,4
ORD-0001750,PRD-0385,2026-05-16 18:00:00,1,0.0,5
ORD-0001751,PRD-0109,2026-08-30 03:00:00,3,0.0,5
ORD-0001752,PRD-0435,2026-03-29 19:00:00,4,0.1,5
ORD-0001753,PRD-0408,2026-05-03 05:00:00,4,0.05,4
ORD-0001754,PRD-0483,2026-04-28 21:00:00,1,0.0,5
ORD-0001755,PRD-0152,2026-01-19 09:00:00,3,0.0,4
ORD-0001756,PRD-0017,2026-08-11 08:00:00,1,0.0,5
ORD-0001757,PRD-0133,2026-07-28 14:00:00,1,0.0,4
ORD-0001758,PRD-0148,2026-08-02 09:00:00,2,0.05,5
ORD-0001759,PRD-0277,2026-03-06 23:00:00,4,0.1,5
ORD-0001760,PRD-0232,2026-03-14 13:00:00,1,0.05,5
ORD-0001761,PRD-0314,2026-08-31 22:00:00,2,0.0,4
ORD-0001762,PRD-0415,2026-01-27 01:00:00,1,0.1,5
ORD-0001763,PRD-0366,2026-06-10 23:00:00,1,0.0,5
ORD-0001764,PRD-0228,2026-03-12 10:00:00,1,0.2,5
ORD-0001765,PRD-0139,2026-08-01 05:00:00,4,0.0,5
ORD-0001766,PRD-0436,2026-04-26 21:00:00,3,0.0,1
ORD-0001767,PRD-0399,2026-01-04 18:00:00,4,0.0,4
ORD-0001768,PRD-0211,2026-05-06 06:00:00,2,0.0,4
ORD-0001769,PRD-0391,2026-06-29 06:00:00,3,0.05,5
ORD-0001770,PRD-0499,2026-02-15 08:00:00,2,0.05,5
ORD-0001771,PRD-0028,2026-07-12 03:00:00,1,0.0,3
ORD-0001772,PRD-0051,2026-02-19 04:00:00,3,0.05,5
ORD-0001773,PRD-0491,2026-03-21 05:00:00,2,0.0,3
ORD-0001774,PRD-0442,2026-07-07 02:00:00,1,0.0,4
ORD-0001775,PRD-0261,2026-08-05 09:00:00,2,0.2,4
ORD-0001776,PRD-0261,2026-01-08 18:00:00,2,0.1,5
ORD-0001777,PRD-0350,2026-03-08 13:00:00,4,0.0,5
ORD-0001778,PRD-0352,2026-05-23 00:00:00,1,0.0,4
ORD-0001779,PRD-0008,2026-06-06 03:00:00,4,0.0,5
ORD-0001780,PRD-0320,2026-08-25 23:00:00,3,0.05,3
ORD-0001781,PRD-0138,2026-04-22 06:00:00,1,0.2,4
ORD-0001782,PRD-0038,2026-07-21 01:00:00,4,0.0,4
ORD-0001783,PRD-0111,2026-01-10 23:00:00,4,0.1,4
ORD-0001784,PRD-0480,2026-04-18 12:00:00,3,0.0,5
ORD-0001785,PRD-0368,2026-06-26 12:00:00,2,0.0,5
ORD-0001786,PRD-0220,2026-01-06 18:00:00,2,0.2,4
ORD-0001787,PRD-0337,2026-04-15 10:00:00,2,0.0,4
ORD-0001788,PRD-0223,2026-06-23 13:00:00,3,0.0,1
ORD-0001789,PRD-0136,2026-07-06 16:00:00,4,0.05,4
ORD-0001790,PRD-0256,2026-07-16 21:00:00,1,0.0,5
ORD-0001791,PRD-0360,2026-04-04 13:00:00,3,0.0,4
ORD-0001792,PRD-0409,2026-06-29 04:00:00,2,0.2,5
ORD-0001793,PRD-0329,2026-03-14 21:00:00,2,0.05,4
ORD-0001794,PRD-0450,2026-01-24 15:00:00,1,0.1,4
ORD-0001795,PRD-0463,2026-07-31 13:00:00,3,0.0,5
ORD-0001796,PRD-0434,2026-07-24 04:00:00,2,0.0,4
ORD-0001797,PRD-0451,2026-08-30 22:00:00,3,0.2,4
ORD-0001798,PRD-0049,2026-02-06 17:00:00,4,0.0,4
ORD-0001799,PRD-0292,2026-07-31 05:00:00,3,0.0,4
ORD-0001800,PRD-0382,2026-01-27 15:00:00,4,0.0,4
ORD-0001801,PRD-0324,2026-08-20 06:00:00,1,0.0,4
ORD-0001802,PRD-0078,2026-06-15 01:00:00,4,0.0,5
ORD-0001803,PRD-0105,2026-07-04 04:00:00,4,0.1,5
ORD-0001804,PRD-0169,2026-07-09 01:00:00,1,0.2,5
ORD-0001805,PRD-0217,2026-07-24 03:00:00,2,0.0,4
ORD-0001806,PRD-0378,2026-04-08 07:00:00,1,0.05,5
ORD-0001807,PRD-0119,2026-06-30 01:00:00,3,0.1,4
ORD-0001808,PRD-0190,2026-08-04 23:00:00,1,0.05,2
ORD-0001809,PRD-0255,2026-07-30 22:00:00,3,0.0,4
ORD-0001810,PRD-0370,2026-05-05 09:00:00,2,0.0,4
ORD-0001811,PRD-0266,2026-01-24 07:00:00,3,0.0,2
ORD-0001812,PRD-0149,2026-01-30 17:00:00,1,0.0,2
ORD-0001813,PRD-0164,2026-07-11 09:00:00,1,0.0,4
ORD-0001814,PRD-0140,2026-06-16 04:00:00,2,0.0,4
ORD-0001815,PRD-0347,2026-01-11 16:00:00,1,0.0,4
ORD-0001816,PRD-0488,2026-01-25 00:00:00,2,0.0,3
ORD-0001817,PRD-0258,2026-01-02 13:00:00,2,0.0,4
ORD-0001818,PRD-0374,2026-03-28 08:00:00,1,0.0,4
ORD-0001819,PRD-0269,2026-07-07 17:00:00,4,0.05,2
ORD-0001820,PRD-0181,2026-01-20 04:00:00,3,0.0,4
ORD-0001821,PRD-0160,2026-03-02 00:00:00,4,0.1,2
ORD-0001822,PRD-0351,2026-07-06 14:00:00,2,0.2,5
ORD-0001823,PRD-0400,2026-03-18 08:00:00,3,0.05,4
ORD-0001824,PRD-0288,2026-07-14 08:00:00,4,0.05,4
ORD-0001825,PRD-0288,2026-08-04 07:00:00,1,0.2,3
ORD-0001826,PRD-0380,2026-05-22 15:00:00,4,0.0,4
ORD-0001827,PRD-0226,2026-01-19 00:00:00,3,0.2,4
ORD-0001828,PRD-0011,2026-06-22 23:00:00,3,0.05,5
ORD-0001829,PRD-0010,2026-03-14 23:00:00,3,0.05,5
ORD-0001830,PRD-0271,2026-03-27 07:00:00,3,0.0,1
ORD-0001831,PRD-0273,2026-07-28 05:00:00,4,0.0,5
ORD-0001832,PRD-0424,2026-08-27 08:00:00,1,0.05,4
ORD-0001833,PRD-0402,2026-04-29 08:00:00,1,0.05,3
ORD-0001834,PRD-0183,2026-01-11 16:00:00,3,0.05,5
ORD-0001835,PRD-0457,2026-01-28 23:00:00,1,0.0,3
ORD-0001836,PRD-0153,2026-01-21 09:00:00,4,0.0,4
ORD-0001837,PRD-0488,2026-06-04 18:00:00,1,0.0,5
ORD-0001838,PRD-0315,2026-03-29 08:00:00,2,0.0,5
ORD-0001839,PRD-0334,2026-03-12 02:00:00,1,0.0,5
ORD-0001840,PRD-0124,2026-07-03 19:00:00,3,0.0,5
ORD-0001841,PRD-0473,2026-04-13 12:00:00,1,0.0,5
ORD-0001842,PRD-0114,2026-07-08 17:00:00,1,0.0,4
ORD-0001843,PRD-0278,2026-08-02 09:00:00,1,0.0,1
ORD-0001844,PRD-0500,2026-06-13 00:00:00,1,0.2,5
ORD-0001845,PRD-0414,2026-03-24 07:00:00,2,0.05,5
ORD-0001846,PRD-0468,2026-05-15 00:00:00,4,0.05,4
ORD-0001847,PRD-0213,2026-02-27 21:00:00,3,0.0,5
ORD-0001848,PRD-0172,2026-07-08 03:00:00,3,0.05,3
ORD-0001849,PRD-0288,2026-08-26 04:00:00,1,0.0,4
ORD-0001850,PRD-0435,2026-06-10 16:00:00,4,0.2,3
ORD-0001851,PRD-0174,2026-03-08 00:00:00,1,0.05,4
ORD-0001852,PRD-0113,2026-07-25 19:00:00,2,0.0,5
ORD-0001853,PRD-0376,2026-08-20 19:00:00,4,0.1,4
ORD-0001854,PRD-0405,2026-05-04 11:00:00,4,0.0,5
ORD-0001855,PRD-0483,2026-07-08 17:00:00,4,0.0,5
ORD-0001856,PRD-0122,2026-08-25 10:00:00,4,0.05,4
ORD-0001857,PRD-0032,2026-07-30 19:00:00,1,0.0,5
ORD-0001858,PRD-0222,2026-02-10 16:00:00,2,0.0,3
ORD-0001859,PRD-0119,2026-05-21 04:00:00,4,0.05,5
ORD-0001860,PRD-0039,2026-01-02 21:00:00,3,0.0,4
ORD-0001861,PRD-0497,2026-02-19 17:00:00,3,0.05,4
ORD-0001862,PRD-0268,2026-05-20 06:00:00,2,0.2,5
ORD-0001863,PRD-0233,2026-07-08 00:00:00,3,0.0,5
ORD-0001864,PRD-0431,2026-07-25 23:00:00,1,0.0,5
ORD-0001865,PRD-0018,2026-01-11 06:00:00,1,0.0,5
ORD-0001866,PRD-0149,2026-05-15 03:00:00,2,0.0,5
ORD-0001867,PRD-0397,2026-06-30 05:00:00,4,0.0,4
ORD-0001868,PRD-0149,2026-02-02 23:00:00,3,0.0,5
ORD-0001869,PRD-0126,2026-01-27 12:00:00,3,0.0,4
ORD-0001870,PRD-0392,2026-06-07 07:00:00,2,0.0,3
ORD-0001871,PRD-0302,2026-04-11 21:00:00,2,0.05,4
ORD-0001872,PRD-0360,2026-07-21 09:00:00,3,0.1,4
ORD-0001873,PRD-0238,2026-02-15 08:00:00,4,0.05,4
ORD-0001874,PRD-0135,2026-06-24 07:00:00,2,0.0,4
ORD-0001875,PRD-0151,2026-05-12 15:00:00,1,0.0,3
ORD-0001876,PRD-0236,2026-01-30 16:00:00,3,0.05,5
ORD-0001877,PRD-0224,2026-08-10 19:00:00,2,0.0,5
ORD-0001878,PRD-0203,2026-08-18 05:00:00,2,0.0,5
ORD-0001879,PRD-0256,2026-07-15 16:00:00,2,0.1,4
ORD-0001880,PRD-0086,2026-08-22 03:00:00,3,0.0,5
ORD-0001881,PRD-0150,2026-06-01 20:00:00,1,0.0,3
ORD-0001882,PRD-0235,2026-06-12 02:00:00,1,0.1,5
ORD-0001883,PRD-0345,2026-04-18 18:00:00,3,0.2,4
ORD-0001884,PRD-0022,2026-06-29 13:00:00,2,0.0,5
ORD-0001885,PRD-0348,2026-03-29 20:00:00,3,0.0,4
ORD-0001886,PRD-0285,2026-07-19 17:00:00,3,0.0,5
ORD-0001887,PRD-0269,2026-05-31 14:00:00,2,0.05,5
ORD-0001888,PRD-0466,2026-02-21 18:00:00,3,0.0,5
ORD-0001889,PRD-0258,2026-03-27 19:00:00,4,0.0,3
ORD-0001890,PRD-0029,2026-05-26 06:00:00,1,0.2,4
ORD-0001891,PRD-0213,2026-08-08 23:00:00,4,0.0,5
ORD-0001892,PRD-0463,2026-08-01 08:00:00,4,0.2,4
ORD-0001893,PRD-0436,2026-06-30 12:00:00,4,0.2,5
ORD-0001894,PRD-0283,2026-06-08 18:00:00,3,0.0,4
ORD-0001895,PRD-0050,2026-08-09 20:00:00,2,0.05,5
ORD-0001896,PRD-0095,2026-06-12 12:00:00,3,0.0,5
ORD-0001897,PRD-0463,2026-04-19 13:00:00,1,0.05,5
ORD-0001898,PRD-0499,2026-08-21 09:00:00,3,0.05,1
ORD-0001899,PRD-0407,2026-08-05 15:00:00,3,0.0,4
ORD-0001900,PRD-0088,2026-07-17 14:00:00,3,0.05,5
ORD-0001901,PRD-0044,2026-05-07 10:00:00,3,0.1,5
ORD-0001902,PRD-0461,2026-07-10 08:00:00,4,0.0,3
ORD-0001903,PRD-0278,2026-06-25 07:00:00,2,0.0,4
ORD-0001904,PRD-0171,2026-06-18 19:00:00,1,0.0,5
ORD-0001905,PRD-0421,2026-05-21 03:00:00,1,0.0,5
ORD-0001906,PRD-0189,2026-06-17 13:00:00,1,0.2,5
ORD-0001907,PRD-0353,2026-03-18 21:00:00,3,0.1,5
ORD-0001908,PRD-0184,2026-08-28 14:00:00,1,0.0,5
ORD-0001909,PRD-0003,2026-01-16 22:00:00,4,0.0,3
ORD-0001910,PRD-0191,2026-06-21 08:00:00,2,0.0,3
ORD-0001911,PRD-0118,2026-07-11 04:00:00,3,0.0,2
ORD-0001912,PRD-0019,2026-06-08 18:00:00,3,0.0,5
ORD-0001913,PRD-0023,2026-03-21 00:00:00,4,0.0,4
ORD-0001914,PRD-0413,2026-03-04 21:00:00,1,0.0,2
ORD-0001915,PRD-0030,2026-06-25 12:00:00,3,0.2,4
ORD-0001916,PRD-0295,2026-03-07 18:00:00,3,0.05,4
ORD-0001917,PRD-0108,2026-02-06 15:00:00,4,0.05,5
ORD-0001918,PRD-0367,2026-04-01 02:00:00,4,0.0,5
ORD-0001919,PRD-0281,2026-03-07 12:00:00,1,0.2,5
ORD-0001920,PRD-0128,2026-03-10 16:00:00,2,0.05,1
ORD-0001921,PRD-0229,2026-07-17 11:00:00,2,0.1,5
ORD-0001922,PRD-0111,2026-02-26 15:00:00,1,0.0,4
ORD-0001923,PRD-0136,2026-07-04 15:00:00,2,0.0,5
ORD-0001924,PRD-0362,2026-05-04 17:00:00,4,0.0,2
ORD-0001925,PRD-0186,2026-06-15 00:00:00,4,0.0,2
ORD-0001926,PRD-0144,2026-06-08 19:00:00,4,0.05,1
ORD-0001927,PRD-0072,2026-06-26 18:00:00,2,0.2,5
ORD-0001928,PRD-0129,2026-06-25 17:00:00,2,0.0,5
ORD-0001929,PRD-0364,2026-01-04 08:00:00,3,0.0,2
ORD-0001930,PRD-0261,2026-04-24 20:00:00,3,0.05,4
ORD-0001931,PRD-0003,2026-04-23 21:00:00,3,0.0,5
ORD-0001932,PRD-0449,2026-04-11 22:00:00,2,0.05,3
ORD-0001933,PRD-0388,2026-06-01 17:00:00,3,0.05,4
ORD-0001934,PRD-0104,2026-07-11 15:00:00,4,0.0,4
ORD-0001935,PRD-0483,2026-01-28 19:00:00,2,0.1,5
ORD-0001936,PRD-0224,2026-04-15 00:00:00,1,0.0,4
ORD-0001937,PRD-0320,2026-05-26 19:00:00,2,0.1,5
ORD-0001938,PRD-0362,2026-05-26 18:00:00,3,0.05,4
ORD-0001939,PRD-0354,2026-03-02 04:00:00,2,0.1,4
ORD-0001940,PRD-0491,2026-02-26 01:00:00,3,0.0,3
ORD-0001941,PRD-0473,2026-02-19 13:00:00,3,0.0,5
ORD-0001942,PRD-0010,2026-08-27 04:00:00,1,0.0,4
ORD-0001943,PRD-0405,2026-08-29 08:00:00,1,0.0,5
ORD-0001944,PRD-0384,2026-01-20 02:00:00,4,0.1,4
ORD-0001945,PRD-0302,2026-02-20 12:00:00,3,0.0,4
ORD-0001946,PRD-0231,2026-07-09 23:00:00,2,0.1,5
ORD-0001947,PRD-0219,2026-02-07 23:00:00,1,0.0,5
ORD-0001948,PRD-0411,2026-02-12 17:00:00,1,0.0,3
ORD-0001949,PRD-0066,2026-04-11 11:00:00,3,0.1,5
ORD-0001950,PRD-0425,2026-01-03 23:00:00,2,0.0,5
ORD-0001951,PRD-0112,2026-08-20 02:00:00,1,0.05,2
ORD-0001952,PRD-0013,2026-04-22 21:00:00,1,0.0,4
ORD-0001953,PRD-0393,2026-02-19 17:00:00,2,0.2,4
ORD-0001954,PRD-0500,2026-03-19 00:00:00,1,0.0,4
ORD-0001955,PRD-0420,2026-04-10 08:00:00,2,0.05,5
ORD-0001956,PRD-0086,2026-03-26 06:00:00,3,0.0,3
ORD-0001957,PRD-0234,2026-06-05 21:00:00,1,0.0,3
ORD-0001958,PRD-0090,2026-08-01 19:00:00,3,0.2,4
ORD-0001959,PRD-0314,2026-07-17 20:00:00,2,0.1,5
ORD-0001960,PRD-0054,2026-02-24 02:00:00,3,0.0,5
ORD-0001961,PRD-0012,2026-06-20 22:00:00,3,0.0,1
ORD-0001962,PRD-0209,2026-02-07 16:00:00,3,0.0,4
ORD-0001963,PRD-0462,2026-05-07 02:00:00,4,0.0,4
ORD-0001964,PRD-0014,2026-03-26 12:00:00,2,0.05,5
ORD-0001965,PRD-0121,2026-07-16 07:00:00,2,0.0,4
ORD-0001966,PRD-0418,2026-04-20 04:00:00,2,0.0,5
ORD-0001967,PRD-0437,2026-04-21 06:00:00,2,0.05,4
ORD-0001968,PRD-0377,2026-07-22 17:00:00,2,0.0,5
ORD-0001969,PRD-0020,2026-04-06 09:00:00,1,0.05,5
ORD-0001970,PRD-0075,2026-08-24 22:00:00,1,0.2,5
ORD-0001971,PRD-0400,2026-06-11 08:00:00,1,0.0,4
ORD-0001972,PRD-0243,2026-03-03 21:00:00,3,0.05,5
ORD-0001973,PRD-0223,2026-05-12 07:00:00,3,0.0,4
ORD-0001974,PRD-0070,2026-03-02 00:00:00,2,0.0,4
ORD-0001975,PRD-0312,2026-02-01 21:00:00,4,0.0,5
ORD-0001976,PRD-0211,2026-07-06 15:00:00,2,0.0,5
ORD-0001977,PRD-0101,2026-04-12 14:00:00,1,0.0,5
ORD-0001978,PRD-0186,2026-06-20 12:00:00,2,0.0,4
ORD-0001979,PRD-0132,2026-07-19 07:00:00,3,0.1,5
ORD-0001980,PRD-0111,2026-02-17 21:00:00,2,0.05,1
ORD-0001981,PRD-0381,2026-05-29 13:00:00,1,0.2,3
ORD-0001982,PRD-0132,2026-06-22 14:00:00,2,0.0,5
ORD-0001983,PRD-0020,2026-03-24 04:00:00,3,0.0,4
ORD-0001984,PRD-0394,2026-04-22 02:00:00,4,0.0,5
ORD-0001985,PRD-0024,2026-01-20 07:00:00,1,0.0,4
ORD-0001986,PRD-0227,2026-06-25 18:00:00,2,0.0,4
ORD-0001987,PRD-0154,2026-04-01 21:00:00,3,0.05,5
ORD-0001988,PRD-0293,2026-03-10 10:00:00,1,0.0,5
ORD-0001989,PRD-0230,2026-06-12 00:00:00,1,0.0,4
ORD-0001990,PRD-0469,2026-02-05 00:00:00,3,0.0,4
ORD-0001991,PRD-0310,2026-08-25 17:00:00,2,0.0,5
ORD-0001992,PRD-0488,2026-04-21 14:00:00,2,0.0,4
ORD-0001993,PRD-0359,2026-06-21 14:00:00,2,0.0,3
ORD-0001994,PRD-0405,2026-01-24 13:00:00,1,0.05,5
ORD-0001995,PRD-0202,2026-02-10 04:00:00,4,0.0,2
ORD-0001996,PRD-0038,2026-04-06 02:00:00,1,0.05,5
ORD-0001997,PRD-0430,2026-02-11 11:00:00,2,0.0,5
ORD-0001998,PRD-0260,2026-02-19 11:00:00,1,0.0,5
ORD-0001999,PRD-0188,2026-07-25 01:00:00,4,0.1,4
ORD-0002000,PRD-0057,2026-06-29 15:00:00,1,0.0,5
ORD-0002001,PRD-0429,2026-05-16 14:00:00,3,0.0,3
ORD-0002002,PRD-0020,2026-01-28 08:00:00,2,0.1,1
ORD-0002003,PRD-0273,2026-05-05 06:00:00,2,0.0,1
ORD-0002004,PRD-0119,2026-02-16 09:00:00,2,0.0,4
ORD-0002005,PRD-0071,2026-07-03 14:00:00,1,0.05,2
ORD-0002006,PRD-0004,2026-01-24 04:00:00,1,0.05,5
ORD-0002007,PRD-0221,2026-05-06 19:00:00,1,0.0,4
ORD-0002008,PRD-0014,2026-04-07 00:00:00,2,0.0,4
ORD-0002009,PRD-0003,2026-04-18 12:00:00,1,0.1,5
ORD-0002010,PRD-0216,2026-08-24 12:00:00,2,0.0,3
ORD-0002011,PRD-0229,2026-01-03 03:00:00,1,0.0,5
ORD-0002012,PRD-0336,2026-02-26 17:00:00,2,0.0,5
ORD-0002013,PRD-0186,2026-02-19 18:00:00,3,0.2,5
ORD-0002014,PRD-0055,2026-06-17 11:00:00,1,0.0,4
ORD-0002015,PRD-0500,2026-05-11 18:00:00,2,0.05,5
ORD-0002016,PRD-0388,2026-03-10 16:00:00,3,0.0,5
ORD-0002017,PRD-0376,2026-01-28 23:00:00,3,0.0,5
ORD-0002018,PRD-0254,2026-02-02 09:00:00,4,0.05,1
ORD-0002019,PRD-0024,2026-07-25 07:00:00,1,0.2,5
ORD-0002020,PRD-0162,2026-04-05 23:00:00,2,0.0,5
ORD-0002021,PRD-0158,2026-05-06 22:00:00,4,0.0,2
ORD-0002022,PRD-0082,2026-03-19 12:00:00,1,0.2,5
ORD-0002023,PRD-0403,2026-05-11 19:00:00,3,0.05,5
ORD-0002024,PRD-0159,2026-08-23 09:00:00,1,0.0,5
ORD-0002025,PRD-0188,2026-02-14 18:00:00,2,0.0,2
ORD-0002026,PRD-0060,2026-03-13 12:00:00,3,0.05,5
ORD-0002027,PRD-0403,2026-02-23 11:00:00,4,0.05,2
ORD-0002028,PRD-0305,2026-07-15 06:00:00,1,0.2,5
ORD-0002029,PRD-0319,2026-03-24 18:00:00,1,0.0,1
ORD-0002030,PRD-0366,2026-04-20 17:00:00,4,0.0,3
ORD-0002031,PRD-0211,2026-02-11 17:00:00,1,0.05,4
ORD-0002032,PRD-0406,2026-02-13 14:00:00,1,0.0,5
ORD-0002033,PRD-0152,2026-04-01 16:00:00,1,0.0,5
ORD-0002034,PRD-0109,2026-04-08 10:00:00,3,0.0,3
ORD-0002035,PRD-0076,2026-03-19 07:00:00,3,0.0,3
ORD-0002036,PRD-0030,2026-01-21 20:00:00,2,0.0,4
ORD-0002037,PRD-0314,2026-04-04 01:00:00,1,0.05,5
ORD-0002038,PRD-0486,2026-07-10 14:00:00,2,0.05,4
ORD-0002039,PRD-0117,2026-08-26 02:00:00,3,0.0,4
ORD-0002040,PRD-0415,2026-04-16 19:00:00,1,0.0,5
ORD-0002041,PRD-0356,2026-07-12 00:00:00,2,0.0,4
ORD-0002042,PRD-0192,2026-06-04 18:00:00,1,0.05,4
ORD-0002043,PRD-0019,2026-04-08 04:00:00,1,0.0,4
ORD-0002044,PRD-0432,2026-01-26 00:00:00,4,0.05,5
ORD-0002045,PRD-0173,2026-08-19 16:00:00,2,0.0,5
ORD-0002046,PRD-0228,2026-08-06 11:00:00,3,0.0,5
ORD-0002047,PRD-0350,2026-06-28 12:00:00,2,0.05,4
ORD-0002048,PRD-0183,2026-02-11 04:00:00,2,0.0,5
ORD-0002049,PRD-0113,2026-03-20 09:00:00,2,0.0,3
ORD-0002050,PRD-0183,2026-07-06 19:00:00,4,0.0,5
ORD-0002051,PRD-0481,2026-03-15 02:00:00,1,0.0,5
ORD-0002052,PRD-0146,2026-04-13 16:00:00,3,0.0,5
ORD-0002053,PRD-0319,2026-04-03 15:00:00,4,0.0,4
ORD-0002054,PRD-0116,2026-07-06 18:00:00,3,0.05,5
ORD-0002055,PRD-0113,2026-03-04 06:00:00,4,0.05,5
ORD-0002056,PRD-0251,2026-02-05 12:00:00,1,0.05,4
ORD-0002057,PRD-0476,2026-01-19 19:00:00,3,0.0,5
ORD-0002058,PRD-0251,2026-04-07 20:00:00,2,0.05,5
ORD-0002059,PRD-0303,2026-03-15 06:00:00,4,0.0,5
ORD-0002060,PRD-0459,2026-06-29 12:00:00,3,0.0,5
ORD-0002061,PRD-0313,2026-05-20 17:00:00,1,0.0,1
ORD-0002062,PRD-0118,2026-06-22 08:00:00,3,0.2,5
ORD-0002063,PRD-0301,2026-08-07 09:00:00,4,0.0,5
ORD-0002064,PRD-0161,2026-07-15 15:00:00,1,0.2,4
ORD-0002065,PRD-0401,2026-05-20 02:00:00,2,0.0,3
ORD-0002066,PRD-0198,2026-04-18 20:00:00,4,0.0,3
ORD-0002067,PRD-0260,2026-03-16 06:00:00,4,0.0,2
ORD-0002068,PRD-0148,2026-05-27 16:00:00,1,0.05,5
ORD-0002069,PRD-0240,2026-03-16 03:00:00,4,0.0,4
ORD-0002070,PRD-0047,2026-05-11 12:00:00,3,0.1,1
ORD-0002071,PRD-0475,2026-05-29 21:00:00,2,0.1,4
ORD-0002072,PRD-0399,2026-05-15 02:00:00,3,0.05,4
ORD-0002073,PRD-0198,2026-06-06 13:00:00,1,0.0,3
ORD-0002074,PRD-0047,2026-06-17 08:00:00,4,0.2,1
ORD-0002075,PRD-0078,2026-04-29 05:00:00,2,0.1,3
ORD-0002076,PRD-0124,2026-04-10 05:00:00,1,0.0,5
ORD-0002077,PRD-0075,2026-06-26 15:00:00,3,0.05,2
ORD-0002078,PRD-0359,2026-06-14 00:00:00,4,0.0,5
ORD-0002079,PRD-0137,2026-07-04 12:00:00,4,0.0,3
ORD-0002080,PRD-0090,2026-08-01 05:00:00,1,0.0,3
ORD-0002081,PRD-0400,2026-03-01 03:00:00,3,0.0,4
ORD-0002082,PRD-0325,2026-06-22 22:00:00,4,0.0,3
ORD-0002083,PRD-0500,2026-02-25 10:00:00,3,0.0,3
ORD-0002084,PRD-0061,2026-05-02 13:00:00,2,0.05,4
ORD-0002085,PRD-0138,2026-03-02 06:00:00,4,0.2,4
ORD-0002086,PRD-0050,2026-03-02 00:00:00,2,0.2,5
ORD-0002087,PRD-0259,2026-06-06 00:00:00,4,0.0,2
ORD-0002088,PRD-0461,2026-04-29 12:00:00,1,0.05,5
ORD-0002089,PRD-0107,2026-08-31 21:00:00,4,0.0,5
ORD-0002090,PRD-0113,2026-08-30 06:00:00,4,0.05,5
ORD-0002091,PRD-0350,2026-06-23 23:00:00,3,0.0,4
ORD-0002092,PRD-0254,2026-07-31 16:00:00,3,0.0,5
ORD-0002093,PRD-0118,2026-02-06 00:00:00,2,0.05,3
ORD-0002094,PRD-0493,2026-08-25 19:00:00,2,0.0,3
ORD-0002095,PRD-0198,2026-01-20 15:00:00,2,0.0,1
ORD-0002096,PRD-0337,2026-08-25 08:00:00,4,0.1,5
ORD-0002097,PRD-0365,2026-03-04 14:00:00,4,0.0,4
ORD-0002098,PRD-0051,2026-07-15 04:00:00,2,0.0,5
ORD-0002099,PRD-0245,2026-02-28 18:00:00,1,0.0,4
ORD-0002100,PRD-0403,2026-06-07 02:00:00,1,0.0,5
ORD-0002101,PRD-0426,2026-03-21 09:00:00,4,0.0,5
ORD-0002102,PRD-0035,2026-07-14 03:00:00,1,0.05,5
ORD-0002103,PRD-0302,2026-06-16 17:00:00,1,0.0,4
ORD-0002104,PRD-0410,2026-05-27 00:00:00,2,0.1,5
ORD-0002105,PRD-0499,2026-05-26 03:00:00,1,0.0,5
ORD-0002106,PRD-0069,2026-07-10 02:00:00,1,0.0,4
ORD-0002107,PRD-0349,2026-01-25 22:00:00,4,0.05,4
ORD-0002108,PRD-0320,2026-08-28 04:00:00,4,0.05,5
ORD-0002109,PRD-0421,2026-02-11 07:00:00,4,0.05,4
ORD-0002110,PRD-0468,2026-03-22 12:00:00,1,0.2,5
ORD-0002111,PRD-0049,2026-04-27 00:00:00,2,0.0,2
ORD-0002112,PRD-0405,2026-05-07 17:00:00,3,0.0,5
ORD-0002113,PRD-0074,2026-08-26 12:00:00,4,0.1,3
ORD-0002114,PRD-0192,2026-01-03 18:00:00,4,0.0,4
ORD-0002115,PRD-0261,2026-05-22 14:00:00,4,0.0,4
ORD-0002116,PRD-0356,2026-04-25 14:00:00,2,0.0,5
ORD-0002117,PRD-0070,2026-01-20 13:00:00,3,0.05,3
ORD-0002118,PRD-0090,2026-03-13 20:00:00,3,0.0,5
ORD-0002119,PRD-0260,2026-06-16 01:00:00,4,0.0,5
ORD-0002120,PRD-0126,2026-03-09 23:00:00,1,0.0,4
ORD-0002121,PRD-0231,2026-02-02 06:00:00,4,0.05,4
ORD-0002122,PRD-0295,2026-05-06 12:00:00,4,0.0,4
ORD-0002123,PRD-0498,2026-08-07 00:00:00,1,0.0,4
ORD-0002124,PRD-0419,2026-04-15 07:00:00,1,0.05,1
ORD-0002125,PRD-0129,2026-03-03 22:00:00,4,0.2,5
ORD-0002126,PRD-0280,2026-06-17 11:00:00,2,0.05,5
ORD-0002127,PRD-0313,2026-06-26 03:00:00,2,0.05,3
ORD-0002128,PRD-0100,2026-02-08 17:00:00,1,0.0,5
ORD-0002129,PRD-0326,2026-05-06 12:00:00,4,0.0,5
ORD-0002130,PRD-0297,2026-07-29 08:00:00,2,0.0,5
ORD-0002131,PRD-0182,2026-08-10 12:00:00,4,0.1,5
ORD-0002132,PRD-0174,2026-03-04 17:00:00,4,0.0,5
ORD-0002133,PRD-0316,2026-07-17 01:00:00,4,0.1,4
ORD-0002134,PRD-0364,2026-05-03 16:00:00,2,0.2,5
ORD-0002135,PRD-0188,2026-04-28 11:00:00,3,0.0,5
ORD-0002136,PRD-0057,2026-08-03 22:00:00,4,0.0,4
ORD-0002137,PRD-0031,2026-02-19 08:00:00,2,0.0,4
ORD-0002138,PRD-0084,2026-01-13 00:00:00,3,0.0,4
ORD-0002139,PRD-0152,2026-03-17 11:00:00,1,0.0,4
ORD-0002140,PRD-0473,2026-01-22 23:00:00,2,0.1,4
ORD-0002141,PRD-0036,2026-02-08 04:00:00,3,0.0,5
ORD-0002142,PRD-0213,2026-03-13 04:00:00,2,0.0,5
ORD-0002143,PRD-0414,2026-05-29 22:00:00,3,0.0,4
ORD-0002144,PRD-0408,2026-05-19 07:00:00,3,0.2,2
ORD-0002145,PRD-0364,2026-02-28 14:00:00,2,0.05,5
ORD-0002146,PRD-0106,2026-02-21 17:00:00,1,0.2,3
ORD-0002147,PRD-0414,2026-08-05 22:00:00,4,0.2,3
ORD-0002148,PRD-0342,2026-05-11 13:00:00,3,0.0,5
ORD-0002149,PRD-0220,2026-02-03 06:00:00,4,0.0,4
ORD-0002150,PRD-0391,2026-03-05 11:00:00,1,0.0,2
ORD-0002151,PRD-0163,2026-06-21 03:00:00,4,0.0,4
ORD-0002152,PRD-0439,2026-07-25 08:00:00,4,0.05,5
ORD-0002153,PRD-0220,2026-05-01 08:00:00,2,0.0,5
ORD-0002154,PRD-0270,2026-04-23 02:00:00,2,0.0,4
ORD-0002155,PRD-0120,2026-06-20 11:00:00,1,0.05,3
ORD-0002156,PRD-0394,2026-02-21 17:00:00,2,0.05,5
ORD-0002157,PRD-0336,2026-08-29 08:00:00,3,0.05,5
ORD-0002158,PRD-0400,2026-01-29 18:00:00,1,0.0,5
ORD-0002159,PRD-0182,2026-01-22 23:00:00,2,0.1,5
ORD-0002160,PRD-0479,2026-03-04 07:00:00,2,0.0,5
ORD-0002161,PRD-0106,2026-06-09 09:00:00,1,0.0,5
ORD-0002162,PRD-0217,2026-05-01 13:00:00,3,0.05,5
ORD-0002163,PRD-0205,2026-02-07 04:00:00,1,0.2,5
ORD-0002164,PRD-0070,2026-01-17 02:00:00,2,0.0,5
ORD-0002165,PRD-0044,2026-02-22 01:00:00,2,0.0,4
ORD-0002166,PRD-0329,2026-04-16 08:00:00,1,0.0,5
ORD-0002167,PRD-0301,2026-07-07 15:00:00,3,0.0,5
ORD-0002168,PRD-0228,2026-05-28 00:00:00,3,0.1,5
ORD-0002169,PRD-0184,2026-08-29 12:00:00,4,0.0,1
ORD-0002170,PRD-0107,2026-02-07 09:00:00,3,0.05,5
ORD-0002171,PRD-0084,2026-01-30 14:00:00,1,0.05,5
ORD-0002172,PRD-0338,2026-06-03 23:00:00,3,0.0,3
ORD-0002173,PRD-0250,2026-04-22 22:00:00,3,0.0,5
ORD-0002174,PRD-0363,2026-08-29 18:00:00,4,0.0,5
ORD-0002175,PRD-0441,2026-07-28 21:00:00,3,0.0,4
ORD-0002176,PRD-0021,2026-07-08 00:00:00,4,0.0,4
ORD-0002177,PRD-0196,2026-01-18 07:00:00,4,0.0,5
ORD-0002178,PRD-0178,2026-03-03 07:00:00,3,0.1,5
ORD-0002179,PRD-0417,2026-08-23 15:00:00,2,0.0,1
ORD-0002180,PRD-0475,2026-06-24 04:00:00,1,0.05,2
ORD-0002181,PRD-0007,2026-06-27 14:00:00,1,0.0,3
ORD-0002182,PRD-0070,2026-04-12 07:00:00,3,0.05,4
ORD-0002183,PRD-0127,2026-04-15 19:00:00,1,0.2,4
ORD-0002184,PRD-0399,2026-02-15 15:00:00,1,0.0,5
ORD-0002185,PRD-0466,2026-02-03 17:00:00,4,0.1,5
ORD-0002186,PRD-0160,2026-05-07 20:00:00,2,0.05,5
ORD-0002187,PRD-0248,2026-08-24 00:00:00,1,0.1,2
ORD-0002188,PRD-0203,2026-02-11 08:00:00,2,0.05,4
ORD-0002189,PRD-0148,2026-02-23 09:00:00,1,0.0,4
ORD-0002190,PRD-0472,2026-07-02 02:00:00,2,0.0,5
ORD-0002191,PRD-0143,2026-03-15 21:00:00,2,0.0,5
ORD-0002192,PRD-0432,2026-05-29 09:00:00,1,0.0,5
ORD-0002193,PRD-0199,2026-06-09 00:00:00,4,0.2,1
ORD-0002194,PRD-0405,2026-03-15 04:00:00,2,0.05,5
ORD-0002195,PRD-0426,2026-04-09 21:00:00,2,0.0,5
ORD-0002196,PRD-0154,2026-04-18 08:00:00,1,0.1,5
ORD-0002197,PRD-0492,2026-02-07 03:00:00,2,0.05,5
ORD-0002198,PRD-0376,2026-06-24 08:00:00,2,0.0,5
ORD-0002199,PRD-0384,2026-01-30 11:00:00,4,0.0,2
ORD-0002200,PRD-0142,2026-04-10 21:00:00,2,0.0,5
ORD-0002201,PRD-0313,2026-07-06 18:00:00,4,0.1,4
ORD-0002202,PRD-0165,2026-03-30 22:00:00,2,0.1,1
ORD-0002203,PRD-0314,2026-04-09 02:00:00,2,0.0,2
ORD-0002204,PRD-0021,2026-08-08 17:00:00,4,0.0,5
ORD-0002205,PRD-0082,2026-07-08 23:00:00,4,0.05,4
ORD-0002206,PRD-0069,2026-02-10 16:00:00,3,0.2,5
ORD-0002207,PRD-0131,2026-01-31 14:00:00,2,0.05,5
ORD-0002208,PRD-0087,2026-04-13 20:00:00,4,0.05,5
ORD-0002209,PRD-0218,2026-04-16 20:00:00,2,0.0,5
ORD-0002210,PRD-0421,2026-01-27 08:00:00,2,0.0,5
ORD-0002211,PRD-0472,2026-08-01 00:00:00,2,0.0,4
ORD-0002212,PRD-0305,2026-06-27 20:00:00,1,0.1,3
ORD-0002213,PRD-0403,2026-06-20 19:00:00,3,0.0,5
ORD-0002214,PRD-0371,2026-05-01 21:00:00,1,0.1,4
ORD-0002215,PRD-0345,2026-03-11 07:00:00,3,0.0,2
ORD-0002216,PRD-0341,2026-03-25 23:00:00,2,0.1,5
ORD-0002217,PRD-0384,2026-08-21 23:00:00,2,0.0,5
ORD-0002218,PRD-0396,2026-05-13 13:00:00,4,0.0,5
ORD-0002219,PRD-0445,2026-08-03 20:00:00,3,0.05,5
ORD-0002220,PRD-0425,2026-06-19 07:00:00,3,0.0,5
ORD-0002221,PRD-0161,2026-04-20 14:00:00,1,0.2,4
ORD-0002222,PRD-0178,2026-06-11 08:00:00,3,0.0,4
ORD-0002223,PRD-0117,2026-02-13 22:00:00,2,0.0,5
ORD-0002224,PRD-0196,2026-01-16 20:00:00,4,0.1,3
ORD-0002225,PRD-0383,2026-08-13 11:00:00,1,0.1,4
ORD-0002226,PRD-0490,2026-05-09 10:00:00,4,0.0,5
ORD-0002227,PRD-0327,2026-04-10 15:00:00,3,0.2,4
ORD-0002228,PRD-0086,2026-03-08 08:00:00,3,0.0,4
ORD-0002229,PRD-0289,2026-06-27 13:00:00,1,0.0,4
ORD-0002230,PRD-0081,2026-04-25 11:00:00,3,0.0,4
ORD-0002231,PRD-0152,2026-04-10 13:00:00,4,0.0,4
ORD-0002232,PRD-0061,2026-05-29 01:00:00,2,0.0,5
ORD-0002233,PRD-0061,2026-08-03 02:00:00,1,0.0,5
ORD-0002234,PRD-0354,2026-08-28 11:00:00,3,0.0,4
ORD-0002235,PRD-0028,2026-05-07 03:00:00,4,0.1,4
ORD-0002236,PRD-0442,2026-02-20 07:00:00,2,0.0,3
ORD-0002237,PRD-0043,2026-06-10 13:00:00,3,0.2,5
ORD-0002238,PRD-0169,2026-01-23 16:00:00,1,0.05,4
ORD-0002239,PRD-0423,2026-05-09 09:00:00,3,0.0,5
ORD-0002240,PRD-0086,2026-06-02 15:00:00,3,0.0,4
ORD-0002241,PRD-0177,2026-04-04 07:00:00,3,0.0,5
ORD-0002242,PRD-0017,2026-04-09 15:00:00,2,0.1,4
ORD-0002243,PRD-0098,2026-06-07 05:00:00,2,0.0,2
ORD-0002244,PRD-0454,2026-04-20 11:00:00,3,0.0,1
ORD-0002245,PRD-0494,2026-06-13 19:00:00,3,0.2,5
ORD-0002246,PRD-0198,2026-04-14 02:00:00,1,0.05,4
ORD-0002247,PRD-0098,2026-05-11 10:00:00,3,0.0,4
ORD-0002248,PRD-0065,2026-05-27 03:00:00,4,0.0,5
ORD-0002249,PRD-0330,2026-01-05 00:00:00,4,0.1,4
ORD-0002250,PRD-0341,2026-06-10 18:00:00,1,0.1,4
ORD-0002251,PRD-0005,2026-04-23 20:00:00,2,0.0,5
ORD-0002252,PRD-0002,2026-08-13 21:00:00,3,0.0,4
ORD-0002253,PRD-0022,2026-05-20 00:00:00,1,0.1,5
ORD-0002254,PRD-0112,2026-01-20 00:00:00,2,0.05,4
ORD-0002255,PRD-0057,2026-07-02 00:00:00,1,0.1,4
ORD-0002256,PRD-0066,2026-05-05 11:00:00,2,0.0,3
ORD-0002257,PRD-0330,2026-06-20 08:00:00,3,0.2,5
ORD-0002258,PRD-0098,2026-06-11 20:00:00,1,0.0,5
ORD-0002259,PRD-0144,2026-02-12 23:00:00,3,0.0,5
ORD-0002260,PRD-0368,2026-01-09 15:00:00,1,0.05,4
ORD-0002261,PRD-0435,2026-03-22 17:00:00,2,0.0,5
ORD-0002262,PRD-0125,2026-08-28 20:00:00,1,0.1,4
ORD-0002263,PRD-0167,2026-02-17 18:00:00,4,0.0,4
ORD-0002264,PRD-0086,2026-08-03 16:00:00,4,0.1,5
ORD-0002265,PRD-0076,2026-08-23 16:00:00,1,0.0,3
ORD-0002266,PRD-0344,2026-06-29 03:00:00,4,0.05,4
ORD-0002267,PRD-0495,2026-04-17 20:00:00,3,0.0,4
ORD-0002268,PRD-0424,2026-01-19 10:00:00,4,0.05,5
ORD-0002269,PRD-0294,2026-07-19 08:00:00,4,0.05,4
ORD-0002270,PRD-0444,2026-02-04 16:00:00,3,0.0,4
ORD-0002271,PRD-0059,2026-03-02 21:00:00,3,0.0,5
ORD-0002272,PRD-0138,2026-05-27 12:00:00,2,0.0,4
ORD-0002273,PRD-0099,2026-02-18 07:00:00,3,0.1,4
ORD-0002274,PRD-0192,2026-01-17 02:00:00,1,0.0,5
ORD-0002275,PRD-0243,2026-03-27 01:00:00,4,0.0,5
ORD-0002276,PRD-0319,2026-04-17 09:00:00,2,0.0,2
ORD-0002277,PRD-0049,2026-08-15 20:00:00,3,0.2,5
ORD-0002278,PRD-0448,2026-03-13 14:00:00,4,0.0,1
ORD-0002279,PRD-0032,2026-07-18 23:00:00,1,0.0,5
ORD-0002280,PRD-0391,2026-06-18 18:00:00,1,0.05,4
ORD-0002281,PRD-0277,2026-05-23 01:00:00,2,0.05,4
ORD-0002282,PRD-0020,2026-01-29 17:00:00,1,0.0,4
ORD-0002283,PRD-0154,2026-08-25 00:00:00,4,0.2,5
ORD-0002284,PRD-0383,2026-02-18 17:00:00,3,0.05,5
ORD-0002285,PRD-0068,2026-07-27 20:00:00,1,0.0,5
ORD-0002286,PRD-0366,2026-02-09 16:00:00,3,0.0,5
ORD-0002287,PRD-0372,2026-08-11 22:00:00,4,0.1,1
ORD-0002288,PRD-0214,2026-07-23 07:00:00,4,0.0,4
ORD-0002289,PRD-0143,2026-07-11 06:00:00,3,0.0,5
ORD-0002290,PRD-0376,2026-05-26 16:00:00,4,0.0,5
ORD-0002291,PRD-0232,2026-06-13 05:00:00,2,0.05,5
ORD-0002292,PRD-0213,2026-07-21 18:00:00,1,0.0,3
ORD-0002293,PRD-0079,2026-04-14 12:00:00,2,0.05,4
ORD-0002294,PRD-0214,2026-03-19 06:00:00,2,0.0,4
ORD-0002295,PRD-0116,2026-05-24 07:00:00,2,0.05,4
ORD-0002296,PRD-0092,2026-05-15 15:00:00,3,0.05,4
ORD-0002297,PRD-0270,2026-04-19 05:00:00,3,0.0,4
ORD-0002298,PRD-0411,2026-06-15 23:00:00,4,0.1,5
ORD-0002299,PRD-0381,2026-04-02 07:00:00,3,0.0,4
ORD-0002300,PRD-0489,2026-04-20 19:00:00,4,0.05,2
ORD-0002301,PRD-0168,2026-01-28 08:00:00,3,0.0,5
ORD-0002302,PRD-0058,2026-06-08 20:00:00,4,0.0,4
ORD-0002303,PRD-0284,2026-05-20 04:00:00,1,0.2,5
ORD-0002304,PRD-0026,2026-06-12 23:00:00,4,0.2,4
ORD-0002305,PRD-0369,2026-03-16 20:00:00,1,0.0,5
ORD-0002306,PRD-0447,2026-07-01 19:00:00,4,0.0,5
ORD-0002307,PRD-0066,2026-03-15 10:00:00,3,0.0,5
ORD-0002308,PRD-0409,2026-07-06 08:00:00,3,0.1,5
ORD-0002309,PRD-0248,2026-05-17 21:00:00,1,0.0,4
ORD-0002310,PRD-0254,2026-03-08 01:00:00,2,0.0,4
ORD-0002311,PRD-0387,2026-08-20 15:00:00,2,0.0,5
ORD-0002312,PRD-0456,2026-05-29 11:00:00,4,0.2,5
ORD-0002313,PRD-0044,2026-04-12 16:00:00,3,0.0,5
ORD-0002314,PRD-0097,2026-07-11 00:00:00,2,0.0,4
ORD-0002315,PRD-0042,2026-07-20 17:00:00,3,0.0,5
ORD-0002316,PRD-0500,2026-07-30 01:00:00,3,0.0,5
ORD-0002317,PRD-0227,2026-05-10 04:00:00,3,0.05,5
ORD-0002318,PRD-0262,2026-08-27 19:00:00,4,0.2,4
ORD-0002319,PRD-0167,2026-05-16 04:00:00,1,0.1,5
ORD-0002320,PRD-0436,2026-02-13 08:00:00,4,0.0,4
ORD-0002321,PRD-0279,2026-05-11 07:00:00,2,0.1,3
ORD-0002322,PRD-0089,2026-04-05 17:00:00,1,0.0,5
ORD-0002323,PRD-0379,2026-06-01 05:00:00,2,0.0,4
ORD-0002324,PRD-0178,2026-03-30 02:00:00,1,0.2,5
ORD-0002325,PRD-0427,2026-03-11 21:00:00,1,0.0,3
ORD-0002326,PRD-0403,2026-05-09 22:00:00,4,0.0,1
ORD-0002327,PRD-0197,2026-02-11 14:00:00,3,0.2,3
ORD-0002328,PRD-0307,2026-04-06 04:00:00,3,0.0,4
ORD-0002329,PRD-0267,2026-07-30 12:00:00,1,0.05,3
ORD-0002330,PRD-0268,2026-03-08 05:00:00,4,0.2,3
ORD-0002331,PRD-0074,2026-02-18 09:00:00,2,0.0,5
ORD-0002332,PRD-0008,2026-04-16 00:00:00,2,0.0,5
ORD-0002333,PRD-0408,2026-06-10 15:00:00,3,0.0,5
ORD-0002334,PRD-0476,2026-07-13 16:00:00,3,0.0,5
ORD-0002335,PRD-0297,2026-08-27 17:00:00,2,0.0,4
ORD-0002336,PRD-0164,2026-01-29 22:00:00,2,0.05,5
ORD-0002337,PRD-0485,2026-07-03 20:00:00,4,0.0,5
ORD-0002338,PRD-0085,2026-07-22 15:00:00,2,0.0,4
ORD-0002339,PRD-0072,2026-06-08 06:00:00,4,0.0,5
ORD-0002340,PRD-0055,2026-06-03 11:00:00,3,0.0,4
ORD-0002341,PRD-0393,2026-03-24 03:00:00,2,0.1,5
ORD-0002342,PRD-0047,2026-03-04 15:00:00,3,0.0,4
ORD-0002343,PRD-0399,2026-05-16 09:00:00,1,0.1,3
ORD-0002344,PRD-0432,2026-06-25 18:00:00,1,0.0,3
ORD-0002345,PRD-0238,2026-05-16 02:00:00,1,0.0,3
ORD-0002346,PRD-0104,2026-03-19 20:00:00,2,0.0,5
ORD-0002347,PRD-0210,2026-03-11 15:00:00,3,0.0,5
ORD-0002348,PRD-0042,2026-02-15 02:00:00,2,0.05,4
ORD-0002349,PRD-0316,2026-03-14 00:00:00,3,0.0,4
ORD-0002350,PRD-0468,2026-06-10 11:00:00,4,0.2,4
ORD-0002351,PRD-0454,2026-03-31 06:00:00,2,0.0,5
ORD-0002352,PRD-0268,2026-02-17 20:00:00,1,0.2,4
ORD-0002353,PRD-0386,2026-01-11 13:00:00,4,0.0,5
ORD-0002354,PRD-0263,2026-06-20 22:00:00,3,0.0,5
ORD-0002355,PRD-0336,2026-05-28 14:00:00,2,0.0,5
ORD-0002356,PRD-0387,2026-04-26 15:00:00,3,0.0,5
ORD-0002357,PRD-0365,2026-07-13 05:00:00,3,0.1,5
ORD-0002358,PRD-0259,2026-05-19 21:00:00,2,0.0,5
ORD-0002359,PRD-0283,2026-06-24 08:00:00,2,0.0,5
ORD-0002360,PRD-0114,2026-05-17 15:00:00,3,0.0,5
ORD-0002361,PRD-0363,2026-06-29 12:00:00,3,0.0,5
ORD-0002362,PRD-0040,2026-05-01 01:00:00,4,0.1,5
ORD-0002363,PRD-0486,2026-01-12 01:00:00,1,0.05,5
ORD-0002364,PRD-0417,2026-04-08 12:00:00,3,0.05,5
ORD-0002365,PRD-0220,2026-08-10 22:00:00,1,0.0,5
ORD-0002366,PRD-0129,2026-05-12 04:00:00,4,0.2,1
ORD-0002367,PRD-0008,2026-05-20 23:00:00,1,0.05,3
ORD-0002368,PRD-0101,2026-02-11 20:00:00,1,0.0,5
ORD-0002369,PRD-0416,2026-03-29 06:00:00,4,0.0,2
ORD-0002370,PRD-0380,2026-07-16 13:00:00,3,0.2,4
ORD-0002371,PRD-0176,2026-05-17 07:00:00,1,0.0,4
ORD-0002372,PRD-0107,2026-07-08 10:00:00,3,0.05,5
ORD-0002373,PRD-0101,2026-01-09 17:00:00,3,0.0,5
ORD-0002374,PRD-0260,2026-02-06 23:00:00,2,0.0,4
ORD-0002375,PRD-0478,2026-08-19 19:00:00,3,0.05,4
ORD-0002376,PRD-0454,2026-01-07 09:00:00,3,0.05,5
ORD-0002377,PRD-0366,2026-05-30 17:00:00,1,0.0,5
ORD-0002378,PRD-0246,2026-01-18 06:00:00,3,0.05,2
ORD-0002379,PRD-0275,2026-05-23 16:00:00,3,0.0,3
ORD-0002380,PRD-0032,2026-08-08 20:00:00,2,0.05,5
ORD-0002381,PRD-0137,2026-02-23 12:00:00,2,0.2,5
ORD-0002382,PRD-0012,2026-05-12 04:00:00,1,0.1,5
ORD-0002383,PRD-0395,2026-02-02 00:00:00,1,0.0,5
ORD-0002384,PRD-0302,2026-02-10 22:00:00,2,0.0,5
ORD-0002385,PRD-0375,2026-08-22 15:00:00,2,0.1,4
ORD-0002386,PRD-0016,2026-05-14 10:00:00,4,0.0,3
ORD-0002387,PRD-0129,2026-07-14 18:00:00,3,0.0,5
ORD-0002388,PRD-0063,2026-05-27 22:00:00,1,0.2,5
ORD-0002389,PRD-0109,2026-04-27 03:00:00,1,0.0,5
ORD-0002390,PRD-0375,2026-04-03 02:00:00,3,0.0,5
ORD-0002391,PRD-0021,2026-02-13 06:00:00,3,0.0,5
ORD-0002392,PRD-0158,2026-06-13 20:00:00,1,0.0,5
ORD-0002393,PRD-0269,2026-01-23 13:00:00,2,0.0,2
ORD-0002394,PRD-0162,2026-01-15 22:00:00,2,0.2,3
ORD-0002395,PRD-0260,2026-02-05 09:00:00,3,0.0,5
ORD-0002396,PRD-0412,2026-07-08 10:00:00,1,0.0,3
ORD-0002397,PRD-0102,2026-04-17 00:00:00,3,0.1,1
ORD-0002398,PRD-0223,2026-07-10 21:00:00,2,0.05,5
ORD-0002399,PRD-0059,2026-03-18 07:00:00,4,0.05,5
ORD-0002400,PRD-0247,2026-03-03 08:00:00,4,0.0,4
ORD-0002401,PRD-0128,2026-03-01 20:00:00,2,0.1,5
ORD-0002402,PRD-0283,2026-01-14 17:00:00,3,0.0,1
ORD-0002403,PRD-0325,2026-08-08 10:00:00,4,0.0,4
ORD-0002404,PRD-0025,2026-07-01 10:00:00,2,0.0,5
ORD-0002405,PRD-0131,2026-06-26 14:00:00,1,0.0,5
ORD-0002406,PRD-0353,2026-06-17 00:00:00,3,0.0,1
ORD-0002407,PRD-0196,2026-07-16 18:00:00,3,0.05,4
ORD-0002408,PRD-0281,2026-02-27 20:00:00,4,0.0,4
ORD-0002409,PRD-0404,2026-06-24 09:00:00,3,0.05,5
ORD-0002410,PRD-0418,2026-01-30 23:00:00,4,0.0,5
ORD-0002411,PRD-0154,2026-05-15 19:00:00,4,0.0,4
ORD-0002412,PRD-0382,2026-07-10 16:00:00,2,0.0,2
ORD-0002413,PRD-0133,2026-03-30 19:00:00,4,0.2,5
ORD-0002414,PRD-0227,2026-02-15 20:00:00,1,0.1,5
ORD-0002415,PRD-0189,2026-01-29 00:00:00,3,0.2,5
ORD-0002416,PRD-0476,2026-01-22 12:00:00,4,0.05,4
ORD-0002417,PRD-0477,2026-04-16 12:00:00,3,0.05,5
ORD-0002418,PRD-0265,2026-08-26 21:00:00,4,0.05,4
ORD-0002419,PRD-0372,2026-06-02 22:00:00,2,0.05,4
ORD-0002420,PRD-0486,2026-02-02 13:00:00,1,0.0,4
ORD-0002421,PRD-0434,2026-05-27 19:00:00,3,0.0,5
ORD-0002422,PRD-0134,2026-05-29 06:00:00,2,0.0,5
ORD-0002423,PRD-0211,2026-04-10 10:00:00,3,0.0,5
ORD-0002424,PRD-0060,2026-07-19 06:00:00,2,0.0,5
ORD-0002425,PRD-0428,2026-03-08 05:00:00,1,0.0,3
ORD-0002426,PRD-0377,2026-07-28 03:00:00,4,0.0,3
ORD-0002427,PRD-0395,2026-03-04 13:00:00,2,0.0,5
ORD-0002428,PRD-0450,2026-06-08 02:00:00,3,0.2,5
ORD-0002429,PRD-0431,2026-06-29 22:00:00,3,0.0,5
ORD-0002430,PRD-0364,2026-05-09 08:00:00,2,0.0,4
ORD-0002431,PRD-0364,2026-02-14 20:00:00,1,0.1,3
ORD-0002432,PRD-0457,2026-02-15 20:00:00,1,0.0,4
ORD-0002433,PRD-0213,2026-01-21 22:00:00,4,0.0,5
ORD-0002434,PRD-0216,2026-02-25 19:00:00,4,0.0,5
ORD-0002435,PRD-0226,2026-06-11 21:00:00,3,0.0,4
ORD-0002436,PRD-0470,2026-01-26 23:00:00,3,0.0,4
ORD-0002437,PRD-0131,2026-03-20 14:00:00,4,0.0,3
ORD-0002438,PRD-0076,2026-05-20 14:00:00,4,0.0,4
ORD-0002439,PRD-0476,2026-02-13 18:00:00,4,0.1,5
ORD-0002440,PRD-0286,2026-08-05 05:00:00,2,0.0,5
ORD-0002441,PRD-0474,2026-08-17 12:00:00,4,0.05,5
ORD-0002442,PRD-0496,2026-06-07 04:00:00,2,0.0,3
ORD-0002443,PRD-0277,2026-06-13 04:00:00,2,0.0,5
ORD-0002444,PRD-0156,2026-06-17 10:00:00,4,0.1,5
ORD-0002445,PRD-0248,2026-02-25 09:00:00,1,0.0,2
ORD-0002446,PRD-0218,2026-08-07 11:00:00,1,0.1,5
ORD-0002447,PRD-0190,2026-06-21 10:00:00,3,0.0,5
ORD-0002448,PRD-0417,2026-08-13 00:00:00,4,0.1,4
ORD-0002449,PRD-0469,2026-05-21 07:00:00,3,0.0,5
ORD-0002450,PRD-0163,2026-08-03 05:00:00,4,0.0,5
ORD-0002451,PRD-0180,2026-06-14 15:00:00,3,0.05,5
ORD-0002452,PRD-0034,2026-07-31 20:00:00,2,0.05,1
ORD-0002453,PRD-0041,2026-04-15 01:00:00,4,0.0,3
ORD-0002454,PRD-0307,2026-03-07 13:00:00,1,0.2,3
ORD-0002455,PRD-0431,2026-08-04 07:00:00,4,0.0,5
ORD-0002456,PRD-0338,2026-04-20 18:00:00,3,0.0,4
ORD-0002457,PRD-0314,2026-04-26 08:00:00,3,0.0,5
ORD-0002458,PRD-0075,2026-08-09 22:00:00,3,0.05,5
ORD-0002459,PRD-0441,2026-08-20 10:00:00,3,0.2,4
ORD-0002460,PRD-0279,2026-02-20 11:00:00,3,0.0,5
ORD-0002461,PRD-0176,2026-02-02 07:00:00,3,0.0,4
ORD-0002462,PRD-0384,2026-02-18 08:00:00,1,0.05,4
ORD-0002463,PRD-0150,2026-04-10 07:00:00,3,0.0,4
ORD-0002464,PRD-0273,2026-04-21 14:00:00,1,0.0,5
ORD-0002465,PRD-0325,2026-05-28 12:00:00,4,0.0,5
ORD-0002466,PRD-0108,2026-07-15 17:00:00,2,0.0,1
ORD-0002467,PRD-0139,2026-08-26 02:00:00,1,0.0,5
ORD-0002468,PRD-0350,2026-07-13 03:00:00,4,0.0,5
ORD-0002469,PRD-0271,2026-02-15 15:00:00,2,0.05,3
ORD-0002470,PRD-0347,2026-01-01 23:00:00,1,0.05,2
ORD-0002471,PRD-0419,2026-07-16 15:00:00,1,0.0,4
ORD-0002472,PRD-0289,2026-05-29 04:00:00,4,0.0,5
ORD-0002473,PRD-0212,2026-02-14 23:00:00,3,0.0,5
ORD-0002474,PRD-0381,2026-07-31 17:00:00,1,0.0,4
ORD-0002475,PRD-0272,2026-06-29 22:00:00,1,0.05,4
ORD-0002476,PRD-0418,2026-01-08 10:00:00,4,0.2,4
ORD-0002477,PRD-0066,2026-04-29 15:00:00,3,0.05,2
ORD-0002478,PRD-0483,2026-03-23 16:00:00,2,0.05,5
ORD-0002479,PRD-0424,2026-03-03 09:00:00,3,0.0,4
ORD-0002480,PRD-0248,2026-07-23 16:00:00,3,0.0,5
ORD-0002481,PRD-0156,2026-07-27 11:00:00,4,0.2,5
ORD-0002482,PRD-0047,2026-02-20 12:00:00,3,0.2,3
ORD-0002483,PRD-0423,2026-08-26 09:00:00,4,0.0,1
ORD-0002484,PRD-0454,2026-02-03 17:00:00,2,0.0,2
ORD-0002485,PRD-0201,2026-07-30 16:00:00,1,0.05,4
ORD-0002486,PRD-0148,2026-01-18 11:00:00,1,0.0,5
ORD-0002487,PRD-0124,2026-06-02 11:00:00,4,0.05,5
ORD-0002488,PRD-0001,2026-08-09 03:00:00,4,0.1,4
ORD-0002489,PRD-0456,2026-06-09 00:00:00,3,0.0,4
ORD-0002490,PRD-0247,2026-02-23 06:00:00,3,0.2,4
ORD-0002491,PRD-0343,2026-04-16 03:00:00,1,0.2,4
ORD-0002492,PRD-0128,2026-03-02 00:00:00,1,0.2,5
ORD-0002493,PRD-0191,2026-02-25 20:00:00,1,0.0,3
ORD-0002494,PRD-0067,2026-04-03 13:00:00,4,0.0,5
ORD-0002495,PRD-0004,2026-04-10 16:00:00,2,0.0,5
ORD-0002496,PRD-0442,2026-08-03 01:00:00,2,0.0,4
ORD-0002497,PRD-0409,2026-08-05 05:00:00,4,0.0,5
ORD-0002498,PRD-0303,2026-02-26 17:00:00,3,0.0,5
ORD-0002499,PRD-0294,2026-01-25 15:00:00,2,0.05,1
ORD-0002500,PRD-0143,2026-01-22 22:00:00,3,0.0,3
ORD-0002501,PRD-0191,2026-04-15 07:00:00,1,0.0,4
ORD-0002502,PRD-0021,2026-02-23 20:00:00,1,0.0,5
ORD-0002503,PRD-0227,2026-03-10 22:00:00,3,0.05,4
ORD-0002504,PRD-0313,2026-07-24 10:00:00,1,0.05,5
ORD-0002505,PRD-0117,2026-01-08 19:00:00,4,0.0,5
ORD-0002506,PRD-0437,2026-08-26 00:00:00,3,0.2,5
ORD-0002507,PRD-0302,2026-04-25 22:00:00,3,0.0,4
ORD-0002508,PRD-0500,2026-01-23 00:00:00,3,0.0,5
ORD-0002509,PRD-0142,2026-01-19 01:00:00,2,0.05,4
ORD-0002510,PRD-0484,2026-05-27 08:00:00,3,0.05,4
ORD-0002511,PRD-0460,2026-03-17 04:00:00,3,0.0,5
ORD-0002512,PRD-0401,2026-01-13 14:00:00,3,0.2,2
ORD-0002513,PRD-0039,2026-06-24 06:00:00,2,0.2,5
ORD-0002514,PRD-0393,2026-01-19 05:00:00,1,0.0,4
ORD-0002515,PRD-0355,2026-04-18 20:00:00,2,0.0,5
ORD-0002516,PRD-0252,2026-08-03 05:00:00,4,0.0,5
ORD-0002517,PRD-0333,2026-02-04 16:00:00,3,0.0,5
ORD-0002518,PRD-0207,2026-02-03 04:00:00,4,0.0,1
ORD-0002519,PRD-0210,2026-01-24 07:00:00,2,0.05,4
ORD-0002520,PRD-0115,2026-05-30 12:00:00,1,0.0,5
ORD-0002521,PRD-0225,2026-02-01 17:00:00,1,0.05,5
ORD-0002522,PRD-0134,2026-08-30 10:00:00,3,0.0,3
ORD-0002523,PRD-0251,2026-05-29 22:00:00,1,0.0,4
ORD-0002524,PRD-0219,2026-06-07 17:00:00,2,0.0,4
ORD-0002525,PRD-0407,2026-04-15 18:00:00,2,0.0,3
ORD-0002526,PRD-0443,2026-08-06 12:00:00,1,0.0,4
ORD-0002527,PRD-0091,2026-01-29 12:00:00,3,0.05,5
ORD-0002528,PRD-0354,2026-08-08 04:00:00,3,0.05,4
ORD-0002529,PRD-0376,2026-06-26 09:00:00,2,0.0,4
ORD-0002530,PRD-0046,2026-01-25 01:00:00,1,0.05,5
ORD-0002531,PRD-0038,2026-07-20 05:00:00,2,0.0,1
ORD-0002532,PRD-0142,2026-01-10 11:00:00,2,0.0,5
ORD-0002533,PRD-0100,2026-04-08 00:00:00,4,0.0,5
ORD-0002534,PRD-0328,2026-04-24 19:00:00,2,0.05,5
ORD-0002535,PRD-0190,2026-02-04 11:00:00,3,0.0,5
ORD-0002536,PRD-0035,2026-01-18 22:00:00,1,0.0,5
ORD-0002537,PRD-0147,2026-02-14 07:00:00,1,0.0,2
ORD-0002538,PRD-0030,2026-03-13 05:00:00,4,0.2,5
ORD-0002539,PRD-0334,2026-08-29 22:00:00,4,0.05,5
ORD-0002540,PRD-0084,2026-02-21 10:00:00,3,0.05,2
ORD-0002541,PRD-0369,2026-01-13 13:00:00,4,0.05,1
ORD-0002542,PRD-0281,2026-08-05 21:00:00,2,0.0,5
ORD-0002543,PRD-0424,2026-03-01 04:00:00,2,0.05,5
ORD-0002544,PRD-0344,2026-07-12 20:00:00,3,0.1,4
ORD-0002545,PRD-0270,2026-02-02 00:00:00,1,0.0,5
ORD-0002546,PRD-0154,2026-02-28 12:00:00,3,0.0,5
ORD-0002547,PRD-0102,2026-01-19 11:00:00,4,0.0,5
ORD-0002548,PRD-0215,2026-05-10 08:00:00,1,0.0,5
ORD-0002549,PRD-0150,2026-07-01 11:00:00,1,0.1,4
ORD-0002550,PRD-0432,2026-05-18 17:00:00,1,0.0,5
ORD-0002551,PRD-0083,2026-03-06 02:00:00,4,0.0,5
ORD-0002552,PRD-0110,2026-06-13 18:00:00,2,0.1,5
ORD-0002553,PRD-0435,2026-02-25 11:00:00,2,0.0,5
ORD-0002554,PRD-0387,2026-01-03 21:00:00,4,0.0,3
ORD-0002555,PRD-0426,2026-08-21 05:00:00,4,0.1,4
ORD-0002556,PRD-0275,2026-08-20 14:00:00,3,0.0,4
ORD-0002557,PRD-0201,2026-05-24 03:00:00,3,0.05,5
ORD-0002558,PRD-0284,2026-01-21 00:00:00,2,0.0,5
ORD-0002559,PRD-0468,2026-08-08 07:00:00,4,0.0,4
ORD-0002560,PRD-0173,2026-06-20 14:00:00,3,0.0,5
ORD-0002561,PRD-0327,2026-05-26 16:00:00,4,0.0,5
ORD-0002562,PRD-0206,2026-04-27 09:00:00,4,0.2,4
ORD-0002563,PRD-0063,2026-05-01 12:00:00,2,0.2,2
ORD-0002564,PRD-0073,2026-02-19 22:00:00,2,0.1,4
ORD-0002565,PRD-0251,2026-04-09 20:00:00,4,0.0,5
ORD-0002566,PRD-0124,2026-03-20 20:00:00,1,0.2,5
ORD-0002567,PRD-0375,2026-08-30 06:00:00,1,0.05,4
ORD-0002568,PRD-0121,2026-03-20 11:00:00,4,0.0,2
ORD-0002569,PRD-0275,2026-08-16 19:00:00,2,0.05,5
ORD-0002570,PRD-0431,2026-02-03 05:00:00,1,0.0,5
ORD-0002571,PRD-0500,2026-01-01 17:00:00,2,0.0,5
ORD-0002572,PRD-0398,2026-01-02 19:00:00,1,0.1,4
ORD-0002573,PRD-0120,2026-01-07 10:00:00,4,0.05,3
ORD-0002574,PRD-0422,2026-07-26 18:00:00,3,0.0,5
ORD-0002575,PRD-0437,2026-05-24 16:00:00,3,0.0,4
ORD-0002576,PRD-0317,2026-07-21 14:00:00,2,0.2,4
ORD-0002577,PRD-0164,2026-06-20 00:00:00,2,0.05,5
ORD-0002578,PRD-0424,2026-03-01 09:00:00,1,0.0,5
ORD-0002579,PRD-0465,2026-06-30 00:00:00,4,0.0,5
ORD-0002580,PRD-0286,2026-06-29 16:00:00,1,0.0,5
ORD-0002581,PRD-0265,2026-06-01 15:00:00,4,0.2,4
ORD-0002582,PRD-0320,2026-06-21 22:00:00,4,0.0,1
ORD-0002583,PRD-0161,2026-03-20 20:00:00,2,0.0,3
ORD-0002584,PRD-0376,2026-08-04 18:00:00,3,0.0,5
ORD-0002585,PRD-0308,2026-02-07 09:00:00,3,0.1,3
ORD-0002586,PRD-0089,2026-05-23 16:00:00,2,0.05,5
ORD-0002587,PRD-0142,2026-07-09 04:00:00,3,0.05,3
ORD-0002588,PRD-0203,2026-02-22 10:00:00,2,0.0,5
ORD-0002589,PRD-0309,2026-08-06 18:00:00,1,0.0,5
ORD-0002590,PRD-0227,2026-08-10 06:00:00,4,0.2,5
ORD-0002591,PRD-0489,2026-03-25 23:00:00,3,0.2,4
ORD-0002592,PRD-0443,2026-07-21 09:00:00,3,0.2,5
ORD-0002593,PRD-0334,2026-03-12 22:00:00,1,0.2,4
ORD-0002594,PRD-0222,2026-02-06 09:00:00,1,0.1,5
ORD-0002595,PRD-0041,2026-01-24 13:00:00,3,0.05,5
ORD-0002596,PRD-0196,2026-03-26 02:00:00,3,0.1,3
ORD-0002597,PRD-0068,2026-03-20 13:00:00,2,0.05,5
ORD-0002598,PRD-0476,2026-03-30 11:00:00,2,0.0,5
ORD-0002599,PRD-0264,2026-07-13 10:00:00,3,0.0,5
ORD-0002600,PRD-0002,2026-04-07 10:00:00,2,0.2,5
ORD-0002601,PRD-0361,2026-07-03 20:00:00,1,0.0,3
ORD-0002602,PRD-0125,2026-06-11 19:00:00,4,0.1,2
ORD-0002603,PRD-0110,2026-05-14 00:00:00,2,0.0,4
ORD-0002604,PRD-0086,2026-03-19 11:00:00,4,0.0,5
ORD-0002605,PRD-0425,2026-01-02 00:00:00,2,0.0,1
ORD-0002606,PRD-0120,2026-05-26 23:00:00,3,0.0,5
ORD-0002607,PRD-0127,2026-06-27 07:00:00,2,0.0,5
ORD-0002608,PRD-0255,2026-02-17 09:00:00,4,0.0,5
ORD-0002609,PRD-0183,2026-07-28 03:00:00,4,0.1,4
ORD-0002610,PRD-0016,2026-02-19 13:00:00,3,0.0,4
ORD-0002611,PRD-0477,2026-07-19 22:00:00,4,0.0,4
ORD-0002612,PRD-0062,2026-06-20 16:00:00,3,0.0,2
ORD-0002613,PRD-0369,2026-05-12 13:00:00,3,0.05,2
ORD-0002614,PRD-0432,2026-04-09 15:00:00,4,0.05,2
ORD-0002615,PRD-0158,2026-08-19 00:00:00,1,0.05,5
ORD-0002616,PRD-0268,2026-07-06 13:00:00,4,0.0,4
ORD-0002617,PRD-0035,2026-03-14 13:00:00,4,0.0,4
ORD-0002618,PRD-0267,2026-06-03 16:00:00,2,0.05,4
ORD-0002619,PRD-0064,2026-08-12 17:00:00,4,0.1,4
ORD-0002620,PRD-0494,2026-08-24 04:00:00,2,0.0,4
ORD-0002621,PRD-0050,2026-06-06 02:00:00,2,0.0,4
ORD-0002622,PRD-0469,2026-08-25 10:00:00,4,0.0,5
ORD-0002623,PRD-0255,2026-02-07 09:00:00,3,0.0,3
ORD-0002624,PRD-0149,2026-06-17 15:00:00,1,0.05,5
ORD-0002625,PRD-0325,2026-01-30 20:00:00,4,0.0,2
ORD-0002626,PRD-0304,2026-06-15 07:00:00,4,0.0,5
ORD-0002627,PRD-0276,2026-06-17 13:00:00,3,0.0,5
ORD-0002628,PRD-0357,2026-05-14 23:00:00,2,0.2,5
ORD-0002629,PRD-0451,2026-01-17 06:00:00,3,0.1,5
ORD-0002630,PRD-0172,2026-06-11 20:00:00,3,0.1,3
ORD-0002631,PRD-0417,2026-03-12 19:00:00,2,0.0,3
ORD-0002632,PRD-0201,2026-05-07 13:00:00,4,0.05,4
ORD-0002633,PRD-0445,2026-01-10 16:00:00,3,0.0,4
ORD-0002634,PRD-0393,2026-03-22 06:00:00,3,0.0,4
ORD-0002635,PRD-0324,2026-05-11 11:00:00,4,0.0,5
ORD-0002636,PRD-0035,2026-08-14 15:00:00,4,0.0,1
ORD-0002637,PRD-0465,2026-05-18 18:00:00,1,0.0,4
ORD-0002638,PRD-0482,2026-04-24 12:00:00,3,0.1,4
ORD-0002639,PRD-0216,2026-07-20 01:00:00,1,0.0,5
ORD-0002640,PRD-0480,2026-01-10 17:00:00,2,0.0,5
ORD-0002641,PRD-0065,2026-02-27 23:00:00,4,0.0,5
ORD-0002642,PRD-0008,2026-05-01 12:00:00,4,0.0,4
ORD-0002643,PRD-0301,2026-02-22 07:00:00,1,0.0,4
ORD-0002644,PRD-0343,2026-04-16 18:00:00,3,0.0,5
ORD-0002645,PRD-0431,2026-06-03 18:00:00,2,0.0,2
ORD-0002646,PRD-0424,2026-02-07 01:00:00,3,0.0,5
ORD-0002647,PRD-0332,2026-07-15 07:00:00,3,0.0,4
ORD-0002648,PRD-0438,2026-02-01 01:00:00,1,0.0,4
ORD-0002649,PRD-0076,2026-03-13 15:00:00,3,0.0,5
ORD-0002650,PRD-0174,2026-01-18 19:00:00,1,0.0,5
ORD-0002651,PRD-0047,2026-01-31 11:00:00,4,0.0,5
ORD-0002652,PRD-0015,2026-02-03 07:00:00,4,0.1,1
ORD-0002653,PRD-0361,2026-06-29 01:00:00,4,0.0,5
ORD-0002654,PRD-0147,2026-02-04 19:00:00,2,0.0,4
ORD-0002655,PRD-0026,2026-01-06 14:00:00,2,0.2,4
ORD-0002656,PRD-0308,2026-08-13 07:00:00,3,0.1,3
ORD-0002657,PRD-0093,2026-04-16 18:00:00,1,0.2,5
ORD-0002658,PRD-0406,2026-06-04 22:00:00,3,0.05,5
ORD-0002659,PRD-0232,2026-01-02 16:00:00,4,0.0,4
ORD-0002660,PRD-0021,2026-05-21 07:00:00,3,0.0,5
ORD-0002661,PRD-0307,2026-07-28 16:00:00,3,0.05,3
ORD-0002662,PRD-0038,2026-08-31 17:00:00,3,0.2,2
ORD-0002663,PRD-0276,2026-07-31 06:00:00,4,0.05,5
ORD-0002664,PRD-0157,2026-08-06 21:00:00,1,0.1,5
ORD-0002665,PRD-0179,2026-04-11 15:00:00,3,0.0,5
ORD-0002666,PRD-0132,2026-08-20 11:00:00,4,0.0,5
ORD-0002667,PRD-0311,2026-03-27 00:00:00,2,0.2,3
ORD-0002668,PRD-0455,2026-06-30 19:00:00,1,0.05,5
ORD-0002669,PRD-0348,2026-05-03 21:00:00,4,0.2,5
ORD-0002670,PRD-0028,2026-06-27 13:00:00,3,0.05,3
ORD-0002671,PRD-0260,2026-08-03 09:00:00,4,0.0,5
ORD-0002672,PRD-0406,2026-05-25 10:00:00,1,0.0,5
ORD-0002673,PRD-0076,2026-08-22 01:00:00,3,0.2,4
ORD-0002674,PRD-0429,2026-05-09 16:00:00,2,0.0,5
ORD-0002675,PRD-0067,2026-07-20 23:00:00,2,0.0,2
ORD-0002676,PRD-0342,2026-02-16 11:00:00,2,0.0,5
ORD-0002677,PRD-0492,2026-07-10 18:00:00,4,0.0,4
ORD-0002678,PRD-0194,2026-04-18 22:00:00,1,0.0,5
ORD-0002679,PRD-0472,2026-05-29 21:00:00,2,0.05,5
ORD-0002680,PRD-0162,2026-05-05 02:00:00,3,0.0,4
ORD-0002681,PRD-0347,2026-04-12 23:00:00,3,0.0,4
ORD-0002682,PRD-0439,2026-02-21 06:00:00,3,0.1,5
ORD-0002683,PRD-0361,2026-04-22 02:00:00,4,0.0,5
ORD-0002684,PRD-0257,2026-07-27 07:00:00,1,0.1,5
ORD-0002685,PRD-0072,2026-07-25 05:00:00,1,0.0,4
ORD-0002686,PRD-0087,2026-07-22 06:00:00,2,0.2,4
ORD-0002687,PRD-0422,2026-06-27 10:00:00,1,0.0,5
ORD-0002688,PRD-0262,2026-08-09 12:00:00,3,0.0,5
ORD-0002689,PRD-0214,2026-04-19 02:00:00,3,0.1,4
ORD-0002690,PRD-0153,2026-08-14 03:00:00,4,0.05,5
ORD-0002691,PRD-0210,2026-05-23 22:00:00,3,0.0,2
ORD-0002692,PRD-0401,2026-05-02 13:00:00,1,0.2,1
ORD-0002693,PRD-0061,2026-05-04 00:00:00,3,0.0,5
ORD-0002694,PRD-0268,2026-03-25 03:00:00,2,0.2,4
ORD-0002695,PRD-0262,2026-08-24 12:00:00,4,0.0,2
ORD-0002696,PRD-0218,2026-06-12 03:00:00,4,0.0,5
ORD-0002697,PRD-0283,2026-01-13 18:00:00,1,0.0,4
ORD-0002698,PRD-0136,2026-02-26 18:00:00,3,0.0,5
ORD-0002699,PRD-0467,2026-03-29 14:00:00,3,0.0,5
ORD-0002700,PRD-0380,2026-05-07 06:00:00,1,0.0,5
ORD-0002701,PRD-0362,2026-01-14 20:00:00,1,0.0,4
ORD-0002702,PRD-0449,2026-04-25 16:00:00,2,0.0,4
ORD-0002703,PRD-0441,2026-01-11 02:00:00,1,0.0,5
ORD-0002704,PRD-0093,2026-03-20 12:00:00,3,0.1,4
ORD-0002705,PRD-0109,2026-03-01 16:00:00,2,0.0,5
ORD-0002706,PRD-0241,2026-04-17 06:00:00,4,0.05,5
ORD-0002707,PRD-0355,2026-01-13 14:00:00,3,0.2,4
ORD-0002708,PRD-0424,2026-06-30 10:00:00,4,0.05,5
ORD-0002709,PRD-0142,2026-05-10 13:00:00,4,0.2,5
ORD-0002710,PRD-0291,2026-04-02 02:00:00,4,0.0,2
ORD-0002711,PRD-0432,2026-06-28 18:00:00,3,0.0,3
ORD-0002712,PRD-0237,2026-03-06 14:00:00,4,0.0,5
ORD-0002713,PRD-0340,2026-03-16 16:00:00,3,0.0,3
ORD-0002714,PRD-0312,2026-01-27 22:00:00,4,0.1,1
ORD-0002715,PRD-0177,2026-07-14 00:00:00,1,0.0,4
ORD-0002716,PRD-0141,2026-08-06 07:00:00,1,0.0,4
ORD-0002717,PRD-0189,2026-01-30 16:00:00,3,0.05,5
ORD-0002718,PRD-0486,2026-07-07 20:00:00,4,0.0,5
ORD-0002719,PRD-0049,2026-01-23 09:00:00,4,0.0,5
ORD-0002720,PRD-0302,2026-01-10 18:00:00,4,0.0,5
ORD-0002721,PRD-0369,2026-04-10 20:00:00,1,0.2,5
ORD-0002722,PRD-0190,2026-03-04 16:00:00,4,0.1,4
ORD-0002723,PRD-0136,2026-02-27 06:00:00,4,0.0,2
ORD-0002724,PRD-0043,2026-07-07 23:00:00,3,0.0,5
ORD-0002725,PRD-0404,2026-03-21 13:00:00,4,0.0,1
ORD-0002726,PRD-0380,2026-02-08 03:00:00,1,0.0,5
ORD-0002727,PRD-0353,2026-06-14 22:00:00,4,0.05,1
ORD-0002728,PRD-0090,2026-01-04 08:00:00,1,0.0,5
ORD-0002729,PRD-0295,2026-03-28 19:00:00,1,0.0,5
ORD-0002730,PRD-0341,2026-08-05 02:00:00,2,0.2,4
ORD-0002731,PRD-0245,2026-04-23 00:00:00,1,0.1,4
ORD-0002732,PRD-0433,2026-03-12 10:00:00,2,0.05,4
ORD-0002733,PRD-0192,2026-02-01 12:00:00,2,0.0,4
ORD-0002734,PRD-0318,2026-04-22 06:00:00,4,0.0,3
ORD-0002735,PRD-0106,2026-06-06 07:00:00,2,0.0,5
ORD-0002736,PRD-0363,2026-05-29 00:00:00,3,0.05,4
ORD-0002737,PRD-0310,2026-01-20 11:00:00,1,0.0,4
ORD-0002738,PRD-0382,2026-08-08 05:00:00,3,0.1,4
ORD-0002739,PRD-0233,2026-03-04 06:00:00,2,0.2,5
ORD-0002740,PRD-0265,2026-08-28 04:00:00,4,0.0,3
ORD-0002741,PRD-0344,2026-02-12 11:00:00,1,0.0,5
ORD-0002742,PRD-0037,2026-08-26 22:00:00,3,0.05,5
ORD-0002743,PRD-0305,2026-02-07 13:00:00,4,0.2,4
ORD-0002744,PRD-0041,2026-01-29 00:00:00,2,0.1,3
ORD-0002745,PRD-0017,2026-01-19 06:00:00,4,0.0,5
ORD-0002746,PRD-0344,2026-06-25 22:00:00,3,0.0,3
ORD-0002747,PRD-0277,2026-03-28 12:00:00,4,0.05,1
ORD-0002748,PRD-0307,2026-01-19 12:00:00,3,0.05,5
ORD-0002749,PRD-0059,2026-02-10 05:00:00,4,0.0,4
ORD-0002750,PRD-0423,2026-06-07 22:00:00,1,0.0,3
ORD-0002751,PRD-0183,2026-01-20 07:00:00,4,0.05,5
ORD-0002752,PRD-0041,2026-04-02 14:00:00,1,0.0,4
ORD-0002753,PRD-0039,2026-04-06 07:00:00,3,0.1,5
ORD-0002754,PRD-0397,2026-06-06 21:00:00,1,0.0,3
ORD-0002755,PRD-0192,2026-05-13 08:00:00,4,0.05,5
ORD-0002756,PRD-0267,2026-06-17 00:00:00,1,0.05,5
ORD-0002757,PRD-0494,2026-05-27 00:00:00,3,0.0,2
ORD-0002758,PRD-0147,2026-02-08 00:00:00,4,0.05,5
ORD-0002759,PRD-0395,2026-01-21 16:00:00,1,0.05,5
ORD-0002760,PRD-0333,2026-03-02 23:00:00,1,0.2,3
ORD-0002761,PRD-0127,2026-06-27 05:00:00,2,0.0,5
ORD-0002762,PRD-0046,2026-06-27 19:00:00,1,0.05,4
ORD-0002763,PRD-0045,2026-01-21 13:00:00,2,0.05,5
ORD-0002764,PRD-0001,2026-07-31 01:00:00,3,0.0,5
ORD-0002765,PRD-0168,2026-08-15 06:00:00,2,0.1,1
ORD-0002766,PRD-0108,2026-03-01 10:00:00,3,0.0,3
ORD-0002767,PRD-0019,2026-03-12 12:00:00,1,0.0,4
ORD-0002768,PRD-0332,2026-03-16 17:00:00,1,0.0,5
ORD-0002769,PRD-0072,2026-04-24 11:00:00,2,0.0,4
ORD-0002770,PRD-0456,2026-01-28 10:00:00,3,0.2,5
ORD-0002771,PRD-0445,2026-07-18 09:00:00,1,0.05,1
ORD-0002772,PRD-0109,2026-07-05 22:00:00,2,0.0,5
ORD-0002773,PRD-0268,2026-01-23 21:00:00,2,0.1,5
ORD-0002774,PRD-0445,2026-01-27 18:00:00,2,0.0,5
ORD-0002775,PRD-0240,2026-07-01 06:00:00,1,0.0,5
ORD-0002776,PRD-0417,2026-01-09 15:00:00,3,0.0,3
ORD-0002777,PRD-0301,2026-04-15 01:00:00,1,0.0,4
ORD-0002778,PRD-0090,2026-06-24 14:00:00,4,0.0,5
ORD-0002779,PRD-0103,2026-03-20 11:00:00,4,0.05,3
ORD-0002780,PRD-0476,2026-05-01 06:00:00,1,0.0,5
ORD-0002781,PRD-0250,2026-01-20 21:00:00,3,0.0,5
ORD-0002782,PRD-0453,2026-02-01 17:00:00,2,0.0,5
ORD-0002783,PRD-0008,2026-01-08 21:00:00,4,0.0,4
ORD-0002784,PRD-0153,2026-08-22 11:00:00,4,0.2,4
ORD-0002785,PRD-0347,2026-08-24 15:00:00,1,0.0,5
ORD-0002786,PRD-0174,2026-02-01 11:00:00,4,0.1,3
ORD-0002787,PRD-0343,2026-03-02 06:00:00,4,0.0,5
ORD-0002788,PRD-0158,2026-07-25 11:00:00,2,0.05,4
ORD-0002789,PRD-0493,2026-03-11 07:00:00,2,0.0,4
ORD-0002790,PRD-0431,2026-08-27 12:00:00,3,0.2,4
ORD-0002791,PRD-0215,2026-03-18 11:00:00,4,0.0,5
ORD-0002792,PRD-0177,2026-06-26 04:00:00,3,0.0,5
ORD-0002793,PRD-0175,2026-06-22 22:00:00,3,0.2,5
ORD-0002794,PRD-0340,2026-06-19 04:00:00,2,0.1,5
ORD-0002795,PRD-0338,2026-07-11 21:00:00,2,0.0,5
ORD-0002796,PRD-0146,2026-07-18 13:00:00,1,0.2,5
ORD-0002797,PRD-0450,2026-05-31 12:00:00,2,0.05,3
ORD-0002798,PRD-0324,2026-03-12 09:00:00,3,0.0,5
ORD-0002799,PRD-0478,2026-02-24 20:00:00,4,0.0,4
ORD-0002800,PRD-0161,2026-07-21 05:00:00,3,0.0,5
ORD-0002801,PRD-0127,2026-05-13 18:00:00,3,0.0,5
ORD-0002802,PRD-0420,2026-06-17 12:00:00,3,0.05,4
ORD-0002803,PRD-0082,2026-08-30 05:00:00,2,0.0,4
ORD-0002804,PRD-0485,2026-07-01 10:00:00,3,0.0,5
ORD-0002805,PRD-0147,2026-02-17 17:00:00,1,0.1,2
ORD-0002806,PRD-0239,2026-07-03 02:00:00,4,0.0,5
ORD-0002807,PRD-0412,2026-01-24 08:00:00,2,0.2,3
ORD-0002808,PRD-0424,2026-03-21 16:00:00,3,0.2,5
ORD-0002809,PRD-0084,2026-03-19 16:00:00,1,0.2,4
ORD-0002810,PRD-0113,2026-01-13 08:00:00,4,0.1,5
ORD-0002811,PRD-0225,2026-04-11 09:00:00,3,0.0,3
ORD-0002812,PRD-0332,2026-04-20 20:00:00,4,0.0,4
ORD-0002813,PRD-0378,2026-03-02 21:00:00,2,0.0,4
ORD-0002814,PRD-0243,2026-06-28 20:00:00,2,0.0,4
ORD-0002815,PRD-0143,2026-04-05 12:00:00,1,0.05,1
ORD-0002816,PRD-0041,2026-02-11 10:00:00,2,0.0,5
ORD-0002817,PRD-0423,2026-01-01 07:00:00,1,0.2,1
ORD-0002818,PRD-0258,2026-04-18 23:00:00,3,0.2,5
ORD-0002819,PRD-0447,2026-04-15 19:00:00,4,0.0,4
ORD-0002820,PRD-0285,2026-07-03 23:00:00,2,0.0,5
ORD-0002821,PRD-0105,2026-03-01 01:00:00,4,0.0,4
ORD-0002822,PRD-0202,2026-04-07 12:00:00,4,0.1,5
ORD-0002823,PRD-0450,2026-06-13 20:00:00,3,0.05,5
ORD-0002824,PRD-0307,2026-08-30 10:00:00,3,0.0,3
ORD-0002825,PRD-0331,2026-08-20 13:00:00,2,0.0,4
ORD-0002826,PRD-0461,2026-02-23 15:00:00,3,0.0,2
ORD-0002827,PRD-0266,2026-04-29 12:00:00,4,0.2,2
ORD-0002828,PRD-0398,2026-02-16 14:00:00,1,0.0,1
ORD-0002829,PRD-0210,2026-01-24 00:00:00,1,0.0,4
ORD-0002830,PRD-0051,2026-01-28 12:00:00,1,0.1,5
ORD-0002831,PRD-0118,2026-01-30 19:00:00,2,0.1,4
ORD-0002832,PRD-0201,2026-05-30 09:00:00,3,0.1,4
ORD-0002833,PRD-0377,2026-06-06 17:00:00,3,0.0,3
ORD-0002834,PRD-0039,2026-04-16 09:00:00,3,0.05,5
ORD-0002835,PRD-0028,2026-06-15 10:00:00,3,0.0,4
ORD-0002836,PRD-0259,2026-05-22 23:00:00,4,0.0,5
ORD-0002837,PRD-0084,2026-03-02 18:00:00,1,0.0,5
ORD-0002838,PRD-0454,2026-05-17 03:00:00,4,0.0,5
ORD-0002839,PRD-0155,2026-02-05 14:00:00,2,0.0,4
ORD-0002840,PRD-0117,2026-07-18 08:00:00,1,0.2,5
ORD-0002841,PRD-0002,2026-05-28 09:00:00,1,0.0,4
ORD-0002842,PRD-0093,2026-03-21 01:00:00,4,0.2,5
ORD-0002843,PRD-0166,2026-08-29 10:00:00,2,0.0,5
ORD-0002844,PRD-0387,2026-01-12 08:00:00,2,0.0,4
ORD-0002845,PRD-0400,2026-08-08 17:00:00,1,0.05,5
ORD-0002846,PRD-0350,2026-06-20 07:00:00,3,0.05,5
ORD-0002847,PRD-0296,2026-02-23 00:00:00,2,0.0,4
ORD-0002848,PRD-0258,2026-07-02 06:00:00,4,0.1,2
ORD-0002849,PRD-0081,2026-06-17 11:00:00,2,0.0,5
ORD-0002850,PRD-0425,2026-02-03 23:00:00,1,0.2,5
ORD-0002851,PRD-0268,2026-07-02 03:00:00,3,0.0,5
ORD-0002852,PRD-0419,2026-08-01 12:00:00,2,0.1,5
ORD-0002853,PRD-0235,2026-02-08 10:00:00,1,0.0,4
ORD-0002854,PRD-0321,2026-07-17 09:00:00,2,0.1,5
ORD-0002855,PRD-0311,2026-07-11 16:00:00,3,0.05,5
ORD-0002856,PRD-0301,2026-07-22 19:00:00,4,0.0,4
ORD-0002857,PRD-0463,2026-02-22 16:00:00,1,0.2,4
ORD-0002858,PRD-0474,2026-06-05 04:00:00,1,0.0,5
ORD-0002859,PRD-0357,2026-04-27 03:00:00,3,0.0,5
ORD-0002860,PRD-0213,2026-04-24 10:00:00,1,0.1,5
ORD-0002861,PRD-0062,2026-08-12 03:00:00,3,0.0,1
ORD-0002862,PRD-0049,2026-08-01 21:00:00,1,0.0,3
ORD-0002863,PRD-0127,2026-06-25 23:00:00,3,0.0,5
ORD-0002864,PRD-0223,2026-04-17 06:00:00,2,0.1,5
ORD-0002865,PRD-0409,2026-08-10 15:00:00,2,0.0,4
ORD-0002866,PRD-0279,2026-05-03 21:00:00,2,0.0,5
ORD-0002867,PRD-0408,2026-08-23 05:00:00,1,0.05,5
ORD-0002868,PRD-0294,2026-03-11 17:00:00,3,0.1,5
ORD-0002869,PRD-0284,2026-07-11 03:00:00,3,0.2,5
ORD-0002870,PRD-0277,2026-05-09 20:00:00,4,0.05,4
ORD-0002871,PRD-0438,2026-08-12 01:00:00,2,0.05,5
ORD-0002872,PRD-0107,2026-04-29 06:00:00,4,0.0,3
ORD-0002873,PRD-0146,2026-03-11 10:00:00,2,0.0,5
ORD-0002874,PRD-0420,2026-07-07 23:00:00,4,0.05,3
ORD-0002875,PRD-0099,2026-04-02 11:00:00,2,0.2,5
ORD-0002876,PRD-0429,2026-07-31 01:00:00,3,0.05,5
ORD-0002877,PRD-0375,2026-02-27 16:00:00,2,0.0,5
ORD-0002878,PRD-0073,2026-07-03 11:00:00,1,0.0,5
ORD-0002879,PRD-0437,2026-06-14 18:00:00,2,0.05,2
ORD-0002880,PRD-0486,2026-05-01 19:00:00,2,0.05,5
ORD-0002881,PRD-0122,2026-01-03 12:00:00,3,0.05,4
ORD-0002882,PRD-0030,2026-08-21 07:00:00,1,0.0,4
ORD-0002883,PRD-0188,2026-06-14 11:00:00,3,0.0,5
ORD-0002884,PRD-0364,2026-04-06 10:00:00,4,0.2,5
ORD-0002885,PRD-0354,2026-08-22 17:00:00,4,0.05,5
ORD-0002886,PRD-0288,2026-01-20 16:00:00,1,0.0,5
ORD-0002887,PRD-0451,2026-02-09 22:00:00,4,0.0,5
ORD-0002888,PRD-0195,2026-01-23 04:00:00,1,0.2,5
ORD-0002889,PRD-0156,2026-01-21 13:00:00,2,0.1,5
ORD-0002890,PRD-0172,2026-01-04 09:00:00,4,0.0,5
ORD-0002891,PRD-0335,2026-07-27 06:00:00,2,0.0,4
ORD-0002892,PRD-0041,2026-08-24 01:00:00,3,0.0,5
ORD-0002893,PRD-0063,2026-05-04 18:00:00,4,0.0,5
ORD-0002894,PRD-0023,2026-01-01 11:00:00,3,0.05,4
ORD-0002895,PRD-0360,2026-08-13 06:00:00,3,0.0,4
ORD-0002896,PRD-0075,2026-07-09 08:00:00,1,0.05,5
ORD-0002897,PRD-0048,2026-02-01 17:00:00,3,0.05,1
ORD-0002898,PRD-0160,2026-05-13 17:00:00,1,0.0,4
ORD-0002899,PRD-0313,2026-01-02 01:00:00,1,0.0,4
ORD-0002900,PRD-0118,2026-03-17 06:00:00,1,0.0,1
ORD-0002901,PRD-0100,2026-08-25 00:00:00,1,0.0,5
ORD-0002902,PRD-0380,2026-06-23 05:00:00,1,0.0,4
ORD-0002903,PRD-0417,2026-06-30 04:00:00,2,0.05,4
ORD-0002904,PRD-0408,2026-07-15 22:00:00,1,0.1,5
ORD-0002905,PRD-0167,2026-08-03 18:00:00,4,0.05,4
ORD-0002906,PRD-0290,2026-08-31 16:00:00,1,0.1,5
ORD-0002907,PRD-0440,2026-08-21 07:00:00,2,0.05,5
ORD-0002908,PRD-0156,2026-06-02 11:00:00,4,0.05,5
ORD-0002909,PRD-0421,2026-03-05 13:00:00,4,0.0,5
ORD-0002910,PRD-0007,2026-02-01 16:00:00,2,0.2,2
ORD-0002911,PRD-0196,2026-01-25 18:00:00,4,0.0,2
ORD-0002912,PRD-0421,2026-08-26 00:00:00,2,0.0,4
ORD-0002913,PRD-0056,2026-02-13 23:00:00,3,0.0,1
ORD-0002914,PRD-0321,2026-03-19 06:00:00,3,0.2,5
ORD-0002915,PRD-0193,2026-05-09 11:00:00,1,0.2,4
ORD-0002916,PRD-0047,2026-06-13 04:00:00,1,0.05,5
ORD-0002917,PRD-0148,2026-06-03 03:00:00,1,0.05,4
ORD-0002918,PRD-0275,2026-03-27 08:00:00,1,0.0,4
ORD-0002919,PRD-0157,2026-03-02 18:00:00,2,0.2,4
ORD-0002920,PRD-0202,2026-08-07 23:00:00,3,0.05,3
ORD-0002921,PRD-0444,2026-02-20 19:00:00,2,0.2,5
ORD-0002922,PRD-0402,2026-06-26 04:00:00,4,0.0,5
ORD-0002923,PRD-0476,2026-06-24 05:00:00,4,0.0,5
ORD-0002924,PRD-0419,2026-03-04 11:00:00,4,0.1,5
ORD-0002925,PRD-0427,2026-03-18 06:00:00,4,0.0,5
ORD-0002926,PRD-0495,2026-05-22 11:00:00,4,0.2,5
ORD-0002927,PRD-0479,2026-02-20 03:00:00,3,0.0,2
ORD-0002928,PRD-0475,2026-06-27 22:00:00,2,0.2,3
ORD-0002929,PRD-0126,2026-04-28 02:00:00,4,0.0,5
ORD-0002930,PRD-0395,2026-05-09 20:00:00,1,0.05,4
ORD-0002931,PRD-0305,2026-05-07 20:00:00,3,0.0,4
ORD-0002932,PRD-0369,2026-07-14 17:00:00,1,0.05,3
ORD-0002933,PRD-0294,2026-05-27 10:00:00,3,0.0,3
ORD-0002934,PRD-0064,2026-03-16 22:00:00,3,0.2,5
ORD-0002935,PRD-0325,2026-04-18 07:00:00,1,0.05,4
ORD-0002936,PRD-0392,2026-01-07 00:00:00,1,0.0,4
ORD-0002937,PRD-0418,2026-07-22 09:00:00,4,0.2,3
ORD-0002938,PRD-0176,2026-06-13 14:00:00,1,0.0,5
ORD-0002939,PRD-0116,2026-02-27 09:00:00,2,0.0,5
ORD-0002940,PRD-0440,2026-05-12 02:00:00,3,0.0,4
ORD-0002941,PRD-0204,2026-03-18 01:00:00,3,0.1,5
ORD-0002942,PRD-0486,2026-07-29 08:00:00,4,0.0,4
ORD-0002943,PRD-0321,2026-02-03 01:00:00,3,0.0,5
ORD-0002944,PRD-0031,2026-03-08 17:00:00,1,0.2,5
ORD-0002945,PRD-0388,2026-08-28 20:00:00,3,0.1,5
ORD-0002946,PRD-0113,2026-07-03 22:00:00,3,0.0,4
ORD-0002947,PRD-0365,2026-02-16 06:00:00,1,0.05,2
ORD-0002948,PRD-0434,2026-08-25 08:00:00,1,0.2,4
ORD-0002949,PRD-0325,2026-06-18 21:00:00,3,0.0,3
ORD-0002950,PRD-0414,2026-07-19 17:00:00,2,0.1,3
ORD-0002951,PRD-0376,2026-06-14 01:00:00,1,0.0,4
ORD-0002952,PRD-0344,2026-06-15 03:00:00,2,0.05,4
ORD-0002953,PRD-0443,2026-07-25 22:00:00,2,0.0,5
ORD-0002954,PRD-0067,2026-02-02 14:00:00,4,0.05,3
ORD-0002955,PRD-0075,2026-02-16 12:00:00,2,0.0,5
ORD-0002956,PRD-0045,2026-03-14 22:00:00,4,0.05,5
ORD-0002957,PRD-0260,2026-04-18 08:00:00,2,0.0,5
ORD-0002958,PRD-0154,2026-06-17 19:00:00,4,0.0,5
ORD-0002959,PRD-0155,2026-05-20 00:00:00,1,0.0,5
ORD-0002960,PRD-0430,2026-08-28 09:00:00,3,0.1,5
ORD-0002961,PRD-0363,2026-07-02 19:00:00,3,0.0,4
ORD-0002962,PRD-0448,2026-07-31 00:00:00,4,0.0,5
ORD-0002963,PRD-0475,2026-03-03 23:00:00,1,0.0,5
ORD-0002964,PRD-0234,2026-06-11 11:00:00,4,0.05,4
ORD-0002965,PRD-0051,2026-06-01 07:00:00,4,0.0,1
ORD-0002966,PRD-0306,2026-06-24 16:00:00,1,0.05,5
ORD-0002967,PRD-0262,2026-06-14 22:00:00,2,0.0,5
ORD-0002968,PRD-0315,2026-08-06 06:00:00,2,0.0,5
ORD-0002969,PRD-0125,2026-05-22 13:00:00,1,0.0,2
ORD-0002970,PRD-0399,2026-01-04 01:00:00,4,0.2,5
ORD-0002971,PRD-0245,2026-02-26 15:00:00,3,0.0,4
ORD-0002972,PRD-0030,2026-02-15 11:00:00,4,0.0,5
ORD-0002973,PRD-0426,2026-07-22 05:00:00,2,0.0,3
ORD-0002974,PRD-0485,2026-03-22 21:00:00,1,0.05,5
ORD-0002975,PRD-0122,2026-05-12 04:00:00,1,0.0,2
ORD-0002976,PRD-0125,2026-06-29 07:00:00,1,0.1,1
ORD-0002977,PRD-0037,2026-02-21 20:00:00,2,0.0,4
ORD-0002978,PRD-0170,2026-02-23 13:00:00,4,0.0,4
ORD-0002979,PRD-0124,2026-07-07 17:00:00,1,0.0,5
ORD-0002980,PRD-0357,2026-05-07 12:00:00,3,0.05,3
ORD-0002981,PRD-0035,2026-02-02 02:00:00,1,0.05,4
ORD-0002982,PRD-0087,2026-03-18 19:00:00,4,0.0,4
ORD-0002983,PRD-0134,2026-01-04 01:00:00,2,0.2,5
ORD-0002984,PRD-0196,2026-03-11 04:00:00,3,0.0,1
ORD-0002985,PRD-0274,2026-07-01 05:00:00,3,0.05,4
ORD-0002986,PRD-0201,2026-02-04 03:00:00,1,0.0,5
ORD-0002987,PRD-0369,2026-06-09 02:00:00,4,0.0,5
ORD-0002988,PRD-0285,2026-07-31 17:00:00,1,0.1,5
ORD-0002989,PRD-0077,2026-01-14 19:00:00,3,0.1,5
ORD-0002990,PRD-0059,2026-03-01 05:00:00,1,0.0,2
ORD-0002991,PRD-0431,2026-06-02 07:00:00,4,0.0,5
ORD-0002992,PRD-0126,2026-07-25 11:00:00,2,0.0,5
ORD-0002993,PRD-0500,2026-03-12 11:00:00,3,0.05,5
ORD-0002994,PRD-0401,2026-07-09 14:00:00,4,0.0,4
ORD-0002995,PRD-0109,2026-08-07 02:00:00,1,0.1,5
ORD-0002996,PRD-0224,2026-07-03 16:00:00,3,0.0,4
ORD-0002997,PRD-0496,2026-08-02 01:00:00,1,0.0,5
ORD-0002998,PRD-0278,2026-01-10 11:00:00,1,0.0,4
ORD-0002999,PRD-0068,2026-05-01 01:00:00,2,0.0,4
ORD-0003000,PRD-0069,2026-07-26 09:00:00,1,0.0,5
ORD-0003001,PRD-0165,2026-08-12 12:00:00,1,0.0,4
ORD-0003002,PRD-0489,2026-04-30 09:00:00,4,0.05,5
ORD-0003003,PRD-0305,2026-08-02 01:00:00,1,0.0,5
ORD-0003004,PRD-0397,2026-04-18 07:00:00,2,0.05,5
ORD-0003005,PRD-0162,2026-07-30 05:00:00,1,0.0,4
ORD-0003006,PRD-0365,2026-07-08 10:00:00,1,0.2,5
ORD-0003007,PRD-0342,2026-01-20 08:00:00,1,0.2,5
ORD-0003008,PRD-0309,2026-08-28 05:00:00,3,0.1,3
ORD-0003009,PRD-0379,2026-01-12 13:00:00,2,0.05,5
ORD-0003010,PRD-0343,2026-06-21 10:00:00,3,0.0,3
ORD-0003011,PRD-0435,2026-01-03 17:00:00,2,0.05,2
ORD-0003012,PRD-0387,2026-06-27 14:00:00,2,0.2,5
ORD-0003013,PRD-0042,2026-08-26 16:00:00,4,0.0,5
ORD-0003014,PRD-0354,2026-01-17 18:00:00,3,0.0,3
ORD-0003015,PRD-0416,2026-06-15 23:00:00,2,0.0,4
ORD-0003016,PRD-0109,2026-07-07 16:00:00,2,0.0,5
ORD-0003017,PRD-0051,2026-05-25 22:00:00,4,0.0,4
ORD-0003018,PRD-0250,2026-05-24 12:00:00,3,0.0,3
ORD-0003019,PRD-0497,2026-07-15 12:00:00,1,0.0,5
ORD-0003020,PRD-0341,2026-08-03 22:00:00,4,0.2,4
ORD-0003021,PRD-0430,2026-07-04 03:00:00,2,0.0,5
ORD-0003022,PRD-0383,2026-05-07 15:00:00,3,0.1,4
ORD-0003023,PRD-0492,2026-03-01 21:00:00,2,0.0,5
ORD-0003024,PRD-0021,2026-01-18 20:00:00,4,0.0,4
ORD-0003025,PRD-0300,2026-04-22 18:00:00,4,0.0,5
ORD-0003026,PRD-0139,2026-04-26 17:00:00,3,0.0,4
ORD-0003027,PRD-0359,2026-08-04 20:00:00,4,0.0,5
ORD-0003028,PRD-0324,2026-08-27 19:00:00,4,0.0,5
ORD-0003029,PRD-0499,2026-05-21 18:00:00,1,0.0,5
ORD-0003030,PRD-0385,2026-08-17 01:00:00,2,0.05,3
ORD-0003031,PRD-0092,2026-01-17 08:00:00,1,0.0,5
ORD-0003032,PRD-0447,2026-08-23 20:00:00,1,0.0,4
ORD-0003033,PRD-0280,2026-07-09 05:00:00,3,0.05,5
ORD-0003034,PRD-0125,2026-08-09 19:00:00,4,0.0,4
ORD-0003035,PRD-0483,2026-08-02 07:00:00,2,0.0,4
ORD-0003036,PRD-0397,2026-01-15 05:00:00,2,0.0,3
ORD-0003037,PRD-0111,2026-01-06 12:00:00,2,0.0,5
ORD-0003038,PRD-0354,2026-01-12 00:00:00,4,0.0,5
ORD-0003039,PRD-0139,2026-06-24 12:00:00,2,0.0,3
ORD-0003040,PRD-0484,2026-03-12 05:00:00,2,0.0,5
ORD-0003041,PRD-0435,2026-03-01 18:00:00,4,0.05,5
ORD-0003042,PRD-0273,2026-08-10 23:00:00,3,0.0,5
ORD-0003043,PRD-0099,2026-08-01 09:00:00,2,0.0,4
ORD-0003044,PRD-0252,2026-03-11 04:00:00,4,0.2,5
ORD-0003045,PRD-0338,2026-06-09 01:00:00,1,0.05,5
ORD-0003046,PRD-0104,2026-08-26 04:00:00,4,0.0,3
ORD-0003047,PRD-0214,2026-04-09 02:00:00,1,0.2,5
ORD-0003048,PRD-0249,2026-01-12 01:00:00,4,0.0,3
ORD-0003049,PRD-0152,2026-07-17 13:00:00,2,0.0,5
ORD-0003050,PRD-0250,2026-02-17 08:00:00,3,0.2,5
ORD-0003051,PRD-0275,2026-08-18 01:00:00,3,0.1,4
ORD-0003052,PRD-0165,2026-07-09 13:00:00,2,0.0,4
ORD-0003053,PRD-0487,2026-08-20 15:00:00,1,0.05,4
ORD-0003054,PRD-0341,2026-08-10 02:00:00,4,0.05,4
ORD-0003055,PRD-0008,2026-07-25 06:00:00,2,0.0,5
ORD-0003056,PRD-0284,2026-02-27 22:00:00,4,0.0,5
ORD-0003057,PRD-0005,2026-02-16 08:00:00,2,0.0,2
ORD-0003058,PRD-0145,2026-04-04 02:00:00,2,0.2,5
ORD-0003059,PRD-0101,2026-04-30 10:00:00,4,0.0,3
ORD-0003060,PRD-0164,2026-05-08 20:00:00,3,0.05,5
ORD-0003061,PRD-0374,2026-04-01 19:00:00,3,0.0,4
ORD-0003062,PRD-0147,2026-07-26 23:00:00,1,0.0,5
ORD-0003063,PRD-0064,2026-01-27 10:00:00,4,0.05,2
ORD-0003064,PRD-0091,2026-06-01 07:00:00,1,0.05,4
ORD-0003065,PRD-0117,2026-02-28 07:00:00,2,0.0,5
ORD-0003066,PRD-0354,2026-07-19 10:00:00,1,0.0,4
ORD-0003067,PRD-0267,2026-04-25 03:00:00,2,0.0,5
ORD-0003068,PRD-0310,2026-05-13 02:00:00,4,0.0,5
ORD-0003069,PRD-0173,2026-03-19 17:00:00,4,0.0,5
ORD-0003070,PRD-0047,2026-08-03 17:00:00,4,0.05,5
ORD-0003071,PRD-0140,2026-03-23 11:00:00,4,0.0,4
ORD-0003072,PRD-0246,2026-07-14 21:00:00,1,0.0,5
ORD-0003073,PRD-0149,2026-04-03 10:00:00,2,0.0,5
ORD-0003074,PRD-0246,2026-02-27 21:00:00,3,0.2,4
ORD-0003075,PRD-0395,2026-07-23 07:00:00,4,0.0,5
ORD-0003076,PRD-0487,2026-05-11 10:00:00,4,0.05,5
ORD-0003077,PRD-0476,2026-06-28 04:00:00,2,0.0,5
ORD-0003078,PRD-0005,2026-06-21 10:00:00,3,0.0,2
ORD-0003079,PRD-0465,2026-02-22 01:00:00,4,0.0,5
ORD-0003080,PRD-0184,2026-05-12 22:00:00,3,0.0,4
ORD-0003081,PRD-0020,2026-08-27 00:00:00,4,0.1,5
ORD-0003082,PRD-0425,2026-02-21 21:00:00,1,0.0,5
ORD-0003083,PRD-0046,2026-08-27 22:00:00,1,0.05,4
ORD-0003084,PRD-0012,2026-01-03 05:00:00,3,0.0,5
ORD-0003085,PRD-0070,2026-05-02 06:00:00,2,0.0,5
ORD-0003086,PRD-0017,2026-08-19 02:00:00,2,0.0,5
ORD-0003087,PRD-0371,2026-04-10 20:00:00,1,0.05,4
ORD-0003088,PRD-0147,2026-01-19 10:00:00,2,0.1,5
ORD-0003089,PRD-0154,2026-07-14 19:00:00,2,0.1,5
ORD-0003090,PRD-0304,2026-05-31 11:00:00,2,0.0,5
ORD-0003091,PRD-0108,2026-07-02 09:00:00,3,0.05,1
ORD-0003092,PRD-0236,2026-04-11 07:00:00,3,0.0,4
ORD-0003093,PRD-0308,2026-02-04 06:00:00,2,0.05,5
ORD-0003094,PRD-0352,2026-06-04 06:00:00,1,0.2,4
ORD-0003095,PRD-0070,2026-05-03 11:00:00,2,0.0,5
ORD-0003096,PRD-0183,2026-08-29 05:00:00,4,0.0,4
ORD-0003097,PRD-0250,2026-07-17 08:00:00,1,0.05,5
ORD-0003098,PRD-0228,2026-02-12 23:00:00,3,0.05,5
ORD-0003099,PRD-0102,2026-03-26 00:00:00,4,0.0,5
ORD-0003100,PRD-0075,2026-01-24 10:00:00,2,0.2,4
ORD-0003101,PRD-0417,2026-04-16 18:00:00,2,0.05,5
ORD-0003102,PRD-0446,2026-01-15 04:00:00,1,0.0,5
ORD-0003103,PRD-0216,2026-07-10 07:00:00,1,0.0,5
ORD-0003104,PRD-0407,2026-08-30 22:00:00,2,0.05,2
ORD-0003105,PRD-0399,2026-06-07 07:00:00,2,0.0,5
ORD-0003106,PRD-0411,2026-04-06 16:00:00,1,0.0,5
ORD-0003107,PRD-0203,2026-01-10 18:00:00,4,0.0,3
ORD-0003108,PRD-0192,2026-08-05 18:00:00,3,0.05,5
ORD-0003109,PRD-0249,2026-02-16 12:00:00,1,0.05,1
ORD-0003110,PRD-0499,2026-03-21 12:00:00,4,0.0,5
ORD-0003111,PRD-0242,2026-03-01 01:00:00,2,0.05,5
ORD-0003112,PRD-0465,2026-07-24 23:00:00,3,0.2,4
ORD-0003113,PRD-0179,2026-02-23 19:00:00,4,0.0,3
ORD-0003114,PRD-0437,2026-05-26 08:00:00,3,0.05,5
ORD-0003115,PRD-0462,2026-07-16 23:00:00,3,0.2,1
ORD-0003116,PRD-0219,2026-06-02 06:00:00,3,0.05,4
ORD-0003117,PRD-0082,2026-01-23 00:00:00,4,0.05,4
ORD-0003118,PRD-0092,2026-05-19 12:00:00,4,0.0,4
ORD-0003119,PRD-0435,2026-03-24 12:00:00,2,0.0,1
ORD-0003120,PRD-0175,2026-05-03 11:00:00,3,0.0,2
ORD-0003121,PRD-0239,2026-08-15 11:00:00,1,0.05,1
ORD-0003122,PRD-0260,2026-08-13 16:00:00,1,0.2,5
ORD-0003123,PRD-0391,2026-02-25 09:00:00,1,0.0,5
ORD-0003124,PRD-0365,2026-02-21 09:00:00,4,0.0,4
ORD-0003125,PRD-0163,2026-03-15 01:00:00,2,0.0,5
ORD-0003126,PRD-0048,2026-04-27 16:00:00,4,0.05,5
ORD-0003127,PRD-0329,2026-05-03 05:00:00,3,0.0,4
ORD-0003128,PRD-0328,2026-04-25 23:00:00,1,0.05,5
ORD-0003129,PRD-0116,2026-04-26 15:00:00,4,0.0,5
ORD-0003130,PRD-0429,2026-05-26 07:00:00,1,0.0,1
ORD-0003131,PRD-0337,2026-06-10 10:00:00,4,0.0,4
ORD-0003132,PRD-0337,2026-04-16 07:00:00,1,0.1,5
ORD-0003133,PRD-0369,2026-07-28 05:00:00,3,0.0,5
ORD-0003134,PRD-0225,2026-02-07 02:00:00,1,0.2,4
ORD-0003135,PRD-0352,2026-08-25 02:00:00,3,0.0,5
ORD-0003136,PRD-0328,2026-03-28 01:00:00,3,0.0,5
ORD-0003137,PRD-0147,2026-02-19 12:00:00,4,0.0,4
ORD-0003138,PRD-0063,2026-08-24 04:00:00,4,0.2,2
ORD-0003139,PRD-0294,2026-06-29 01:00:00,4,0.05,3
ORD-0003140,PRD-0323,2026-01-31 20:00:00,3,0.0,4
ORD-0003141,PRD-0443,2026-02-27 01:00:00,2,0.05,4
ORD-0003142,PRD-0325,2026-02-27 21:00:00,2,0.0,5
ORD-0003143,PRD-0013,2026-03-25 08:00:00,3,0.0,5
ORD-0003144,PRD-0431,2026-03-03 07:00:00,3,0.0,4
ORD-0003145,PRD-0494,2026-03-06 00:00:00,4,0.1,5
ORD-0003146,PRD-0189,2026-01-14 06:00:00,4,0.0,1
ORD-0003147,PRD-0287,2026-04-05 08:00:00,4,0.0,4
ORD-0003148,PRD-0208,2026-08-03 17:00:00,2,0.0,5
ORD-0003149,PRD-0114,2026-03-20 22:00:00,2,0.0,4
ORD-0003150,PRD-0480,2026-06-04 15:00:00,3,0.0,5
ORD-0003151,PRD-0022,2026-07-20 19:00:00,2,0.0,5
ORD-0003152,PRD-0349,2026-04-28 14:00:00,4,0.0,5
ORD-0003153,PRD-0214,2026-08-30 12:00:00,4,0.2,3
ORD-0003154,PRD-0171,2026-07-07 20:00:00,4,0.0,4
ORD-0003155,PRD-0323,2026-02-23 03:00:00,4,0.0,1
ORD-0003156,PRD-0054,2026-05-09 11:00:00,4,0.0,5
ORD-0003157,PRD-0394,2026-01-17 16:00:00,1,0.0,5
ORD-0003158,PRD-0298,2026-01-31 03:00:00,3,0.1,5
ORD-0003159,PRD-0320,2026-04-08 01:00:00,3,0.0,5
ORD-0003160,PRD-0126,2026-02-17 07:00:00,2,0.1,5
ORD-0003161,PRD-0277,2026-04-26 10:00:00,4,0.05,5
ORD-0003162,PRD-0464,2026-07-21 22:00:00,1,0.05,4
ORD-0003163,PRD-0204,2026-01-12 03:00:00,4,0.0,5
ORD-0003164,PRD-0194,2026-08-15 12:00:00,4,0.0,5
ORD-0003165,PRD-0169,2026-01-24 17:00:00,2,0.0,4
ORD-0003166,PRD-0152,2026-04-17 12:00:00,1,0.1,5
ORD-0003167,PRD-0035,2026-03-24 05:00:00,1,0.0,5
ORD-0003168,PRD-0184,2026-01-23 17:00:00,3,0.0,5
ORD-0003169,PRD-0286,2026-04-28 14:00:00,4,0.0,5
ORD-0003170,PRD-0057,2026-07-05 20:00:00,1,0.05,4
ORD-0003171,PRD-0222,2026-07-13 10:00:00,3,0.05,4
ORD-0003172,PRD-0303,2026-01-12 06:00:00,1,0.0,3
ORD-0003173,PRD-0163,2026-01-31 18:00:00,4,0.0,5
ORD-0003174,PRD-0019,2026-02-22 09:00:00,3,0.0,4
ORD-0003175,PRD-0370,2026-01-03 10:00:00,1,0.0,4
ORD-0003176,PRD-0264,2026-08-12 18:00:00,2,0.05,5
ORD-0003177,PRD-0282,2026-06-24 05:00:00,1,0.1,3
ORD-0003178,PRD-0113,2026-07-22 10:00:00,4,0.05,2
ORD-0003179,PRD-0488,2026-01-17 05:00:00,2,0.0,4
ORD-0003180,PRD-0327,2026-08-09 19:00:00,1,0.05,4
ORD-0003181,PRD-0030,2026-01-30 22:00:00,1,0.2,4
ORD-0003182,PRD-0135,2026-06-26 20:00:00,3,0.2,4
ORD-0003183,PRD-0067,2026-07-14 22:00:00,4,0.1,4
ORD-0003184,PRD-0065,2026-01-06 00:00:00,1,0.0,3
ORD-0003185,PRD-0292,2026-04-21 12:00:00,1,0.05,4
ORD-0003186,PRD-0025,2026-04-06 23:00:00,1,0.1,5
ORD-0003187,PRD-0037,2026-07-22 13:00:00,4,0.05,4
ORD-0003188,PRD-0001,2026-05-02 07:00:00,2,0.0,5
ORD-0003189,PRD-0399,2026-02-03 07:00:00,4,0.2,3
ORD-0003190,PRD-0037,2026-05-21 20:00:00,3,0.0,4
ORD-0003191,PRD-0141,2026-03-29 18:00:00,3,0.0,4
ORD-0003192,PRD-0232,2026-08-02 05:00:00,4,0.0,5
ORD-0003193,PRD-0136,2026-08-20 21:00:00,1,0.05,4
ORD-0003194,PRD-0389,2026-02-16 05:00:00,1,0.0,5
ORD-0003195,PRD-0188,2026-02-22 02:00:00,2,0.0,5
ORD-0003196,PRD-0128,2026-04-21 00:00:00,4,0.05,3
ORD-0003197,PRD-0201,2026-03-10 17:00:00,4,0.05,5
ORD-0003198,PRD-0127,2026-02-26 01:00:00,1,0.05,4
ORD-0003199,PRD-0257,2026-05-04 04:00:00,3,0.0,1
ORD-0003200,PRD-0164,2026-08-15 13:00:00,3,0.05,4
ORD-0003201,PRD-0035,2026-04-12 22:00:00,2,0.0,4
ORD-0003202,PRD-0194,2026-08-31 20:00:00,2,0.0,2
ORD-0003203,PRD-0191,2026-07-28 02:00:00,3,0.0,5
ORD-0003204,PRD-0104,2026-05-21 04:00:00,4,0.1,4
ORD-0003205,PRD-0023,2026-01-21 04:00:00,2,0.0,5
ORD-0003206,PRD-0265,2026-02-03 10:00:00,1,0.0,1
ORD-0003207,PRD-0290,2026-03-13 11:00:00,4,0.0,5
ORD-0003208,PRD-0430,2026-03-21 19:00:00,1,0.0,3
ORD-0003209,PRD-0462,2026-05-26 03:00:00,2,0.2,5
ORD-0003210,PRD-0384,2026-03-15 05:00:00,3,0.2,5
ORD-0003211,PRD-0260,2026-03-17 09:00:00,2,0.0,3
ORD-0003212,PRD-0414,2026-08-19 19:00:00,3,0.0,3
ORD-0003213,PRD-0479,2026-05-06 07:00:00,4,0.0,3
ORD-0003214,PRD-0358,2026-05-15 09:00:00,2,0.05,4
ORD-0003215,PRD-0075,2026-05-26 15:00:00,2,0.0,3
ORD-0003216,PRD-0355,2026-04-07 16:00:00,2,0.0,5
ORD-0003217,PRD-0072,2026-03-11 14:00:00,4,0.0,4
ORD-0003218,PRD-0259,2026-07-12 07:00:00,1,0.0,5
ORD-0003219,PRD-0398,2026-02-17 23:00:00,1,0.0,1
ORD-0003220,PRD-0188,2026-08-17 20:00:00,3,0.0,5
ORD-0003221,PRD-0461,2026-07-17 19:00:00,2,0.0,3
ORD-0003222,PRD-0173,2026-04-03 15:00:00,1,0.0,4
ORD-0003223,PRD-0480,2026-04-22 03:00:00,4,0.2,2
ORD-0003224,PRD-0290,2026-01-09 18:00:00,2,0.0,3
ORD-0003225,PRD-0045,2026-04-14 22:00:00,3,0.0,5
ORD-0003226,PRD-0061,2026-07-15 01:00:00,1,0.2,5
ORD-0003227,PRD-0083,2026-06-27 14:00:00,4,0.1,5
ORD-0003228,PRD-0123,2026-04-15 11:00:00,4,0.0,5
ORD-0003229,PRD-0358,2026-05-04 11:00:00,3,0.05,5
ORD-0003230,PRD-0016,2026-05-23 20:00:00,1,0.0,5
ORD-0003231,PRD-0066,2026-05-21 15:00:00,2,0.05,4
ORD-0003232,PRD-0424,2026-08-12 00:00:00,4,0.2,4
ORD-0003233,PRD-0145,2026-06-14 19:00:00,3,0.0,2
ORD-0003234,PRD-0375,2026-08-09 21:00:00,4,0.0,5
ORD-0003235,PRD-0162,2026-06-04 09:00:00,4,0.0,4
ORD-0003236,PRD-0234,2026-05-22 21:00:00,1,0.05,5
ORD-0003237,PRD-0380,2026-06-18 06:00:00,1,0.0,4
ORD-0003238,PRD-0144,2026-02-13 20:00:00,2,0.05,5
ORD-0003239,PRD-0358,2026-01-30 17:00:00,4,0.0,5
ORD-0003240,PRD-0188,2026-05-01 08:00:00,3,0.0,4
ORD-0003241,PRD-0322,2026-01-29 15:00:00,4,0.0,5
ORD-0003242,PRD-0450,2026-01-14 17:00:00,3,0.0,5
ORD-0003243,PRD-0474,2026-03-14 18:00:00,4,0.0,5
ORD-0003244,PRD-0013,2026-02-20 07:00:00,3,0.0,4
ORD-0003245,PRD-0184,2026-03-31 06:00:00,4,0.05,5
ORD-0003246,PRD-0111,2026-02-02 16:00:00,4,0.05,4
ORD-0003247,PRD-0415,2026-04-23 08:00:00,2,0.1,5
ORD-0003248,PRD-0290,2026-06-09 04:00:00,1,0.0,5
ORD-0003249,PRD-0295,2026-07-29 20:00:00,1,0.2,5
ORD-0003250,PRD-0451,2026-08-13 08:00:00,3,0.05,4
ORD-0003251,PRD-0392,2026-06-04 22:00:00,4,0.0,5
ORD-0003252,PRD-0215,2026-08-29 15:00:00,4,0.0,4
ORD-0003253,PRD-0462,2026-04-23 05:00:00,1,0.0,4
ORD-0003254,PRD-0120,2026-01-27 01:00:00,3,0.2,5
ORD-0003255,PRD-0382,2026-06-26 10:00:00,2,0.0,5
ORD-0003256,PRD-0055,2026-06-04 12:00:00,2,0.0,5
ORD-0003257,PRD-0027,2026-02-01 17:00:00,2,0.0,5
ORD-0003258,PRD-0118,2026-06-15 19:00:00,4,0.1,1
ORD-0003259,PRD-0221,2026-05-28 01:00:00,3,0.0,3
ORD-0003260,PRD-0231,2026-03-06 19:00:00,1,0.0,2
ORD-0003261,PRD-0053,2026-06-01 09:00:00,4,0.0,3
ORD-0003262,PRD-0295,2026-01-29 03:00:00,4,0.0,4
ORD-0003263,PRD-0321,2026-06-24 11:00:00,2,0.0,4
ORD-0003264,PRD-0401,2026-08-05 04:00:00,3,0.0,3
ORD-0003265,PRD-0233,2026-01-02 12:00:00,3,0.1,5
ORD-0003266,PRD-0158,2026-06-09 20:00:00,2,0.1,5
ORD-0003267,PRD-0437,2026-03-16 11:00:00,2,0.05,5
ORD-0003268,PRD-0269,2026-04-24 15:00:00,2,0.0,4
ORD-0003269,PRD-0021,2026-08-09 17:00:00,4,0.05,4
ORD-0003270,PRD-0403,2026-06-11 16:00:00,4,0.0,4
ORD-0003271,PRD-0053,2026-03-20 22:00:00,4,0.0,4
ORD-0003272,PRD-0275,2026-01-06 16:00:00,1,0.2,5
ORD-0003273,PRD-0313,2026-08-28 23:00:00,1,0.1,4
ORD-0003274,PRD-0281,2026-08-25 14:00:00,3,0.0,5
ORD-0003275,PRD-0214,2026-05-09 04:00:00,2,0.1,5
ORD-0003276,PRD-0031,2026-07-31 03:00:00,2,0.2,4
ORD-0003277,PRD-0337,2026-06-11 19:00:00,4,0.05,4
ORD-0003278,PRD-0183,2026-01-28 13:00:00,1,0.05,5
ORD-0003279,PRD-0023,2026-03-17 10:00:00,2,0.05,5
ORD-0003280,PRD-0032,2026-01-18 06:00:00,3,0.0,5
ORD-0003281,PRD-0446,2026-01-15 06:00:00,2,0.0,5
ORD-0003282,PRD-0074,2026-04-24 17:00:00,4,0.05,2
ORD-0003283,PRD-0010,2026-05-24 18:00:00,4,0.0,2
ORD-0003284,PRD-0484,2026-06-02 17:00:00,1,0.0,3
ORD-0003285,PRD-0456,2026-06-05 17:00:00,3,0.0,3
ORD-0003286,PRD-0054,2026-06-12 09:00:00,3,0.0,4
ORD-0003287,PRD-0052,2026-06-26 17:00:00,2,0.2,3
ORD-0003288,PRD-0148,2026-07-04 02:00:00,3,0.05,5
ORD-0003289,PRD-0160,2026-04-01 09:00:00,2,0.0,5
ORD-0003290,PRD-0370,2026-08-12 19:00:00,2,0.2,4
ORD-0003291,PRD-0014,2026-03-20 06:00:00,1,0.2,2
ORD-0003292,PRD-0178,2026-06-15 10:00:00,3,0.0,5
ORD-0003293,PRD-0412,2026-07-15 16:00:00,4,0.2,3
ORD-0003294,PRD-0366,2026-07-10 10:00:00,2,0.0,5
ORD-0003295,PRD-0500,2026-04-20 01:00:00,2,0.0,5
ORD-0003296,PRD-0053,2026-03-05 03:00:00,2,0.0,5
ORD-0003297,PRD-0408,2026-01-24 22:00:00,3,0.05,3
ORD-0003298,PRD-0335,2026-07-05 02:00:00,3,0.0,5
ORD-0003299,PRD-0022,2026-04-30 11:00:00,3,0.05,4
ORD-0003300,PRD-0030,2026-08-22 14:00:00,2,0.05,4
ORD-0003301,PRD-0191,2026-05-28 16:00:00,4,0.0,4
ORD-0003302,PRD-0260,2026-07-06 13:00:00,4,0.0,5
ORD-0003303,PRD-0205,2026-08-13 23:00:00,3,0.0,4
ORD-0003304,PRD-0059,2026-01-03 23:00:00,4,0.0,5
ORD-0003305,PRD-0471,2026-04-18 00:00:00,2,0.05,2
ORD-0003306,PRD-0264,2026-05-24 05:00:00,3,0.0,2
ORD-0003307,PRD-0466,2026-05-05 04:00:00,3,0.0,5
ORD-0003308,PRD-0012,2026-02-16 13:00:00,2,0.0,3
ORD-0003309,PRD-0119,2026-08-17 20:00:00,3,0.05,4
ORD-0003310,PRD-0415,2026-04-10 10:00:00,2,0.1,3
ORD-0003311,PRD-0462,2026-05-27 04:00:00,3,0.2,4
ORD-0003312,PRD-0290,2026-02-26 15:00:00,4,0.1,4
ORD-0003313,PRD-0338,2026-07-18 07:00:00,3,0.0,5
ORD-0003314,PRD-0248,2026-03-05 03:00:00,3,0.0,5
ORD-0003315,PRD-0354,2026-01-02 15:00:00,3,0.05,5
ORD-0003316,PRD-0127,2026-02-27 14:00:00,1,0.2,5
ORD-0003317,PRD-0075,2026-03-26 14:00:00,4,0.0,5
ORD-0003318,PRD-0361,2026-04-20 05:00:00,2,0.0,5
ORD-0003319,PRD-0204,2026-08-12 21:00:00,1,0.0,5
ORD-0003320,PRD-0049,2026-07-30 21:00:00,4,0.05,4
ORD-0003321,PRD-0079,2026-03-21 04:00:00,3,0.0,4
ORD-0003322,PRD-0441,2026-04-03 09:00:00,3,0.0,5
ORD-0003323,PRD-0479,2026-07-19 20:00:00,2,0.1,4
ORD-0003324,PRD-0241,2026-07-11 22:00:00,2,0.0,5
ORD-0003325,PRD-0349,2026-02-23 11:00:00,4,0.0,5
ORD-0003326,PRD-0154,2026-01-25 07:00:00,4,0.0,4
ORD-0003327,PRD-0274,2026-07-31 15:00:00,2,0.0,5
ORD-0003328,PRD-0096,2026-01-20 02:00:00,4,0.0,4
ORD-0003329,PRD-0214,2026-04-05 09:00:00,2,0.0,5
ORD-0003330,PRD-0294,2026-04-22 02:00:00,3,0.0,5
ORD-0003331,PRD-0209,2026-02-03 23:00:00,2,0.05,5
ORD-0003332,PRD-0343,2026-04-15 15:00:00,1,0.05,3
ORD-0003333,PRD-0088,2026-01-11 06:00:00,2,0.0,4
ORD-0003334,PRD-0306,2026-07-21 01:00:00,2,0.0,5
ORD-0003335,PRD-0264,2026-01-18 08:00:00,1,0.1,5
ORD-0003336,PRD-0425,2026-08-03 14:00:00,1,0.0,3
ORD-0003337,PRD-0390,2026-07-05 23:00:00,1,0.0,3
ORD-0003338,PRD-0325,2026-06-04 21:00:00,1,0.0,2
ORD-0003339,PRD-0428,2026-01-05 11:00:00,2,0.05,5
ORD-0003340,PRD-0377,2026-04-20 15:00:00,4,0.0,5
ORD-0003341,PRD-0320,2026-02-04 22:00:00,1,0.05,1
ORD-0003342,PRD-0157,2026-07-08 01:00:00,3,0.05,4
ORD-0003343,PRD-0156,2026-08-28 03:00:00,2,0.2,5
ORD-0003344,PRD-0139,2026-07-24 20:00:00,4,0.0,5
ORD-0003345,PRD-0121,2026-03-01 05:00:00,3,0.05,5
ORD-0003346,PRD-0065,2026-07-19 02:00:00,2,0.0,5
ORD-0003347,PRD-0107,2026-06-13 00:00:00,2,0.0,3
ORD-0003348,PRD-0147,2026-01-11 15:00:00,3,0.0,4
ORD-0003349,PRD-0137,2026-04-28 19:00:00,1,0.0,5
ORD-0003350,PRD-0411,2026-02-04 21:00:00,1,0.1,5
ORD-0003351,PRD-0162,2026-05-04 10:00:00,3,0.0,5
ORD-0003352,PRD-0428,2026-04-06 02:00:00,4,0.0,5
ORD-0003353,PRD-0452,2026-01-24 00:00:00,1,0.0,5
ORD-0003354,PRD-0100,2026-01-08 12:00:00,2,0.05,4
ORD-0003355,PRD-0338,2026-06-27 04:00:00,2,0.0,3
ORD-0003356,PRD-0399,2026-03-03 13:00:00,4,0.1,5
ORD-0003357,PRD-0307,2026-01-24 18:00:00,2,0.1,5
ORD-0003358,PRD-0141,2026-07-26 08:00:00,1,0.1,5
ORD-0003359,PRD-0083,2026-03-13 23:00:00,4,0.0,5
ORD-0003360,PRD-0177,2026-08-03 07:00:00,1,0.05,4
ORD-0003361,PRD-0198,2026-08-22 00:00:00,4,0.0,2
ORD-0003362,PRD-0112,2026-08-18 23:00:00,3,0.1,3
ORD-0003363,PRD-0056,2026-01-25 15:00:00,2,0.05,5
ORD-0003364,PRD-0460,2026-07-08 04:00:00,4,0.0,4
ORD-0003365,PRD-0179,2026-04-05 04:00:00,3,0.05,1
ORD-0003366,PRD-0421,2026-05-03 19:00:00,1,0.0,5
ORD-0003367,PRD-0401,2026-01-15 11:00:00,3,0.0,4
ORD-0003368,PRD-0186,2026-01-07 21:00:00,1,0.0,5
ORD-0003369,PRD-0471,2026-07-29 16:00:00,4,0.2,5
ORD-0003370,PRD-0218,2026-07-05 03:00:00,4,0.1,3
ORD-0003371,PRD-0413,2026-05-01 16:00:00,2,0.05,5
ORD-0003372,PRD-0417,2026-07-07 05:00:00,2,0.2,5
ORD-0003373,PRD-0316,2026-01-25 06:00:00,4,0.0,1
ORD-0003374,PRD-0475,2026-05-27 02:00:00,1,0.2,5
ORD-0003375,PRD-0217,2026-08-26 08:00:00,1,0.0,4
ORD-0003376,PRD-0120,2026-07-03 11:00:00,4,0.05,4
ORD-0003377,PRD-0439,2026-05-07 14:00:00,1,0.05,4
ORD-0003378,PRD-0394,2026-04-29 13:00:00,4,0.0,5
ORD-0003379,PRD-0175,2026-04-26 06:00:00,2,0.0,5
ORD-0003380,PRD-0023,2026-06-24 18:00:00,1,0.0,4
ORD-0003381,PRD-0213,2026-02-22 17:00:00,2,0.2,5
ORD-0003382,PRD-0405,2026-06-27 05:00:00,3,0.0,1
ORD-0003383,PRD-0235,2026-07-13 17:00:00,2,0.0,2
ORD-0003384,PRD-0013,2026-07-17 18:00:00,3,0.05,1
ORD-0003385,PRD-0101,2026-05-04 15:00:00,2,0.0,5
ORD-0003386,PRD-0417,2026-04-05 18:00:00,2,0.0,5
ORD-0003387,PRD-0024,2026-04-13 22:00:00,1,0.05,5
ORD-0003388,PRD-0364,2026-04-06 10:00:00,2,0.0,4
ORD-0003389,PRD-0011,2026-04-18 09:00:00,4,0.05,4
ORD-0003390,PRD-0273,2026-06-02 12:00:00,1,0.0,5
ORD-0003391,PRD-0452,2026-02-14 12:00:00,1,0.0,4
ORD-0003392,PRD-0431,2026-08-21 23:00:00,1,0.0,5
ORD-0003393,PRD-0281,2026-04-25 00:00:00,2,0.0,4
ORD-0003394,PRD-0094,2026-07-21 05:00:00,1,0.2,3
ORD-0003395,PRD-0201,2026-03-23 06:00:00,3,0.1,4
ORD-0003396,PRD-0021,2026-01-04 19:00:00,3,0.0,2
ORD-0003397,PRD-0340,2026-05-09 21:00:00,2,0.0,1
ORD-0003398,PRD-0467,2026-04-03 11:00:00,1,0.0,4
ORD-0003399,PRD-0211,2026-08-27 11:00:00,4,0.0,4
ORD-0003400,PRD-0140,2026-08-10 07:00:00,4,0.0,1
ORD-0003401,PRD-0293,2026-08-05 12:00:00,3,0.1,4
ORD-0003402,PRD-0298,2026-08-14 00:00:00,2,0.0,4
ORD-0003403,PRD-0401,2026-02-27 19:00:00,2,0.0,4
ORD-0003404,PRD-0101,2026-06-28 02:00:00,2,0.0,3
ORD-0003405,PRD-0304,2026-04-06 05:00:00,2,0.0,5
ORD-0003406,PRD-0359,2026-05-14 14:00:00,2,0.05,5
ORD-0003407,PRD-0028,2026-05-02 20:00:00,1,0.0,5
ORD-0003408,PRD-0041,2026-01-12 15:00:00,1,0.0,4
ORD-0003409,PRD-0355,2026-08-03 02:00:00,1,0.0,3
ORD-0003410,PRD-0303,2026-03-09 10:00:00,4,0.2,4
ORD-0003411,PRD-0496,2026-04-27 03:00:00,1,0.0,5
ORD-0003412,PRD-0146,2026-01-16 10:00:00,2,0.1,4
ORD-0003413,PRD-0256,2026-05-13 15:00:00,2,0.0,3
ORD-0003414,PRD-0462,2026-06-09 18:00:00,4,0.1,2
ORD-0003415,PRD-0227,2026-03-12 23:00:00,4,0.05,5
ORD-0003416,PRD-0236,2026-04-05 12:00:00,3,0.0,5
ORD-0003417,PRD-0361,2026-01-13 15:00:00,4,0.1,4
ORD-0003418,PRD-0380,2026-06-07 06:00:00,3,0.05,4
ORD-0003419,PRD-0455,2026-02-26 04:00:00,1,0.0,5
ORD-0003420,PRD-0489,2026-08-20 12:00:00,2,0.0,3
ORD-0003421,PRD-0013,2026-08-09 09:00:00,3,0.05,5
ORD-0003422,PRD-0210,2026-04-11 22:00:00,3,0.05,5
ORD-0003423,PRD-0229,2026-06-01 04:00:00,3,0.05,4
ORD-0003424,PRD-0397,2026-04-12 04:00:00,4,0.05,1
ORD-0003425,PRD-0100,2026-05-07 09:00:00,4,0.05,4
ORD-0003426,PRD-0031,2026-01-28 20:00:00,4,0.05,5
ORD-0003427,PRD-0386,2026-01-21 19:00:00,3,0.0,5
ORD-0003428,PRD-0016,2026-02-28 22:00:00,1,0.0,5
ORD-0003429,PRD-0137,2026-08-25 04:00:00,2,0.2,5
ORD-0003430,PRD-0329,2026-01-23 01:00:00,4,0.0,5
ORD-0003431,PRD-0166,2026-05-31 21:00:00,1,0.0,5
ORD-0003432,PRD-0459,2026-05-25 00:00:00,4,0.05,4
ORD-0003433,PRD-0310,2026-08-10 11:00:00,4,0.0,4
ORD-0003434,PRD-0440,2026-02-01 10:00:00,3,0.0,5
ORD-0003435,PRD-0470,2026-04-08 19:00:00,3,0.0,5
ORD-0003436,PRD-0481,2026-07-24 14:00:00,4,0.05,4
ORD-0003437,PRD-0100,2026-01-31 06:00:00,2,0.2,5
ORD-0003438,PRD-0109,2026-07-21 02:00:00,4,0.0,3
ORD-0003439,PRD-0343,2026-07-25 03:00:00,2,0.0,4
ORD-0003440,PRD-0173,2026-04-21 09:00:00,1,0.0,5
ORD-0003441,PRD-0237,2026-08-15 03:00:00,4,0.0,4
ORD-0003442,PRD-0162,2026-03-27 06:00:00,2,0.0,4
ORD-0003443,PRD-0393,2026-04-28 07:00:00,1,0.0,5
ORD-0003444,PRD-0216,2026-02-06 10:00:00,1,0.0,5
ORD-0003445,PRD-0264,2026-05-17 15:00:00,3,0.0,5
ORD-0003446,PRD-0263,2026-05-05 08:00:00,1,0.0,5
ORD-0003447,PRD-0292,2026-04-01 18:00:00,3,0.05,5
ORD-0003448,PRD-0274,2026-06-08 15:00:00,1,0.1,5
ORD-0003449,PRD-0003,2026-08-29 13:00:00,1,0.2,3
ORD-0003450,PRD-0028,2026-01-26 07:00:00,2,0.05,5
ORD-0003451,PRD-0326,2026-08-21 05:00:00,2,0.0,4
ORD-0003452,PRD-0492,2026-01-27 10:00:00,3,0.05,5
ORD-0003453,PRD-0428,2026-08-10 01:00:00,4,0.0,4
ORD-0003454,PRD-0149,2026-07-10 19:00:00,2,0.05,4
ORD-0003455,PRD-0028,2026-04-24 15:00:00,1,0.05,5
ORD-0003456,PRD-0488,2026-02-14 18:00:00,3,0.05,5
ORD-0003457,PRD-0310,2026-03-21 18:00:00,3,0.2,1
ORD-0003458,PRD-0438,2026-01-25 12:00:00,3,0.05,3
ORD-0003459,PRD-0065,2026-05-15 15:00:00,1,0.05,5
ORD-0003460,PRD-0356,2026-04-07 00:00:00,2,0.0,4
ORD-0003461,PRD-0021,2026-08-10 20:00:00,4,0.2,3
ORD-0003462,PRD-0252,2026-06-09 22:00:00,3,0.0,4
ORD-0003463,PRD-0235,2026-03-24 05:00:00,1,0.2,4
ORD-0003464,PRD-0227,2026-07-30 04:00:00,2,0.0,4
ORD-0003465,PRD-0013,2026-03-27 15:00:00,2,0.0,5
ORD-0003466,PRD-0313,2026-05-26 00:00:00,4,0.1,4
ORD-0003467,PRD-0049,2026-03-28 15:00:00,3,0.0,1
ORD-0003468,PRD-0118,2026-05-08 04:00:00,1,0.1,5
ORD-0003469,PRD-0054,2026-07-06 18:00:00,2,0.0,5
ORD-0003470,PRD-0138,2026-02-22 03:00:00,1,0.1,4
ORD-0003471,PRD-0053,2026-08-22 02:00:00,2,0.05,4
ORD-0003472,PRD-0044,2026-06-08 03:00:00,3,0.05,5
ORD-0003473,PRD-0303,2026-06-09 06:00:00,3,0.0,4
ORD-0003474,PRD-0053,2026-06-29 06:00:00,4,0.0,5
ORD-0003475,PRD-0074,2026-05-22 05:00:00,2,0.1,5
ORD-0003476,PRD-0046,2026-03-16 04:00:00,1,0.0,4
ORD-0003477,PRD-0013,2026-04-19 12:00:00,2,0.0,5
ORD-0003478,PRD-0165,2026-06-03 16:00:00,1,0.05,4
ORD-0003479,PRD-0102,2026-07-23 16:00:00,4,0.0,1
ORD-0003480,PRD-0280,2026-03-13 20:00:00,2,0.0,5
ORD-0003481,PRD-0258,2026-08-01 13:00:00,3,0.0,3
ORD-0003482,PRD-0470,2026-04-27 00:00:00,1,0.0,4
ORD-0003483,PRD-0337,2026-07-29 21:00:00,3,0.1,5
ORD-0003484,PRD-0356,2026-08-08 05:00:00,4,0.0,5
ORD-0003485,PRD-0398,2026-06-04 23:00:00,4,0.2,4
ORD-0003486,PRD-0138,2026-03-11 21:00:00,1,0.0,5
ORD-0003487,PRD-0163,2026-01-19 16:00:00,2,0.0,3
ORD-0003488,PRD-0409,2026-07-15 07:00:00,3,0.0,5
ORD-0003489,PRD-0387,2026-01-04 09:00:00,3,0.0,5
ORD-0003490,PRD-0111,2026-02-28 14:00:00,1,0.05,5
ORD-0003491,PRD-0102,2026-03-03 16:00:00,1,0.1,5
ORD-0003492,PRD-0017,2026-02-14 23:00:00,1,0.0,4
ORD-0003493,PRD-0268,2026-05-30 22:00:00,4,0.05,3
ORD-0003494,PRD-0182,2026-07-08 02:00:00,4,0.0,4
ORD-0003495,PRD-0372,2026-06-24 07:00:00,3,0.0,5
ORD-0003496,PRD-0024,2026-06-03 08:00:00,2,0.0,3
ORD-0003497,PRD-0029,2026-04-23 15:00:00,1,0.2,5
ORD-0003498,PRD-0171,2026-06-29 14:00:00,4,0.0,5
ORD-0003499,PRD-0409,2026-06-06 12:00:00,2,0.1,1
ORD-0003500,PRD-0228,2026-03-15 06:00:00,1,0.0,5
ORD-0003501,PRD-0378,2026-04-19 07:00:00,2,0.0,5
ORD-0003502,PRD-0188,2026-08-23 00:00:00,1,0.0,4
ORD-0003503,PRD-0346,2026-08-31 05:00:00,2,0.1,5
ORD-0003504,PRD-0230,2026-04-17 06:00:00,3,0.05,4
ORD-0003505,PRD-0321,2026-06-10 13:00:00,1,0.0,3
ORD-0003506,PRD-0340,2026-04-25 10:00:00,1,0.1,5
ORD-0003507,PRD-0119,2026-04-06 12:00:00,3,0.0,5
ORD-0003508,PRD-0156,2026-03-04 13:00:00,1,0.2,4
ORD-0003509,PRD-0272,2026-07-03 12:00:00,1,0.1,5
ORD-0003510,PRD-0175,2026-01-10 14:00:00,4,0.05,4
ORD-0003511,PRD-0465,2026-06-27 02:00:00,3,0.1,5
ORD-0003512,PRD-0104,2026-02-19 22:00:00,4,0.0,5
ORD-0003513,PRD-0092,2026-01-05 18:00:00,3,0.05,3
ORD-0003514,PRD-0186,2026-02-28 21:00:00,2,0.0,5
ORD-0003515,PRD-0460,2026-07-03 14:00:00,3,0.0,3
ORD-0003516,PRD-0283,2026-02-11 08:00:00,3,0.0,2
ORD-0003517,PRD-0181,2026-04-08 19:00:00,4,0.0,5
ORD-0003518,PRD-0170,2026-02-13 09:00:00,1,0.0,4
ORD-0003519,PRD-0187,2026-01-01 11:00:00,3,0.0,5
ORD-0003520,PRD-0175,2026-08-19 03:00:00,1,0.0,5
ORD-0003521,PRD-0222,2026-06-03 04:00:00,3,0.0,2
ORD-0003522,PRD-0233,2026-07-21 01:00:00,4,0.1,4
ORD-0003523,PRD-0162,2026-08-13 21:00:00,3,0.0,4
ORD-0003524,PRD-0421,2026-08-17 00:00:00,2,0.05,4
ORD-0003525,PRD-0134,2026-05-08 17:00:00,3,0.0,1
ORD-0003526,PRD-0391,2026-03-26 20:00:00,3,0.0,2
ORD-0003527,PRD-0480,2026-05-07 22:00:00,1,0.0,5
ORD-0003528,PRD-0224,2026-04-08 22:00:00,1,0.0,5
ORD-0003529,PRD-0153,2026-01-23 12:00:00,2,0.05,3
ORD-0003530,PRD-0033,2026-04-30 04:00:00,3,0.05,4
ORD-0003531,PRD-0055,2026-01-04 04:00:00,1,0.0,5
ORD-0003532,PRD-0442,2026-05-08 19:00:00,3,0.0,5
ORD-0003533,PRD-0007,2026-01-01 23:00:00,4,0.1,4
ORD-0003534,PRD-0244,2026-08-02 22:00:00,4,0.0,5
ORD-0003535,PRD-0313,2026-01-29 03:00:00,2,0.0,5
ORD-0003536,PRD-0126,2026-04-10 18:00:00,4,0.05,5
ORD-0003537,PRD-0012,2026-06-27 19:00:00,1,0.0,3
ORD-0003538,PRD-0016,2026-05-22 14:00:00,1,0.2,5
ORD-0003539,PRD-0208,2026-04-25 23:00:00,2,0.05,4
ORD-0003540,PRD-0043,2026-01-21 08:00:00,3,0.0,5
ORD-0003541,PRD-0373,2026-03-03 21:00:00,1,0.0,4
ORD-0003542,PRD-0484,2026-06-02 11:00:00,4,0.0,5
ORD-0003543,PRD-0461,2026-05-15 19:00:00,1,0.0,5
ORD-0003544,PRD-0135,2026-04-11 19:00:00,2,0.2,5
ORD-0003545,PRD-0228,2026-05-26 15:00:00,4,0.05,5
ORD-0003546,PRD-0111,2026-02-01 12:00:00,4,0.0,4
ORD-0003547,PRD-0307,2026-04-16 04:00:00,4,0.0,5
ORD-0003548,PRD-0457,2026-06-27 02:00:00,2,0.0,5
ORD-0003549,PRD-0160,2026-01-11 16:00:00,2,0.0,1
ORD-0003550,PRD-0331,2026-03-16 03:00:00,3,0.05,5
ORD-0003551,PRD-0264,2026-07-18 17:00:00,3,0.05,5
ORD-0003552,PRD-0225,2026-03-30 03:00:00,3,0.0,5
ORD-0003553,PRD-0471,2026-05-20 12:00:00,2,0.0,5
ORD-0003554,PRD-0217,2026-07-18 16:00:00,4,0.05,5
ORD-0003555,PRD-0456,2026-03-03 08:00:00,4,0.0,5
ORD-0003556,PRD-0045,2026-01-11 18:00:00,1,0.05,5
ORD-0003557,PRD-0214,2026-06-19 19:00:00,3,0.0,5
ORD-0003558,PRD-0059,2026-01-13 18:00:00,4,0.05,5
ORD-0003559,PRD-0132,2026-02-16 14:00:00,4,0.1,5
ORD-0003560,PRD-0104,2026-05-06 17:00:00,4,0.1,2
ORD-0003561,PRD-0195,2026-06-30 21:00:00,4,0.2,4
ORD-0003562,PRD-0413,2026-04-26 20:00:00,2,0.2,5
ORD-0003563,PRD-0489,2026-03-11 02:00:00,3,0.05,5
ORD-0003564,PRD-0157,2026-01-08 18:00:00,4,0.2,4
ORD-0003565,PRD-0098,2026-03-16 21:00:00,4,0.1,2
ORD-0003566,PRD-0226,2026-02-08 12:00:00,4,0.05,4
ORD-0003567,PRD-0412,2026-02-02 16:00:00,4,0.0,5
ORD-0003568,PRD-0205,2026-05-24 12:00:00,1,0.0,5
ORD-0003569,PRD-0079,2026-08-26 03:00:00,4,0.1,5
ORD-0003570,PRD-0124,2026-05-14 04:00:00,4,0.0,4
ORD-0003571,PRD-0471,2026-02-26 16:00:00,4,0.1,4
ORD-0003572,PRD-0428,2026-01-15 04:00:00,1,0.0,4
ORD-0003573,PRD-0218,2026-01-24 10:00:00,2,0.0,4
ORD-0003574,PRD-0004,2026-07-17 18:00:00,1,0.05,5
ORD-0003575,PRD-0090,2026-05-05 23:00:00,4,0.2,4
ORD-0003576,PRD-0104,2026-02-19 17:00:00,2,0.0,1
ORD-0003577,PRD-0393,2026-05-10 14:00:00,4,0.1,4
ORD-0003578,PRD-0119,2026-01-03 20:00:00,2,0.05,4
ORD-0003579,PRD-0133,2026-08-25 15:00:00,4,0.0,1
ORD-0003580,PRD-0312,2026-04-12 04:00:00,4,0.0,4
ORD-0003581,PRD-0096,2026-08-13 20:00:00,2,0.0,4
ORD-0003582,PRD-0468,2026-08-06 10:00:00,2,0.0,4
ORD-0003583,PRD-0434,2026-07-28 19:00:00,4,0.0,4
ORD-0003584,PRD-0331,2026-05-30 22:00:00,1,0.0,5
ORD-0003585,PRD-0143,2026-04-09 20:00:00,1,0.0,5
ORD-0003586,PRD-0288,2026-07-09 20:00:00,1,0.1,5
ORD-0003587,PRD-0028,2026-02-05 03:00:00,1,0.0,5
ORD-0003588,PRD-0278,2026-01-24 21:00:00,2,0.05,5
ORD-0003589,PRD-0233,2026-06-25 14:00:00,2,0.0,4
ORD-0003590,PRD-0017,2026-04-19 04:00:00,1,0.1,3
ORD-0003591,PRD-0059,2026-07-17 13:00:00,3,0.1,4
ORD-0003592,PRD-0090,2026-03-03 14:00:00,3,0.0,4
ORD-0003593,PRD-0492,2026-03-28 09:00:00,3,0.2,5
ORD-0003594,PRD-0199,2026-03-05 01:00:00,4,0.1,1
ORD-0003595,PRD-0362,2026-08-02 15:00:00,1,0.05,5
ORD-0003596,PRD-0441,2026-02-10 08:00:00,4,0.05,2
ORD-0003597,PRD-0026,2026-08-23 19:00:00,2,0.0,5
ORD-0003598,PRD-0025,2026-04-02 12:00:00,2,0.0,5
ORD-0003599,PRD-0394,2026-03-04 23:00:00,3,0.0,5
ORD-0003600,PRD-0301,2026-08-03 08:00:00,3,0.0,5
ORD-0003601,PRD-0339,2026-01-28 06:00:00,2,0.0,3
ORD-0003602,PRD-0267,2026-05-05 16:00:00,3,0.1,5
ORD-0003603,PRD-0461,2026-07-13 18:00:00,3,0.0,4
ORD-0003604,PRD-0181,2026-07-08 08:00:00,2,0.2,5
ORD-0003605,PRD-0456,2026-01-13 04:00:00,4,0.0,4
ORD-0003606,PRD-0360,2026-08-10 00:00:00,3,0.0,4
ORD-0003607,PRD-0068,2026-04-19 09:00:00,4,0.0,5
ORD-0003608,PRD-0495,2026-07-08 14:00:00,3,0.0,1
ORD-0003609,PRD-0351,2026-07-03 20:00:00,1,0.2,3
ORD-0003610,PRD-0412,2026-07-07 05:00:00,4,0.1,4
ORD-0003611,PRD-0459,2026-08-15 19:00:00,4,0.0,5
ORD-0003612,PRD-0491,2026-03-08 04:00:00,3,0.2,5
ORD-0003613,PRD-0321,2026-01-25 19:00:00,4,0.05,5
ORD-0003614,PRD-0049,2026-04-19 01:00:00,1,0.0,5
ORD-0003615,PRD-0175,2026-03-30 11:00:00,2,0.05,3
ORD-0003616,PRD-0052,2026-03-22 23:00:00,1,0.05,5
ORD-0003617,PRD-0102,2026-02-08 03:00:00,2,0.0,5
ORD-0003618,PRD-0216,2026-06-11 05:00:00,1,0.05,5
ORD-0003619,PRD-0438,2026-04-27 10:00:00,1,0.0,4
ORD-0003620,PRD-0188,2026-08-11 23:00:00,4,0.0,1
ORD-0003621,PRD-0057,2026-05-09 06:00:00,1,0.0,2
ORD-0003622,PRD-0047,2026-02-10 15:00:00,3,0.2,3
ORD-0003623,PRD-0159,2026-02-14 19:00:00,3,0.05,4
ORD-0003624,PRD-0489,2026-05-05 13:00:00,3,0.0,3
ORD-0003625,PRD-0174,2026-05-25 11:00:00,3,0.0,4
ORD-0003626,PRD-0242,2026-08-11 12:00:00,4,0.0,3
ORD-0003627,PRD-0282,2026-03-02 11:00:00,3,0.05,5
ORD-0003628,PRD-0241,2026-06-09 07:00:00,1,0.0,5
ORD-0003629,PRD-0370,2026-08-08 06:00:00,3,0.1,4
ORD-0003630,PRD-0005,2026-06-13 20:00:00,4,0.2,5
ORD-0003631,PRD-0084,2026-03-26 12:00:00,2,0.05,5
ORD-0003632,PRD-0308,2026-01-16 02:00:00,1,0.0,5
ORD-0003633,PRD-0361,2026-04-12 05:00:00,1,0.0,5
ORD-0003634,PRD-0459,2026-06-01 08:00:00,4,0.0,3
ORD-0003635,PRD-0248,2026-04-07 14:00:00,2,0.05,5
ORD-0003636,PRD-0054,2026-05-09 13:00:00,3,0.05,4
ORD-0003637,PRD-0161,2026-04-08 17:00:00,2,0.0,1
ORD-0003638,PRD-0434,2026-05-30 22:00:00,1,0.0,5
ORD-0003639,PRD-0422,2026-06-30 09:00:00,1,0.1,5
ORD-0003640,PRD-0411,2026-03-14 03:00:00,1,0.0,4
ORD-0003641,PRD-0226,2026-01-02 02:00:00,2,0.0,5
ORD-0003642,PRD-0015,2026-08-21 22:00:00,3,0.05,3
ORD-0003643,PRD-0224,2026-01-04 20:00:00,1,0.0,5
ORD-0003644,PRD-0061,2026-04-22 00:00:00,4,0.05,3
ORD-0003645,PRD-0122,2026-01-13 20:00:00,3,0.1,4
ORD-0003646,PRD-0277,2026-01-03 03:00:00,1,0.05,5
ORD-0003647,PRD-0046,2026-01-14 06:00:00,3,0.0,4
ORD-0003648,PRD-0453,2026-03-25 00:00:00,4,0.0,1
ORD-0003649,PRD-0390,2026-06-28 04:00:00,2,0.0,4
ORD-0003650,PRD-0294,2026-08-26 00:00:00,1,0.0,4
ORD-0003651,PRD-0062,2026-06-12 03:00:00,4,0.2,5
ORD-0003652,PRD-0086,2026-07-17 14:00:00,1,0.05,3
ORD-0003653,PRD-0446,2026-06-14 20:00:00,1,0.0,5
ORD-0003654,PRD-0210,2026-08-13 03:00:00,2,0.2,4
ORD-0003655,PRD-0078,2026-04-23 04:00:00,2,0.05,4
ORD-0003656,PRD-0202,2026-05-06 18:00:00,3,0.0,4
ORD-0003657,PRD-0302,2026-03-26 08:00:00,4,0.0,5
ORD-0003658,PRD-0397,2026-07-04 15:00:00,4,0.0,3
ORD-0003659,PRD-0223,2026-08-25 08:00:00,2,0.2,4
ORD-0003660,PRD-0222,2026-03-05 13:00:00,1,0.0,4
ORD-0003661,PRD-0003,2026-07-31 21:00:00,3,0.1,5
ORD-0003662,PRD-0478,2026-02-23 06:00:00,2,0.0,2
ORD-0003663,PRD-0006,2026-01-22 09:00:00,3,0.1,5
ORD-0003664,PRD-0093,2026-06-30 17:00:00,3,0.0,3
ORD-0003665,PRD-0008,2026-03-14 05:00:00,4,0.2,2
ORD-0003666,PRD-0428,2026-05-21 10:00:00,3,0.2,4
ORD-0003667,PRD-0493,2026-06-13 09:00:00,4,0.0,3
ORD-0003668,PRD-0235,2026-04-15 04:00:00,1,0.05,5
ORD-0003669,PRD-0108,2026-05-25 08:00:00,1,0.05,5
ORD-0003670,PRD-0161,2026-04-05 03:00:00,2,0.2,1
ORD-0003671,PRD-0209,2026-07-18 11:00:00,1,0.0,4
ORD-0003672,PRD-0240,2026-07-15 09:00:00,4,0.0,4
ORD-0003673,PRD-0331,2026-04-21 19:00:00,3,0.1,4
ORD-0003674,PRD-0333,2026-01-11 15:00:00,3,0.05,4
ORD-0003675,PRD-0050,2026-03-04 14:00:00,1,0.0,5
ORD-0003676,PRD-0011,2026-07-14 00:00:00,4,0.1,1
ORD-0003677,PRD-0351,2026-03-29 22:00:00,3,0.0,5
ORD-0003678,PRD-0156,2026-08-15 06:00:00,1,0.05,4
ORD-0003679,PRD-0492,2026-01-17 22:00:00,4,0.0,4
ORD-0003680,PRD-0070,2026-04-29 17:00:00,4,0.0,4
ORD-0003681,PRD-0169,2026-05-13 08:00:00,3,0.0,4
ORD-0003682,PRD-0272,2026-03-19 12:00:00,2,0.0,2
ORD-0003683,PRD-0068,2026-08-30 22:00:00,2,0.0,3
ORD-0003684,PRD-0355,2026-07-01 10:00:00,4,0.0,4
ORD-0003685,PRD-0252,2026-01-31 02:00:00,4,0.0,5
ORD-0003686,PRD-0048,2026-02-23 10:00:00,1,0.0,3
ORD-0003687,PRD-0184,2026-01-26 13:00:00,4,0.05,5
ORD-0003688,PRD-0320,2026-05-19 19:00:00,1,0.0,4
ORD-0003689,PRD-0187,2026-08-30 06:00:00,1,0.0,5
ORD-0003690,PRD-0090,2026-05-10 20:00:00,1,0.05,4
ORD-0003691,PRD-0446,2026-03-24 10:00:00,4,0.2,3
ORD-0003692,PRD-0332,2026-02-03 20:00:00,4,0.05,5
ORD-0003693,PRD-0139,2026-03-16 10:00:00,1,0.0,3
ORD-0003694,PRD-0357,2026-01-14 18:00:00,3,0.1,5
ORD-0003695,PRD-0089,2026-04-03 04:00:00,4,0.2,5
ORD-0003696,PRD-0274,2026-02-20 16:00:00,2,0.0,4
ORD-0003697,PRD-0019,2026-08-24 00:00:00,3,0.2,5
ORD-0003698,PRD-0471,2026-08-17 21:00:00,2,0.0,5
ORD-0003699,PRD-0311,2026-07-06 18:00:00,4,0.0,5
ORD-0003700,PRD-0358,2026-08-22 22:00:00,3,0.0,5
ORD-0003701,PRD-0374,2026-05-20 01:00:00,4,0.05,4
ORD-0003702,PRD-0466,2026-04-09 23:00:00,4,0.0,2
ORD-0003703,PRD-0154,2026-08-22 19:00:00,3,0.0,5
ORD-0003704,PRD-0390,2026-02-21 16:00:00,4,0.0,4
ORD-0003705,PRD-0260,2026-01-14 07:00:00,3,0.0,3
ORD-0003706,PRD-0108,2026-07-07 06:00:00,4,0.0,4
ORD-0003707,PRD-0371,2026-03-21 18:00:00,1,0.0,5
ORD-0003708,PRD-0285,2026-06-25 00:00:00,2,0.0,3
ORD-0003709,PRD-0059,2026-07-19 15:00:00,1,0.2,5
ORD-0003710,PRD-0125,2026-01-14 17:00:00,4,0.0,4
ORD-0003711,PRD-0354,2026-01-28 11:00:00,4,0.0,3
ORD-0003712,PRD-0273,2026-06-03 16:00:00,4,0.0,5
ORD-0003713,PRD-0107,2026-05-10 22:00:00,1,0.0,5
ORD-0003714,PRD-0299,2026-07-24 20:00:00,4,0.0,4
ORD-0003715,PRD-0245,2026-03-24 04:00:00,3,0.0,4
ORD-0003716,PRD-0336,2026-03-16 17:00:00,2,0.05,4
ORD-0003717,PRD-0450,2026-05-15 02:00:00,4,0.0,5
ORD-0003718,PRD-0418,2026-07-09 21:00:00,4,0.0,1
ORD-0003719,PRD-0247,2026-08-26 15:00:00,2,0.0,4
ORD-0003720,PRD-0008,2026-04-16 13:00:00,2,0.1,5
ORD-0003721,PRD-0141,2026-08-29 11:00:00,2,0.05,4
ORD-0003722,PRD-0362,2026-04-13 09:00:00,1,0.0,4
ORD-0003723,PRD-0008,2026-05-10 04:00:00,1,0.0,5
ORD-0003724,PRD-0478,2026-07-01 22:00:00,4,0.2,5
ORD-0003725,PRD-0352,2026-04-24 21:00:00,2,0.0,5
ORD-0003726,PRD-0484,2026-07-06 16:00:00,4,0.0,4
ORD-0003727,PRD-0495,2026-06-23 03:00:00,4,0.0,5
ORD-0003728,PRD-0094,2026-08-06 18:00:00,4,0.0,5
ORD-0003729,PRD-0321,2026-01-10 03:00:00,1,0.2,3
ORD-0003730,PRD-0427,2026-08-20 16:00:00,2,0.2,5
ORD-0003731,PRD-0039,2026-04-28 10:00:00,4,0.05,1
ORD-0003732,PRD-0081,2026-03-21 10:00:00,1,0.0,5
ORD-0003733,PRD-0187,2026-04-19 19:00:00,3,0.0,5
ORD-0003734,PRD-0084,2026-08-26 03:00:00,3,0.0,5
ORD-0003735,PRD-0088,2026-04-19 01:00:00,4,0.2,3
ORD-0003736,PRD-0242,2026-01-04 23:00:00,4,0.05,5
ORD-0003737,PRD-0342,2026-02-11 04:00:00,2,0.0,3
ORD-0003738,PRD-0093,2026-02-16 08:00:00,2,0.0,5
ORD-0003739,PRD-0086,2026-04-05 22:00:00,4,0.0,5
ORD-0003740,PRD-0044,2026-07-30 23:00:00,1,0.2,2
ORD-0003741,PRD-0137,2026-01-11 05:00:00,4,0.0,3
ORD-0003742,PRD-0421,2026-03-31 22:00:00,2,0.0,5
ORD-0003743,PRD-0074,2026-06-30 09:00:00,2,0.0,4
ORD-0003744,PRD-0036,2026-05-20 13:00:00,1,0.0,5
ORD-0003745,PRD-0101,2026-04-24 13:00:00,4,0.2,4
ORD-0003746,PRD-0476,2026-08-07 15:00:00,2,0.2,5
ORD-0003747,PRD-0156,2026-08-12 04:00:00,4,0.2,3
ORD-0003748,PRD-0426,2026-06-19 21:00:00,2,0.05,5
ORD-0003749,PRD-0255,2026-07-24 02:00:00,3,0.0,5
ORD-0003750,PRD-0171,2026-04-22 02:00:00,3,0.0,5
ORD-0003751,PRD-0469,2026-05-14 07:00:00,3,0.0,1
ORD-0003752,PRD-0216,2026-04-25 18:00:00,2,0.05,5
ORD-0003753,PRD-0170,2026-03-01 01:00:00,1,0.0,3
ORD-0003754,PRD-0252,2026-01-28 06:00:00,3,0.05,5
ORD-0003755,PRD-0360,2026-04-12 18:00:00,2,0.0,5
ORD-0003756,PRD-0322,2026-01-05 14:00:00,4,0.0,4
ORD-0003757,PRD-0055,2026-01-04 17:00:00,3,0.1,3
ORD-0003758,PRD-0456,2026-02-01 18:00:00,1,0.2,3
ORD-0003759,PRD-0432,2026-08-13 23:00:00,1,0.0,5
ORD-0003760,PRD-0091,2026-08-16 04:00:00,1,0.0,5
ORD-0003761,PRD-0278,2026-05-13 04:00:00,4,0.2,4
ORD-0003762,PRD-0101,2026-04-01 19:00:00,4,0.05,3
ORD-0003763,PRD-0155,2026-08-02 20:00:00,1,0.0,5
ORD-0003764,PRD-0377,2026-04-15 08:00:00,1,0.0,4
ORD-0003765,PRD-0349,2026-03-03 00:00:00,1,0.0,4
ORD-0003766,PRD-0451,2026-01-05 01:00:00,4,0.0,4
ORD-0003767,PRD-0364,2026-08-07 07:00:00,4,0.1,4
ORD-0003768,PRD-0141,2026-01-13 04:00:00,2,0.0,5
ORD-0003769,PRD-0173,2026-03-18 15:00:00,3,0.0,5
ORD-0003770,PRD-0010,2026-03-14 06:00:00,4,0.0,4
ORD-0003771,PRD-0228,2026-08-02 08:00:00,1,0.0,5
ORD-0003772,PRD-0265,2026-04-20 03:00:00,3,0.0,4
ORD-0003773,PRD-0438,2026-07-17 19:00:00,4,0.0,5
ORD-0003774,PRD-0248,2026-04-02 12:00:00,3,0.0,4
ORD-0003775,PRD-0247,2026-05-25 10:00:00,2,0.0,5
ORD-0003776,PRD-0155,2026-03-21 10:00:00,4,0.0,3
ORD-0003777,PRD-0034,2026-03-13 17:00:00,1,0.0,3
ORD-0003778,PRD-0499,2026-06-03 19:00:00,1,0.05,5
ORD-0003779,PRD-0129,2026-08-04 03:00:00,2,0.0,3
ORD-0003780,PRD-0160,2026-03-17 16:00:00,2,0.0,5
ORD-0003781,PRD-0089,2026-01-11 12:00:00,2,0.0,5
ORD-0003782,PRD-0093,2026-06-26 03:00:00,2,0.2,5
ORD-0003783,PRD-0327,2026-05-27 15:00:00,2,0.2,3
ORD-0003784,PRD-0241,2026-03-21 11:00:00,4,0.0,4
ORD-0003785,PRD-0323,2026-03-21 14:00:00,4,0.05,5
ORD-0003786,PRD-0468,2026-04-16 01:00:00,3,0.0,4
ORD-0003787,PRD-0404,2026-08-29 15:00:00,2,0.0,5
ORD-0003788,PRD-0117,2026-06-10 09:00:00,1,0.0,5
ORD-0003789,PRD-0094,2026-08-06 20:00:00,1,0.0,5
ORD-0003790,PRD-0163,2026-02-14 02:00:00,2,0.0,5
ORD-0003791,PRD-0099,2026-05-28 10:00:00,2,0.05,4
ORD-0003792,PRD-0113,2026-04-07 18:00:00,2,0.05,5
ORD-0003793,PRD-0359,2026-01-08 18:00:00,2,0.0,5
ORD-0003794,PRD-0091,2026-02-09 12:00:00,2,0.0,3
ORD-0003795,PRD-0346,2026-04-06 10:00:00,1,0.0,4
ORD-0003796,PRD-0206,2026-07-01 15:00:00,3,0.0,5
ORD-0003797,PRD-0017,2026-07-12 09:00:00,2,0.2,5
ORD-0003798,PRD-0274,2026-08-24 20:00:00,2,0.05,4
ORD-0003799,PRD-0173,2026-07-23 06:00:00,2,0.2,5
ORD-0003800,PRD-0116,2026-07-12 22:00:00,4,0.05,4
ORD-0003801,PRD-0349,2026-01-09 17:00:00,1,0.0,5
ORD-0003802,PRD-0468,2026-03-29 05:00:00,1,0.0,5
ORD-0003803,PRD-0181,2026-05-28 10:00:00,3,0.0,4
ORD-0003804,PRD-0091,2026-03-07 03:00:00,4,0.0,4
ORD-0003805,PRD-0082,2026-01-02 01:00:00,4,0.1,5
ORD-0003806,PRD-0324,2026-01-08 06:00:00,4,0.0,5
ORD-0003807,PRD-0449,2026-08-23 19:00:00,3,0.0,3
ORD-0003808,PRD-0114,2026-02-25 14:00:00,3,0.05,5
ORD-0003809,PRD-0257,2026-01-14 09:00:00,3,0.1,3
ORD-0003810,PRD-0058,2026-08-26 10:00:00,4,0.0,4
ORD-0003811,PRD-0154,2026-08-07 22:00:00,1,0.05,5
ORD-0003812,PRD-0365,2026-06-22 22:00:00,4,0.0,2
ORD-0003813,PRD-0404,2026-06-18 15:00:00,3,0.0,5
ORD-0003814,PRD-0116,2026-08-24 22:00:00,4,0.0,5
ORD-0003815,PRD-0343,2026-08-26 17:00:00,2,0.0,5
ORD-0003816,PRD-0266,2026-05-15 11:00:00,4,0.05,4
ORD-0003817,PRD-0315,2026-03-20 00:00:00,4,0.0,5
ORD-0003818,PRD-0203,2026-08-22 12:00:00,1,0.05,5
ORD-0003819,PRD-0041,2026-03-28 03:00:00,1,0.1,2
ORD-0003820,PRD-0105,2026-01-14 20:00:00,1,0.0,4
ORD-0003821,PRD-0389,2026-08-25 10:00:00,2,0.05,5
ORD-0003822,PRD-0378,2026-07-28 10:00:00,1,0.0,4
ORD-0003823,PRD-0193,2026-05-05 15:00:00,2,0.0,5
ORD-0003824,PRD-0401,2026-02-07 22:00:00,3,0.05,5
ORD-0003825,PRD-0278,2026-07-07 08:00:00,1,0.05,2
ORD-0003826,PRD-0354,2026-02-09 13:00:00,4,0.0,4
ORD-0003827,PRD-0237,2026-08-15 01:00:00,4,0.2,4
ORD-0003828,PRD-0425,2026-03-28 11:00:00,2,0.0,4
ORD-0003829,PRD-0221,2026-04-15 18:00:00,1,0.2,5
ORD-0003830,PRD-0068,2026-05-19 19:00:00,4,0.0,4
ORD-0003831,PRD-0197,2026-05-07 05:00:00,3,0.0,4
ORD-0003832,PRD-0256,2026-01-05 04:00:00,1,0.0,2
ORD-0003833,PRD-0139,2026-07-13 14:00:00,3,0.0,5
ORD-0003834,PRD-0312,2026-04-11 00:00:00,4,0.0,4
ORD-0003835,PRD-0435,2026-05-21 11:00:00,1,0.05,5
ORD-0003836,PRD-0149,2026-08-30 17:00:00,2,0.0,5
ORD-0003837,PRD-0099,2026-04-08 15:00:00,4,0.0,4
ORD-0003838,PRD-0076,2026-01-15 16:00:00,3,0.0,1
ORD-0003839,PRD-0282,2026-05-04 03:00:00,1,0.0,5
ORD-0003840,PRD-0371,2026-02-12 10:00:00,3,0.05,5
ORD-0003841,PRD-0403,2026-02-19 03:00:00,3,0.05,3
ORD-0003842,PRD-0109,2026-08-05 09:00:00,2,0.2,5
ORD-0003843,PRD-0188,2026-05-28 08:00:00,2,0.0,1
ORD-0003844,PRD-0199,2026-06-02 02:00:00,4,0.0,1
ORD-0003845,PRD-0303,2026-04-15 06:00:00,2,0.0,5
ORD-0003846,PRD-0327,2026-06-09 03:00:00,2,0.2,2
ORD-0003847,PRD-0154,2026-02-10 19:00:00,4,0.05,5
ORD-0003848,PRD-0040,2026-08-16 03:00:00,4,0.0,5
ORD-0003849,PRD-0133,2026-07-21 10:00:00,4,0.0,5
ORD-0003850,PRD-0405,2026-02-10 16:00:00,4,0.05,2
ORD-0003851,PRD-0462,2026-02-27 03:00:00,3,0.05,4
ORD-0003852,PRD-0132,2026-04-06 00:00:00,3,0.1,4
ORD-0003853,PRD-0279,2026-07-30 08:00:00,4,0.0,4
ORD-0003854,PRD-0362,2026-07-10 16:00:00,4,0.2,3
ORD-0003855,PRD-0084,2026-08-11 05:00:00,1,0.0,5
ORD-0003856,PRD-0399,2026-01-05 11:00:00,1,0.2,4
ORD-0003857,PRD-0242,2026-02-10 12:00:00,1,0.1,5
ORD-0003858,PRD-0116,2026-03-09 18:00:00,2,0.05,5
ORD-0003859,PRD-0109,2026-01-30 07:00:00,3,0.05,5
ORD-0003860,PRD-0221,2026-02-06 10:00:00,3,0.0,5
ORD-0003861,PRD-0392,2026-08-19 23:00:00,1,0.0,3
ORD-0003862,PRD-0041,2026-06-08 17:00:00,1,0.0,4
ORD-0003863,PRD-0368,2026-04-11 11:00:00,3,0.0,5
ORD-0003864,PRD-0147,2026-03-29 19:00:00,2,0.0,5
ORD-0003865,PRD-0112,2026-05-29 01:00:00,1,0.0,3
ORD-0003866,PRD-0103,2026-02-23 01:00:00,4,0.1,5
ORD-0003867,PRD-0046,2026-01-24 07:00:00,1,0.0,5
ORD-0003868,PRD-0412,2026-01-05 20:00:00,3,0.05,4
ORD-0003869,PRD-0494,2026-07-27 01:00:00,3,0.05,3
ORD-0003870,PRD-0475,2026-07-30 23:00:00,1,0.0,5
ORD-0003871,PRD-0324,2026-05-07 22:00:00,1,0.0,4
ORD-0003872,PRD-0378,2026-08-25 00:00:00,4,0.0,4
ORD-0003873,PRD-0271,2026-01-02 19:00:00,4,0.05,4
ORD-0003874,PRD-0483,2026-01-22 04:00:00,2,0.0,5
ORD-0003875,PRD-0421,2026-08-09 04:00:00,2,0.0,5
ORD-0003876,PRD-0385,2026-05-24 07:00:00,4,0.1,4
ORD-0003877,PRD-0195,2026-06-13 16:00:00,2,0.0,1
ORD-0003878,PRD-0367,2026-08-14 11:00:00,2,0.05,4
ORD-0003879,PRD-0280,2026-07-26 00:00:00,1,0.0,3
ORD-0003880,PRD-0283,2026-02-08 04:00:00,4,0.05,3
ORD-0003881,PRD-0040,2026-05-03 17:00:00,1,0.2,4
ORD-0003882,PRD-0447,2026-02-03 06:00:00,1,0.05,2
ORD-0003883,PRD-0189,2026-07-27 03:00:00,2,0.0,5
ORD-0003884,PRD-0164,2026-03-15 08:00:00,1,0.0,1
ORD-0003885,PRD-0482,2026-04-08 05:00:00,3,0.1,4
ORD-0003886,PRD-0477,2026-05-17 11:00:00,2,0.0,3
ORD-0003887,PRD-0024,2026-02-04 02:00:00,3,0.0,5
ORD-0003888,PRD-0024,2026-04-01 08:00:00,2,0.05,2
ORD-0003889,PRD-0490,2026-07-30 00:00:00,1,0.0,5
ORD-0003890,PRD-0004,2026-06-05 15:00:00,2,0.0,5
ORD-0003891,PRD-0323,2026-05-08 17:00:00,3,0.2,5
ORD-0003892,PRD-0290,2026-05-16 19:00:00,2,0.0,5
ORD-0003893,PRD-0441,2026-02-07 18:00:00,3,0.0,2
ORD-0003894,PRD-0433,2026-06-21 04:00:00,4,0.05,2
ORD-0003895,PRD-0471,2026-01-26 02:00:00,1,0.1,5
ORD-0003896,PRD-0181,2026-06-28 23:00:00,3,0.0,4
ORD-0003897,PRD-0248,2026-04-20 17:00:00,4,0.05,4
ORD-0003898,PRD-0116,2026-03-16 15:00:00,1,0.05,5
ORD-0003899,PRD-0279,2026-05-27 23:00:00,4,0.0,5
ORD-0003900,PRD-0365,2026-07-09 07:00:00,3,0.0,5
ORD-0003901,PRD-0069,2026-03-17 11:00:00,1,0.0,5
ORD-0003902,PRD-0351,2026-06-12 23:00:00,4,0.05,5
ORD-0003903,PRD-0254,2026-02-05 00:00:00,3,0.1,5
ORD-0003904,PRD-0181,2026-05-11 22:00:00,4,0.0,4
ORD-0003905,PRD-0318,2026-07-15 05:00:00,1,0.1,5
ORD-0003906,PRD-0169,2026-08-07 17:00:00,1,0.05,4
ORD-0003907,PRD-0313,2026-03-29 02:00:00,1,0.0,5
ORD-0003908,PRD-0249,2026-07-12 07:00:00,3,0.05,4
ORD-0003909,PRD-0188,2026-02-13 04:00:00,4,0.0,3
ORD-0003910,PRD-0054,2026-01-31 04:00:00,4,0.2,5
ORD-0003911,PRD-0326,2026-02-11 03:00:00,3,0.0,4
ORD-0003912,PRD-0357,2026-02-03 10:00:00,1,0.05,5
ORD-0003913,PRD-0313,2026-04-18 14:00:00,2,0.05,5
ORD-0003914,PRD-0138,2026-06-09 21:00:00,1,0.0,5
ORD-0003915,PRD-0168,2026-01-22 22:00:00,2,0.1,3
ORD-0003916,PRD-0391,2026-03-11 09:00:00,1,0.05,4
ORD-0003917,PRD-0103,2026-02-17 10:00:00,3,0.2,5
ORD-0003918,PRD-0422,2026-01-20 03:00:00,2,0.0,4
ORD-0003919,PRD-0085,2026-04-17 08:00:00,3,0.0,4
ORD-0003920,PRD-0317,2026-07-29 11:00:00,2,0.2,4
ORD-0003921,PRD-0212,2026-07-04 04:00:00,4,0.05,5
ORD-0003922,PRD-0003,2026-07-14 18:00:00,2,0.05,5
ORD-0003923,PRD-0384,2026-04-28 00:00:00,2,0.2,3
ORD-0003924,PRD-0179,2026-05-01 18:00:00,2,0.0,5
ORD-0003925,PRD-0342,2026-08-23 17:00:00,4,0.0,5
ORD-0003926,PRD-0303,2026-05-16 03:00:00,3,0.0,5
ORD-0003927,PRD-0452,2026-06-19 12:00:00,4,0.05,4
ORD-0003928,PRD-0476,2026-04-08 03:00:00,2,0.1,5
ORD-0003929,PRD-0332,2026-07-10 10:00:00,1,0.2,4
ORD-0003930,PRD-0038,2026-08-04 13:00:00,4,0.0,5
ORD-0003931,PRD-0499,2026-08-21 09:00:00,1,0.05,5
ORD-0003932,PRD-0420,2026-08-26 10:00:00,4,0.2,5
ORD-0003933,PRD-0239,2026-08-19 19:00:00,4,0.05,4
ORD-0003934,PRD-0169,2026-06-03 13:00:00,2,0.0,5
ORD-0003935,PRD-0453,2026-01-27 07:00:00,3,0.05,3
ORD-0003936,PRD-0397,2026-07-19 22:00:00,3,0.2,3
ORD-0003937,PRD-0343,2026-04-13 08:00:00,2,0.2,5
ORD-0003938,PRD-0314,2026-02-10 21:00:00,4,0.05,5
ORD-0003939,PRD-0306,2026-08-14 23:00:00,3,0.1,3
ORD-0003940,PRD-0030,2026-07-13 22:00:00,3,0.0,4
ORD-0003941,PRD-0190,2026-06-29 21:00:00,3,0.0,2
ORD-0003942,PRD-0357,2026-03-06 20:00:00,2,0.2,5
ORD-0003943,PRD-0025,2026-04-02 21:00:00,1,0.0,5
ORD-0003944,PRD-0112,2026-07-05 03:00:00,1,0.0,5
ORD-0003945,PRD-0411,2026-08-08 22:00:00,1,0.0,4
ORD-0003946,PRD-0435,2026-07-27 16:00:00,1,0.0,5
ORD-0003947,PRD-0206,2026-06-14 19:00:00,1,0.05,5
ORD-0003948,PRD-0185,2026-02-08 09:00:00,3,0.0,5
ORD-0003949,PRD-0382,2026-08-12 02:00:00,3,0.2,5
ORD-0003950,PRD-0496,2026-01-17 20:00:00,4,0.2,5
ORD-0003951,PRD-0379,2026-08-13 00:00:00,3,0.0,5
ORD-0003952,PRD-0047,2026-07-18 20:00:00,2,0.0,5
ORD-0003953,PRD-0374,2026-07-15 04:00:00,4,0.05,4
ORD-0003954,PRD-0228,2026-03-09 12:00:00,3,0.05,5
ORD-0003955,PRD-0039,2026-05-04 00:00:00,4,0.0,5
ORD-0003956,PRD-0016,2026-05-10 22:00:00,4,0.0,5
ORD-0003957,PRD-0022,2026-03-08 10:00:00,1,0.0,4
ORD-0003958,PRD-0213,2026-01-24 13:00:00,4,0.0,4
ORD-0003959,PRD-0310,2026-07-19 23:00:00,3,0.0,5
ORD-0003960,PRD-0149,2026-04-30 12:00:00,1,0.05,5
ORD-0003961,PRD-0456,2026-02-05 17:00:00,3,0.05,5
ORD-0003962,PRD-0241,2026-02-23 12:00:00,1,0.05,3
ORD-0003963,PRD-0272,2026-01-25 08:00:00,3,0.0,4
ORD-0003964,PRD-0059,2026-06-30 07:00:00,1,0.05,1
ORD-0003965,PRD-0287,2026-02-21 21:00:00,1,0.0,1
ORD-0003966,PRD-0426,2026-01-03 03:00:00,2,0.0,4
ORD-0003967,PRD-0202,2026-04-01 03:00:00,3,0.05,5
ORD-0003968,PRD-0032,2026-01-23 09:00:00,4,0.05,5
ORD-0003969,PRD-0443,2026-01-23 12:00:00,1,0.0,4
ORD-0003970,PRD-0162,2026-08-03 02:00:00,3,0.05,5
ORD-0003971,PRD-0255,2026-02-03 22:00:00,1,0.2,5
ORD-0003972,PRD-0254,2026-02-28 23:00:00,2,0.0,5
ORD-0003973,PRD-0009,2026-04-29 06:00:00,2,0.05,5
ORD-0003974,PRD-0465,2026-03-10 20:00:00,2,0.2,2
ORD-0003975,PRD-0139,2026-04-22 01:00:00,2,0.05,4
ORD-0003976,PRD-0480,2026-07-08 02:00:00,4,0.0,1
ORD-0003977,PRD-0010,2026-06-19 06:00:00,4,0.0,5
ORD-0003978,PRD-0214,2026-04-09 04:00:00,1,0.0,5
ORD-0003979,PRD-0273,2026-06-08 18:00:00,3,0.0,4
ORD-0003980,PRD-0324,2026-02-05 23:00:00,2,0.05,5
ORD-0003981,PRD-0048,2026-01-08 17:00:00,2,0.0,4
ORD-0003982,PRD-0436,2026-07-01 12:00:00,4,0.2,5
ORD-0003983,PRD-0111,2026-03-06 15:00:00,4,0.0,1
ORD-0003984,PRD-0153,2026-08-13 16:00:00,2,0.05,3
ORD-0003985,PRD-0123,2026-04-02 23:00:00,3,0.0,4
ORD-0003986,PRD-0405,2026-02-01 17:00:00,1,0.0,1
ORD-0003987,PRD-0357,2026-06-29 23:00:00,1,0.1,5
ORD-0003988,PRD-0102,2026-02-23 07:00:00,1,0.0,2
ORD-0003989,PRD-0241,2026-06-28 03:00:00,1,0.0,5
ORD-0003990,PRD-0321,2026-08-28 07:00:00,3,0.0,2
ORD-0003991,PRD-0191,2026-07-16 23:00:00,3,0.0,4
ORD-0003992,PRD-0217,2026-06-03 22:00:00,3,0.05,5
ORD-0003993,PRD-0051,2026-05-17 17:00:00,4,0.2,5
ORD-0003994,PRD-0292,2026-03-06 00:00:00,2,0.0,4
ORD-0003995,PRD-0081,2026-05-12 20:00:00,3,0.0,5
ORD-0003996,PRD-0489,2026-04-26 10:00:00,1,0.05,5
ORD-0003997,PRD-0383,2026-03-23 19:00:00,3,0.2,4
ORD-0003998,PRD-0088,2026-06-10 05:00:00,2,0.2,5
ORD-0003999,PRD-0194,2026-05-24 03:00:00,4,0.05,4
ORD-0004000,PRD-0104,2026-07-16 06:00:00,1,0.0,4
ORD-0004001,PRD-0271,2026-01-24 09:00:00,4,0.0,5
ORD-0004002,PRD-0096,2026-04-11 21:00:00,3,0.0,4
ORD-0004003,PRD-0423,2026-07-16 13:00:00,1,0.0,3
ORD-0004004,PRD-0379,2026-03-30 23:00:00,1,0.05,2
ORD-0004005,PRD-0198,2026-08-01 21:00:00,3,0.05,5
ORD-0004006,PRD-0001,2026-03-27 21:00:00,3,0.05,5
ORD-0004007,PRD-0495,2026-04-01 20:00:00,2,0.0,4
ORD-0004008,PRD-0407,2026-03-23 16:00:00,3,0.05,5
ORD-0004009,PRD-0378,2026-06-11 15:00:00,3,0.0,4
ORD-0004010,PRD-0167,2026-08-03 17:00:00,3,0.0,5
ORD-0004011,PRD-0126,2026-05-17 15:00:00,1,0.0,5
ORD-0004012,PRD-0313,2026-06-11 20:00:00,2,0.1,5
ORD-0004013,PRD-0081,2026-05-17 06:00:00,1,0.0,5
ORD-0004014,PRD-0418,2026-07-15 07:00:00,3,0.1,5
ORD-0004015,PRD-0251,2026-01-25 06:00:00,2,0.0,4
ORD-0004016,PRD-0169,2026-03-09 05:00:00,3,0.0,5
ORD-0004017,PRD-0477,2026-02-15 21:00:00,1,0.2,4
ORD-0004018,PRD-0073,2026-01-13 00:00:00,1,0.0,4
ORD-0004019,PRD-0141,2026-08-25 00:00:00,3,0.0,4
ORD-0004020,PRD-0070,2026-06-10 19:00:00,2,0.0,1
ORD-0004021,PRD-0262,2026-05-08 12:00:00,1,0.2,5
ORD-0004022,PRD-0340,2026-05-02 22:00:00,3,0.0,5
ORD-0004023,PRD-0308,2026-08-19 19:00:00,4,0.0,1
ORD-0004024,PRD-0245,2026-06-20 22:00:00,3,0.0,3
ORD-0004025,PRD-0003,2026-02-19 07:00:00,3,0.0,4
ORD-0004026,PRD-0337,2026-06-30 15:00:00,2,0.0,5
ORD-0004027,PRD-0063,2026-03-02 06:00:00,3,0.05,3
ORD-0004028,PRD-0049,2026-03-14 21:00:00,4,0.05,2
ORD-0004029,PRD-0076,2026-03-21 07:00:00,3,0.0,5
ORD-0004030,PRD-0368,2026-05-13 07:00:00,4,0.05,5
ORD-0004031,PRD-0175,2026-02-14 21:00:00,1,0.1,1
ORD-0004032,PRD-0109,2026-04-10 01:00:00,3,0.2,4
ORD-0004033,PRD-0183,2026-02-05 07:00:00,2,0.0,5
ORD-0004034,PRD-0192,2026-08-14 07:00:00,3,0.0,3
ORD-0004035,PRD-0065,2026-04-30 20:00:00,4,0.1,4
ORD-0004036,PRD-0337,2026-02-21 15:00:00,4,0.0,5
ORD-0004037,PRD-0451,2026-08-22 08:00:00,2,0.0,5
ORD-0004038,PRD-0474,2026-02-25 12:00:00,4,0.1,4
ORD-0004039,PRD-0271,2026-05-27 02:00:00,3,0.0,4
ORD-0004040,PRD-0100,2026-04-10 03:00:00,4,0.0,4
ORD-0004041,PRD-0032,2026-07-19 15:00:00,3,0.0,5
ORD-0004042,PRD-0352,2026-06-21 18:00:00,3,0.1,2
ORD-0004043,PRD-0128,2026-05-15 21:00:00,4,0.0,5
ORD-0004044,PRD-0452,2026-04-09 13:00:00,2,0.1,5
ORD-0004045,PRD-0402,2026-04-11 12:00:00,1,0.05,5
ORD-0004046,PRD-0369,2026-05-13 06:00:00,2,0.0,5
ORD-0004047,PRD-0339,2026-07-30 15:00:00,1,0.0,4
ORD-0004048,PRD-0043,2026-08-23 06:00:00,2,0.0,4
ORD-0004049,PRD-0372,2026-01-16 12:00:00,3,0.05,4
ORD-0004050,PRD-0419,2026-03-23 05:00:00,3,0.0,5
ORD-0004051,PRD-0488,2026-01-11 04:00:00,4,0.2,5
ORD-0004052,PRD-0078,2026-03-18 16:00:00,1,0.0,5
ORD-0004053,PRD-0314,2026-08-29 12:00:00,1,0.0,4
ORD-0004054,PRD-0289,2026-05-23 19:00:00,4,0.0,5
ORD-0004055,PRD-0270,2026-01-06 04:00:00,2,0.05,5
ORD-0004056,PRD-0162,2026-07-13 00:00:00,4,0.0,5
ORD-0004057,PRD-0189,2026-04-25 17:00:00,2,0.0,5
ORD-0004058,PRD-0247,2026-03-21 23:00:00,4,0.1,5
ORD-0004059,PRD-0388,2026-03-10 03:00:00,1,0.0,5
ORD-0004060,PRD-0216,2026-03-01 09:00:00,1,0.0,3
ORD-0004061,PRD-0315,2026-03-06 04:00:00,2,0.05,3
ORD-0004062,PRD-0413,2026-01-23 02:00:00,1,0.05,4
ORD-0004063,PRD-0339,2026-07-01 05:00:00,1,0.0,3
ORD-0004064,PRD-0390,2026-05-10 07:00:00,1,0.0,5
ORD-0004065,PRD-0377,2026-07-18 04:00:00,1,0.1,5
ORD-0004066,PRD-0481,2026-03-17 01:00:00,3,0.0,5
ORD-0004067,PRD-0433,2026-08-03 20:00:00,4,0.05,1
ORD-0004068,PRD-0168,2026-08-16 13:00:00,4,0.0,2
ORD-0004069,PRD-0339,2026-02-13 04:00:00,3,0.0,3
ORD-0004070,PRD-0193,2026-08-09 22:00:00,1,0.0,3
ORD-0004071,PRD-0453,2026-06-05 08:00:00,4,0.0,5
ORD-0004072,PRD-0283,2026-06-17 03:00:00,4,0.05,4
ORD-0004073,PRD-0336,2026-05-25 07:00:00,4,0.0,4
ORD-0004074,PRD-0390,2026-02-17 14:00:00,2,0.0,2
ORD-0004075,PRD-0488,2026-08-24 10:00:00,3,0.2,5
ORD-0004076,PRD-0013,2026-03-15 03:00:00,2,0.0,5
ORD-0004077,PRD-0240,2026-07-21 16:00:00,2,0.1,3
ORD-0004078,PRD-0320,2026-03-09 21:00:00,3,0.2,5
ORD-0004079,PRD-0446,2026-07-30 22:00:00,4,0.2,5
ORD-0004080,PRD-0483,2026-02-01 18:00:00,2,0.1,4
ORD-0004081,PRD-0147,2026-07-23 17:00:00,4,0.0,4
ORD-0004082,PRD-0204,2026-07-21 15:00:00,2,0.2,4
ORD-0004083,PRD-0080,2026-08-04 05:00:00,4,0.1,4
ORD-0004084,PRD-0379,2026-06-14 21:00:00,1,0.1,5
ORD-0004085,PRD-0043,2026-08-23 11:00:00,1,0.0,3
ORD-0004086,PRD-0458,2026-01-24 05:00:00,1,0.2,4
ORD-0004087,PRD-0089,2026-07-12 13:00:00,3,0.05,4
ORD-0004088,PRD-0148,2026-02-04 23:00:00,1,0.05,4
ORD-0004089,PRD-0095,2026-01-01 02:00:00,2,0.0,5
ORD-0004090,PRD-0452,2026-02-13 19:00:00,4,0.0,4
ORD-0004091,PRD-0428,2026-02-28 12:00:00,4,0.2,3
ORD-0004092,PRD-0151,2026-01-07 12:00:00,4,0.0,5
ORD-0004093,PRD-0002,2026-03-22 17:00:00,4,0.0,3
ORD-0004094,PRD-0376,2026-01-22 06:00:00,2,0.1,2
ORD-0004095,PRD-0022,2026-05-22 20:00:00,4,0.0,4
ORD-0004096,PRD-0371,2026-07-19 06:00:00,2,0.0,4
ORD-0004097,PRD-0313,2026-02-17 09:00:00,2,0.0,4
ORD-0004098,PRD-0485,2026-08-18 12:00:00,4,0.0,4
ORD-0004099,PRD-0328,2026-08-22 14:00:00,4,0.0,2
ORD-0004100,PRD-0007,2026-06-13 02:00:00,4,0.0,5
ORD-0004101,PRD-0206,2026-05-19 09:00:00,2,0.0,1
ORD-0004102,PRD-0440,2026-07-14 10:00:00,3,0.05,5
ORD-0004103,PRD-0375,2026-01-30 18:00:00,2,0.2,4
ORD-0004104,PRD-0451,2026-08-15 10:00:00,3,0.0,5
ORD-0004105,PRD-0114,2026-04-06 06:00:00,4,0.0,5
ORD-0004106,PRD-0272,2026-04-21 14:00:00,2,0.0,4
ORD-0004107,PRD-0083,2026-02-11 06:00:00,4,0.1,5
ORD-0004108,PRD-0179,2026-07-04 13:00:00,3,0.2,5
ORD-0004109,PRD-0210,2026-04-01 00:00:00,3,0.0,4
ORD-0004110,PRD-0500,2026-08-28 04:00:00,2,0.0,5
ORD-0004111,PRD-0464,2026-07-05 17:00:00,2,0.05,1
ORD-0004112,PRD-0328,2026-03-31 08:00:00,2,0.05,4
ORD-0004113,PRD-0124,2026-03-27 23:00:00,2,0.0,5
ORD-0004114,PRD-0481,2026-04-19 11:00:00,1,0.05,3
ORD-0004115,PRD-0113,2026-03-24 09:00:00,1,0.05,5
ORD-0004116,PRD-0012,2026-01-16 15:00:00,4,0.2,5
ORD-0004117,PRD-0126,2026-01-31 21:00:00,3,0.0,5
ORD-0004118,PRD-0053,2026-07-06 21:00:00,3,0.2,4
ORD-0004119,PRD-0331,2026-04-22 03:00:00,4,0.0,5
ORD-0004120,PRD-0389,2026-02-21 16:00:00,4,0.05,4
ORD-0004121,PRD-0283,2026-05-25 14:00:00,4,0.0,4
ORD-0004122,PRD-0140,2026-07-24 23:00:00,1,0.0,5
ORD-0004123,PRD-0401,2026-04-09 15:00:00,4,0.05,5
ORD-0004124,PRD-0390,2026-04-04 11:00:00,3,0.0,4
ORD-0004125,PRD-0097,2026-05-28 21:00:00,4,0.0,5
ORD-0004126,PRD-0005,2026-01-18 09:00:00,2,0.0,4
ORD-0004127,PRD-0057,2026-01-26 06:00:00,3,0.0,5
ORD-0004128,PRD-0412,2026-01-24 15:00:00,3,0.0,5
ORD-0004129,PRD-0334,2026-01-23 15:00:00,3,0.2,4
ORD-0004130,PRD-0069,2026-02-06 19:00:00,1,0.0,4
ORD-0004131,PRD-0118,2026-07-19 22:00:00,1,0.0,5
ORD-0004132,PRD-0376,2026-02-20 23:00:00,3,0.0,4
ORD-0004133,PRD-0059,2026-05-01 13:00:00,2,0.0,5
ORD-0004134,PRD-0033,2026-08-27 06:00:00,3,0.0,2
ORD-0004135,PRD-0318,2026-03-28 04:00:00,1,0.0,4
ORD-0004136,PRD-0050,2026-06-04 13:00:00,2,0.0,2
ORD-0004137,PRD-0368,2026-03-16 10:00:00,3,0.0,2
ORD-0004138,PRD-0489,2026-08-27 03:00:00,1,0.05,5
ORD-0004139,PRD-0019,2026-03-02 17:00:00,2,0.05,4
ORD-0004140,PRD-0214,2026-08-25 15:00:00,4,0.0,5
ORD-0004141,PRD-0197,2026-03-21 18:00:00,4,0.0,5
ORD-0004142,PRD-0379,2026-01-04 05:00:00,3,0.1,4
ORD-0004143,PRD-0450,2026-05-31 13:00:00,4,0.0,5
ORD-0004144,PRD-0478,2026-02-24 12:00:00,1,0.2,5
ORD-0004145,PRD-0047,2026-01-27 23:00:00,2,0.0,5
ORD-0004146,PRD-0167,2026-04-02 03:00:00,3,0.0,5
ORD-0004147,PRD-0452,2026-01-24 00:00:00,2,0.05,3
ORD-0004148,PRD-0289,2026-08-01 05:00:00,2,0.1,5
ORD-0004149,PRD-0141,2026-01-12 17:00:00,2,0.0,4
ORD-0004150,PRD-0084,2026-02-23 09:00:00,1,0.0,4
ORD-0004151,PRD-0182,2026-03-18 22:00:00,3,0.0,5
ORD-0004152,PRD-0391,2026-08-17 07:00:00,4,0.2,4
ORD-0004153,PRD-0079,2026-04-14 15:00:00,2,0.05,5
ORD-0004154,PRD-0215,2026-08-07 21:00:00,2,0.0,4
ORD-0004155,PRD-0014,2026-04-27 09:00:00,2,0.0,2
ORD-0004156,PRD-0215,2026-06-04 15:00:00,1,0.0,4
ORD-0004157,PRD-0403,2026-06-24 23:00:00,4,0.0,5
ORD-0004158,PRD-0128,2026-07-22 13:00:00,2,0.0,4
ORD-0004159,PRD-0310,2026-04-26 16:00:00,1,0.05,4
ORD-0004160,PRD-0477,2026-03-08 12:00:00,1,0.0,5
ORD-0004161,PRD-0248,2026-01-20 23:00:00,2,0.0,1
ORD-0004162,PRD-0404,2026-05-19 00:00:00,2,0.05,4
ORD-0004163,PRD-0029,2026-05-15 02:00:00,1,0.0,5
ORD-0004164,PRD-0280,2026-03-23 19:00:00,1,0.0,5
ORD-0004165,PRD-0338,2026-03-31 06:00:00,2,0.0,4
ORD-0004166,PRD-0319,2026-06-12 10:00:00,1,0.0,5
ORD-0004167,PRD-0202,2026-03-28 08:00:00,1,0.1,3
ORD-0004168,PRD-0361,2026-02-23 23:00:00,2,0.05,4
ORD-0004169,PRD-0057,2026-08-23 08:00:00,2,0.0,5
ORD-0004170,PRD-0392,2026-08-09 05:00:00,3,0.0,5
ORD-0004171,PRD-0218,2026-02-09 02:00:00,4,0.0,4
ORD-0004172,PRD-0062,2026-02-01 17:00:00,2,0.0,2
ORD-0004173,PRD-0157,2026-07-17 21:00:00,2,0.0,2
ORD-0004174,PRD-0202,2026-03-11 13:00:00,2,0.0,4
ORD-0004175,PRD-0017,2026-06-10 22:00:00,4,0.0,5
ORD-0004176,PRD-0322,2026-04-22 21:00:00,3,0.0,5
ORD-0004177,PRD-0006,2026-06-12 11:00:00,1,0.05,4
ORD-0004178,PRD-0058,2026-03-22 11:00:00,4,0.1,5
ORD-0004179,PRD-0325,2026-06-14 03:00:00,2,0.2,5
ORD-0004180,PRD-0412,2026-02-16 22:00:00,2,0.0,2
ORD-0004181,PRD-0318,2026-05-18 09:00:00,3,0.05,5
ORD-0004182,PRD-0169,2026-07-14 14:00:00,3,0.05,5
ORD-0004183,PRD-0453,2026-08-15 01:00:00,3,0.2,4
ORD-0004184,PRD-0082,2026-08-12 21:00:00,1,0.0,5
ORD-0004185,PRD-0474,2026-02-20 03:00:00,4,0.05,5
ORD-0004186,PRD-0468,2026-06-22 07:00:00,4,0.0,1
ORD-0004187,PRD-0425,2026-06-07 04:00:00,3,0.05,4
ORD-0004188,PRD-0433,2026-01-22 15:00:00,1,0.0,5
ORD-0004189,PRD-0219,2026-08-27 23:00:00,4,0.05,5
ORD-0004190,PRD-0177,2026-04-06 03:00:00,2,0.1,5
ORD-0004191,PRD-0204,2026-07-09 22:00:00,2,0.0,4
ORD-0004192,PRD-0071,2026-08-11 19:00:00,2,0.0,5
ORD-0004193,PRD-0387,2026-01-21 02:00:00,4,0.0,4
ORD-0004194,PRD-0266,2026-04-14 05:00:00,3,0.0,4
ORD-0004195,PRD-0098,2026-05-09 21:00:00,2,0.0,4
ORD-0004196,PRD-0345,2026-01-15 06:00:00,3,0.0,5
ORD-0004197,PRD-0291,2026-08-09 12:00:00,1,0.1,2
ORD-0004198,PRD-0208,2026-03-02 22:00:00,2,0.0,4
ORD-0004199,PRD-0002,2026-02-20 02:00:00,1,0.05,4
ORD-0004200,PRD-0124,2026-03-09 13:00:00,3,0.1,3
ORD-0004201,PRD-0280,2026-04-10 22:00:00,4,0.2,4
ORD-0004202,PRD-0074,2026-05-30 20:00:00,3,0.05,5
ORD-0004203,PRD-0166,2026-08-01 00:00:00,2,0.0,5
ORD-0004204,PRD-0022,2026-05-28 07:00:00,2,0.1,5
ORD-0004205,PRD-0154,2026-04-30 21:00:00,3,0.0,4
ORD-0004206,PRD-0427,2026-04-10 14:00:00,2,0.2,2
ORD-0004207,PRD-0439,2026-05-20 15:00:00,2,0.05,5
ORD-0004208,PRD-0295,2026-05-02 09:00:00,1,0.05,3
ORD-0004209,PRD-0219,2026-02-19 13:00:00,4,0.0,5
ORD-0004210,PRD-0157,2026-04-08 12:00:00,3,0.0,5
ORD-0004211,PRD-0495,2026-05-30 04:00:00,1,0.1,5
ORD-0004212,PRD-0230,2026-03-08 19:00:00,2,0.1,4
ORD-0004213,PRD-0020,2026-05-18 09:00:00,1,0.0,4
ORD-0004214,PRD-0475,2026-08-09 09:00:00,4,0.2,1
ORD-0004215,PRD-0041,2026-01-25 21:00:00,3,0.0,5
ORD-0004216,PRD-0438,2026-01-27 20:00:00,4,0.05,5
ORD-0004217,PRD-0148,2026-07-09 07:00:00,4,0.05,5
ORD-0004218,PRD-0108,2026-05-01 22:00:00,1,0.0,1
ORD-0004219,PRD-0403,2026-02-01 19:00:00,1,0.0,5
ORD-0004220,PRD-0084,2026-07-21 06:00:00,4,0.05,5
ORD-0004221,PRD-0483,2026-03-10 10:00:00,2,0.0,3
ORD-0004222,PRD-0367,2026-04-06 17:00:00,3,0.0,4
ORD-0004223,PRD-0322,2026-07-15 16:00:00,2,0.05,5
ORD-0004224,PRD-0414,2026-04-01 12:00:00,2,0.1,4
ORD-0004225,PRD-0309,2026-04-01 00:00:00,3,0.0,3
ORD-0004226,PRD-0290,2026-07-31 12:00:00,1,0.0,2
ORD-0004227,PRD-0406,2026-06-06 05:00:00,2,0.0,5
ORD-0004228,PRD-0323,2026-05-02 18:00:00,1,0.05,3
ORD-0004229,PRD-0134,2026-01-25 03:00:00,3,0.0,3
ORD-0004230,PRD-0207,2026-06-08 12:00:00,2,0.05,5
ORD-0004231,PRD-0283,2026-07-23 06:00:00,1,0.1,5
ORD-0004232,PRD-0266,2026-04-09 16:00:00,1,0.0,5
ORD-0004233,PRD-0073,2026-06-13 20:00:00,2,0.0,4
ORD-0004234,PRD-0481,2026-07-12 19:00:00,3,0.2,5
ORD-0004235,PRD-0352,2026-05-21 00:00:00,4,0.0,5
ORD-0004236,PRD-0048,2026-08-22 16:00:00,1,0.05,5
ORD-0004237,PRD-0326,2026-07-16 03:00:00,3,0.2,4
ORD-0004238,PRD-0233,2026-02-15 20:00:00,2,0.2,4
ORD-0004239,PRD-0443,2026-03-11 14:00:00,1,0.0,2
ORD-0004240,PRD-0100,2026-08-18 15:00:00,1,0.0,5
ORD-0004241,PRD-0059,2026-08-19 11:00:00,1,0.2,5
ORD-0004242,PRD-0258,2026-04-03 12:00:00,3,0.05,3
ORD-0004243,PRD-0413,2026-07-27 02:00:00,1,0.0,4
ORD-0004244,PRD-0452,2026-01-10 00:00:00,1,0.0,3
ORD-0004245,PRD-0065,2026-01-16 15:00:00,2,0.0,4
ORD-0004246,PRD-0083,2026-03-09 01:00:00,1,0.1,5
ORD-0004247,PRD-0154,2026-06-21 02:00:00,3,0.0,5
ORD-0004248,PRD-0473,2026-06-09 23:00:00,2,0.1,1
ORD-0004249,PRD-0266,2026-05-03 11:00:00,4,0.1,4
ORD-0004250,PRD-0309,2026-06-19 06:00:00,2,0.1,1
ORD-0004251,PRD-0079,2026-03-09 05:00:00,1,0.05,5
ORD-0004252,PRD-0315,2026-06-03 07:00:00,4,0.1,4
ORD-0004253,PRD-0150,2026-07-24 17:00:00,2,0.0,5
ORD-0004254,PRD-0435,2026-02-24 00:00:00,1,0.0,5
ORD-0004255,PRD-0048,2026-06-16 12:00:00,2,0.1,5
ORD-0004256,PRD-0405,2026-07-19 10:00:00,3,0.0,5
ORD-0004257,PRD-0379,2026-08-26 07:00:00,1,0.0,5
ORD-0004258,PRD-0248,2026-08-23 12:00:00,3,0.0,4
ORD-0004259,PRD-0278,2026-02-18 03:00:00,1,0.0,5
ORD-0004260,PRD-0356,2026-07-23 07:00:00,3,0.05,5
ORD-0004261,PRD-0098,2026-04-09 14:00:00,4,0.05,4
ORD-0004262,PRD-0414,2026-05-01 11:00:00,3,0.0,3
ORD-0004263,PRD-0025,2026-03-24 04:00:00,2,0.1,4
ORD-0004264,PRD-0493,2026-02-02 16:00:00,1,0.0,4
ORD-0004265,PRD-0284,2026-07-07 04:00:00,2,0.05,1
ORD-0004266,PRD-0449,2026-02-15 01:00:00,3,0.0,5
ORD-0004267,PRD-0369,2026-08-22 07:00:00,1,0.05,5
ORD-0004268,PRD-0301,2026-03-26 17:00:00,3,0.0,5
ORD-0004269,PRD-0068,2026-03-09 06:00:00,4,0.0,5
ORD-0004270,PRD-0007,2026-07-09 19:00:00,4,0.1,5
ORD-0004271,PRD-0305,2026-04-11 16:00:00,4,0.0,5
ORD-0004272,PRD-0137,2026-07-13 09:00:00,3,0.2,4
ORD-0004273,PRD-0164,2026-06-02 05:00:00,3,0.05,5
ORD-0004274,PRD-0083,2026-01-21 16:00:00,4,0.0,4
ORD-0004275,PRD-0385,2026-01-22 00:00:00,3,0.05,5
ORD-0004276,PRD-0138,2026-05-22 02:00:00,2,0.0,5
ORD-0004277,PRD-0420,2026-08-05 04:00:00,3,0.0,5
ORD-0004278,PRD-0073,2026-04-03 00:00:00,2,0.2,1
ORD-0004279,PRD-0237,2026-08-27 21:00:00,4,0.0,4
ORD-0004280,PRD-0046,2026-07-20 13:00:00,3,0.05,3
ORD-0004281,PRD-0106,2026-05-15 00:00:00,4,0.0,4
ORD-0004282,PRD-0416,2026-08-26 00:00:00,1,0.05,4
ORD-0004283,PRD-0288,2026-06-02 18:00:00,3,0.0,4
ORD-0004284,PRD-0262,2026-02-28 16:00:00,3,0.0,5
ORD-0004285,PRD-0176,2026-07-01 20:00:00,4,0.2,4
ORD-0004286,PRD-0166,2026-06-19 21:00:00,4,0.0,5
ORD-0004287,PRD-0145,2026-03-03 13:00:00,4,0.05,3
ORD-0004288,PRD-0330,2026-08-23 21:00:00,1,0.0,4
ORD-0004289,PRD-0370,2026-07-26 16:00:00,1,0.0,5
ORD-0004290,PRD-0283,2026-04-10 21:00:00,4,0.05,5
ORD-0004291,PRD-0054,2026-01-05 13:00:00,3,0.0,2
ORD-0004292,PRD-0178,2026-05-29 02:00:00,3,0.0,5
ORD-0004293,PRD-0419,2026-01-28 01:00:00,4,0.2,5
ORD-0004294,PRD-0244,2026-03-04 11:00:00,2,0.1,5
ORD-0004295,PRD-0341,2026-08-05 22:00:00,1,0.0,5
ORD-0004296,PRD-0127,2026-01-25 19:00:00,1,0.0,5
ORD-0004297,PRD-0409,2026-02-10 18:00:00,2,0.05,5
ORD-0004298,PRD-0412,2026-01-31 10:00:00,4,0.2,5
ORD-0004299,PRD-0367,2026-01-03 08:00:00,3,0.2,5
ORD-0004300,PRD-0271,2026-04-04 11:00:00,3,0.1,5
ORD-0004301,PRD-0132,2026-03-12 21:00:00,1,0.0,5
ORD-0004302,PRD-0093,2026-02-23 14:00:00,2,0.2,4
ORD-0004303,PRD-0379,2026-01-05 15:00:00,3,0.1,4
ORD-0004304,PRD-0073,2026-07-20 06:00:00,1,0.0,5
ORD-0004305,PRD-0411,2026-02-20 01:00:00,3,0.0,5
ORD-0004306,PRD-0410,2026-02-09 11:00:00,3,0.0,4
ORD-0004307,PRD-0403,2026-06-21 17:00:00,3,0.05,4
ORD-0004308,PRD-0248,2026-02-01 13:00:00,1,0.0,5
ORD-0004309,PRD-0348,2026-05-22 04:00:00,2,0.0,4
ORD-0004310,PRD-0273,2026-08-24 11:00:00,4,0.0,2
ORD-0004311,PRD-0043,2026-03-18 17:00:00,2,0.0,3
ORD-0004312,PRD-0377,2026-05-28 07:00:00,3,0.0,5
ORD-0004313,PRD-0041,2026-04-06 13:00:00,2,0.05,4
ORD-0004314,PRD-0170,2026-02-16 00:00:00,3,0.0,5
ORD-0004315,PRD-0434,2026-01-28 13:00:00,1,0.2,5
ORD-0004316,PRD-0212,2026-02-07 20:00:00,1,0.1,5
ORD-0004317,PRD-0493,2026-07-12 09:00:00,1,0.2,3
ORD-0004318,PRD-0168,2026-03-19 08:00:00,3,0.05,2
ORD-0004319,PRD-0039,2026-04-07 07:00:00,2,0.0,5
ORD-0004320,PRD-0369,2026-02-02 21:00:00,4,0.0,5
ORD-0004321,PRD-0245,2026-08-13 17:00:00,4,0.0,3
ORD-0004322,PRD-0151,2026-08-31 17:00:00,1,0.2,4
ORD-0004323,PRD-0111,2026-01-08 03:00:00,4,0.0,5
ORD-0004324,PRD-0480,2026-07-01 16:00:00,3,0.0,5
ORD-0004325,PRD-0436,2026-03-24 18:00:00,2,0.05,4
ORD-0004326,PRD-0047,2026-08-03 09:00:00,4,0.2,2
ORD-0004327,PRD-0063,2026-08-21 20:00:00,4,0.05,4
ORD-0004328,PRD-0225,2026-03-20 13:00:00,2,0.05,4
ORD-0004329,PRD-0366,2026-01-20 19:00:00,4,0.0,4
ORD-0004330,PRD-0069,2026-02-13 17:00:00,2,0.05,4
ORD-0004331,PRD-0299,2026-06-22 01:00:00,3,0.0,5
ORD-0004332,PRD-0432,2026-04-07 07:00:00,3,0.1,3
ORD-0004333,PRD-0290,2026-02-18 09:00:00,3,0.0,5
ORD-0004334,PRD-0296,2026-02-03 23:00:00,1,0.0,5
ORD-0004335,PRD-0203,2026-06-06 22:00:00,3,0.2,5
ORD-0004336,PRD-0061,2026-05-02 18:00:00,4,0.0,5
ORD-0004337,PRD-0434,2026-02-01 09:00:00,1,0.1,5
ORD-0004338,PRD-0451,2026-07-14 05:00:00,1,0.1,5
ORD-0004339,PRD-0318,2026-01-20 05:00:00,1,0.1,4
ORD-0004340,PRD-0314,2026-05-15 23:00:00,3,0.0,4
ORD-0004341,PRD-0161,2026-08-28 14:00:00,1,0.0,5
ORD-0004342,PRD-0331,2026-04-23 14:00:00,3,0.1,5
ORD-0004343,PRD-0016,2026-01-04 08:00:00,3,0.1,4
ORD-0004344,PRD-0338,2026-04-27 20:00:00,1,0.0,5
ORD-0004345,PRD-0094,2026-02-06 05:00:00,1,0.0,1
ORD-0004346,PRD-0304,2026-08-19 06:00:00,4,0.0,5
ORD-0004347,PRD-0138,2026-08-04 05:00:00,1,0.2,4
ORD-0004348,PRD-0338,2026-07-15 14:00:00,3,0.0,5
ORD-0004349,PRD-0038,2026-08-27 18:00:00,4,0.0,4
ORD-0004350,PRD-0127,2026-02-03 14:00:00,4,0.05,5
ORD-0004351,PRD-0275,2026-03-22 14:00:00,3,0.0,4
ORD-0004352,PRD-0164,2026-08-04 12:00:00,1,0.2,5
ORD-0004353,PRD-0443,2026-01-30 07:00:00,1,0.0,2
ORD-0004354,PRD-0319,2026-04-16 03:00:00,2,0.0,5
ORD-0004355,PRD-0077,2026-04-20 23:00:00,1,0.0,4
ORD-0004356,PRD-0174,2026-07-10 22:00:00,2,0.0,5
ORD-0004357,PRD-0387,2026-06-12 21:00:00,4,0.0,5
ORD-0004358,PRD-0458,2026-07-20 01:00:00,4,0.0,5
ORD-0004359,PRD-0358,2026-08-23 05:00:00,4,0.0,2
ORD-0004360,PRD-0321,2026-02-18 12:00:00,2,0.1,5
ORD-0004361,PRD-0376,2026-01-26 19:00:00,3,0.0,4
ORD-0004362,PRD-0091,2026-05-08 18:00:00,3,0.2,1
ORD-0004363,PRD-0238,2026-07-23 00:00:00,4,0.05,4
ORD-0004364,PRD-0264,2026-01-19 14:00:00,2,0.0,4
ORD-0004365,PRD-0179,2026-04-08 09:00:00,2,0.0,5
ORD-0004366,PRD-0494,2026-01-09 16:00:00,4,0.0,4
ORD-0004367,PRD-0490,2026-08-22 02:00:00,1,0.0,3
ORD-0004368,PRD-0209,2026-04-13 12:00:00,4,0.0,5
ORD-0004369,PRD-0073,2026-08-20 02:00:00,2,0.0,5
ORD-0004370,PRD-0390,2026-05-24 10:00:00,1,0.05,5
ORD-0004371,PRD-0107,2026-04-23 23:00:00,3,0.0,5
ORD-0004372,PRD-0345,2026-04-08 09:00:00,1,0.0,5
ORD-0004373,PRD-0295,2026-02-23 19:00:00,3,0.0,5
ORD-0004374,PRD-0369,2026-04-02 14:00:00,2,0.05,5
ORD-0004375,PRD-0444,2026-08-12 22:00:00,4,0.0,5
ORD-0004376,PRD-0284,2026-02-28 08:00:00,4,0.1,4
ORD-0004377,PRD-0353,2026-08-29 12:00:00,4,0.0,5
ORD-0004378,PRD-0182,2026-07-26 06:00:00,4,0.2,5
ORD-0004379,PRD-0037,2026-08-17 05:00:00,4,0.0,3
ORD-0004380,PRD-0137,2026-04-21 15:00:00,2,0.2,5
ORD-0004381,PRD-0338,2026-06-17 04:00:00,2,0.05,5
ORD-0004382,PRD-0056,2026-01-30 08:00:00,4,0.0,5
ORD-0004383,PRD-0187,2026-02-04 09:00:00,1,0.0,4
ORD-0004384,PRD-0341,2026-02-11 20:00:00,4,0.0,5
ORD-0004385,PRD-0258,2026-05-25 04:00:00,3,0.2,4
ORD-0004386,PRD-0445,2026-01-16 16:00:00,3,0.05,4
ORD-0004387,PRD-0058,2026-02-10 12:00:00,3,0.0,5
ORD-0004388,PRD-0363,2026-06-25 13:00:00,3,0.0,5
ORD-0004389,PRD-0123,2026-05-09 04:00:00,4,0.0,5
ORD-0004390,PRD-0188,2026-01-19 11:00:00,3,0.05,5
ORD-0004391,PRD-0230,2026-02-01 10:00:00,1,0.05,5
ORD-0004392,PRD-0168,2026-05-31 04:00:00,4,0.0,5
ORD-0004393,PRD-0420,2026-07-17 07:00:00,3,0.0,4
ORD-0004394,PRD-0114,2026-04-01 11:00:00,4,0.0,5
ORD-0004395,PRD-0252,2026-04-23 17:00:00,4,0.0,5
ORD-0004396,PRD-0107,2026-08-13 20:00:00,4,0.0,5
ORD-0004397,PRD-0037,2026-05-25 09:00:00,2,0.0,3
ORD-0004398,PRD-0335,2026-04-23 23:00:00,3,0.0,4
ORD-0004399,PRD-0092,2026-04-11 07:00:00,2,0.2,4
ORD-0004400,PRD-0018,2026-01-26 22:00:00,1,0.05,5
ORD-0004401,PRD-0354,2026-08-21 20:00:00,1,0.2,5
ORD-0004402,PRD-0063,2026-08-28 11:00:00,2,0.0,5
ORD-0004403,PRD-0150,2026-03-13 19:00:00,3,0.1,4
ORD-0004404,PRD-0139,2026-05-19 10:00:00,4,0.05,4
ORD-0004405,PRD-0186,2026-03-21 23:00:00,1,0.0,1
ORD-0004406,PRD-0185,2026-02-08 06:00:00,1,0.0,4
ORD-0004407,PRD-0205,2026-08-08 13:00:00,1,0.05,5
ORD-0004408,PRD-0260,2026-08-09 01:00:00,3,0.2,5
ORD-0004409,PRD-0214,2026-06-25 15:00:00,2,0.0,4
ORD-0004410,PRD-0256,2026-01-25 05:00:00,2,0.0,4
ORD-0004411,PRD-0135,2026-08-09 06:00:00,3,0.05,4
ORD-0004412,PRD-0061,2026-06-11 17:00:00,1,0.2,4
ORD-0004413,PRD-0363,2026-03-12 06:00:00,3,0.05,5
ORD-0004414,PRD-0310,2026-06-12 21:00:00,3,0.0,5
ORD-0004415,PRD-0088,2026-03-25 07:00:00,2,0.0,5
ORD-0004416,PRD-0324,2026-04-23 23:00:00,3,0.0,5
ORD-0004417,PRD-0476,2026-01-17 16:00:00,3,0.1,4
ORD-0004418,PRD-0207,2026-06-02 00:00:00,1,0.05,4
ORD-0004419,PRD-0129,2026-08-15 21:00:00,4,0.0,1
ORD-0004420,PRD-0311,2026-04-20 12:00:00,1,0.0,5
ORD-0004421,PRD-0003,2026-03-11 00:00:00,2,0.2,5
ORD-0004422,PRD-0462,2026-01-26 20:00:00,4,0.05,5
ORD-0004423,PRD-0422,2026-01-11 06:00:00,1,0.2,2
ORD-0004424,PRD-0242,2026-08-06 04:00:00,3,0.0,5
ORD-0004425,PRD-0121,2026-05-20 03:00:00,3,0.1,1
ORD-0004426,PRD-0385,2026-05-06 10:00:00,4,0.1,3
ORD-0004427,PRD-0102,2026-07-16 15:00:00,4,0.0,4
ORD-0004428,PRD-0038,2026-04-09 16:00:00,3,0.2,4
ORD-0004429,PRD-0341,2026-06-16 10:00:00,2,0.0,5
ORD-0004430,PRD-0496,2026-03-18 15:00:00,1,0.05,5
ORD-0004431,PRD-0413,2026-05-01 23:00:00,3,0.2,3
ORD-0004432,PRD-0133,2026-07-03 03:00:00,1,0.0,4
ORD-0004433,PRD-0497,2026-07-07 10:00:00,1,0.05,4
ORD-0004434,PRD-0202,2026-08-29 07:00:00,1,0.0,3
ORD-0004435,PRD-0348,2026-06-03 19:00:00,1,0.05,4
ORD-0004436,PRD-0021,2026-06-10 01:00:00,2,0.1,5
ORD-0004437,PRD-0242,2026-07-01 04:00:00,2,0.05,4
ORD-0004438,PRD-0455,2026-02-28 00:00:00,2,0.1,5
ORD-0004439,PRD-0451,2026-06-06 06:00:00,3,0.0,4
ORD-0004440,PRD-0109,2026-06-27 07:00:00,3,0.0,4
ORD-0004441,PRD-0303,2026-05-06 08:00:00,3,0.0,4
ORD-0004442,PRD-0084,2026-06-29 04:00:00,2,0.05,5
ORD-0004443,PRD-0083,2026-05-20 02:00:00,1,0.0,5
ORD-0004444,PRD-0291,2026-08-08 01:00:00,2,0.05,1
ORD-0004445,PRD-0452,2026-08-17 15:00:00,3,0.0,5
ORD-0004446,PRD-0069,2026-05-27 10:00:00,4,0.05,2
ORD-0004447,PRD-0129,2026-07-26 09:00:00,3,0.0,5
ORD-0004448,PRD-0196,2026-02-01 15:00:00,1,0.05,1
ORD-0004449,PRD-0140,2026-08-25 22:00:00,2,0.05,5
ORD-0004450,PRD-0444,2026-04-26 08:00:00,4,0.2,5
ORD-0004451,PRD-0283,2026-05-09 16:00:00,4,0.05,5
ORD-0004452,PRD-0312,2026-03-30 03:00:00,1,0.05,2
ORD-0004453,PRD-0234,2026-06-26 04:00:00,2,0.2,4
ORD-0004454,PRD-0023,2026-03-13 19:00:00,4,0.05,5
ORD-0004455,PRD-0153,2026-05-04 14:00:00,3,0.0,5
ORD-0004456,PRD-0277,2026-01-18 21:00:00,1,0.1,5
ORD-0004457,PRD-0061,2026-04-09 03:00:00,4,0.05,4
ORD-0004458,PRD-0319,2026-08-09 13:00:00,1,0.0,2
ORD-0004459,PRD-0378,2026-04-13 11:00:00,2,0.05,5
ORD-0004460,PRD-0052,2026-06-24 16:00:00,2,0.1,4
ORD-0004461,PRD-0344,2026-08-30 18:00:00,2,0.2,2
ORD-0004462,PRD-0153,2026-08-08 17:00:00,3,0.2,5
ORD-0004463,PRD-0237,2026-03-13 14:00:00,4,0.0,4
ORD-0004464,PRD-0311,2026-02-22 17:00:00,2,0.0,1
ORD-0004465,PRD-0302,2026-08-14 23:00:00,3,0.0,3
ORD-0004466,PRD-0032,2026-02-24 12:00:00,2,0.0,5
ORD-0004467,PRD-0055,2026-02-13 18:00:00,2,0.1,2
ORD-0004468,PRD-0352,2026-05-25 17:00:00,4,0.0,5
ORD-0004469,PRD-0389,2026-08-17 07:00:00,3,0.05,4
ORD-0004470,PRD-0036,2026-04-04 17:00:00,2,0.05,2
ORD-0004471,PRD-0110,2026-04-28 01:00:00,3,0.05,5
ORD-0004472,PRD-0490,2026-05-02 17:00:00,3,0.0,5
ORD-0004473,PRD-0177,2026-07-14 20:00:00,2,0.0,4
ORD-0004474,PRD-0362,2026-06-18 09:00:00,2,0.0,4
ORD-0004475,PRD-0314,2026-04-11 17:00:00,1,0.0,1
ORD-0004476,PRD-0295,2026-01-23 04:00:00,4,0.2,5
ORD-0004477,PRD-0336,2026-08-08 15:00:00,2,0.1,4
ORD-0004478,PRD-0097,2026-08-06 13:00:00,1,0.0,5
ORD-0004479,PRD-0369,2026-02-07 10:00:00,4,0.1,5
ORD-0004480,PRD-0213,2026-04-21 14:00:00,2,0.0,5
ORD-0004481,PRD-0317,2026-03-03 05:00:00,3,0.05,5
ORD-0004482,PRD-0137,2026-05-02 16:00:00,4,0.0,5
ORD-0004483,PRD-0006,2026-02-22 04:00:00,3,0.05,4
ORD-0004484,PRD-0499,2026-02-02 01:00:00,1,0.0,4
ORD-0004485,PRD-0109,2026-02-04 17:00:00,2,0.0,3
ORD-0004486,PRD-0035,2026-04-03 01:00:00,1,0.0,5
ORD-0004487,PRD-0039,2026-07-13 17:00:00,2,0.0,5
ORD-0004488,PRD-0150,2026-05-23 16:00:00,2,0.05,4
ORD-0004489,PRD-0425,2026-02-15 11:00:00,3,0.0,5
ORD-0004490,PRD-0118,2026-02-19 20:00:00,1,0.05,5
ORD-0004491,PRD-0261,2026-06-13 02:00:00,3,0.05,4
ORD-0004492,PRD-0426,2026-03-11 04:00:00,3,0.05,1
ORD-0004493,PRD-0087,2026-07-13 22:00:00,3,0.05,4
ORD-0004494,PRD-0465,2026-01-11 20:00:00,1,0.0,5
ORD-0004495,PRD-0076,2026-04-05 08:00:00,2,0.0,2
ORD-0004496,PRD-0471,2026-08-07 11:00:00,2,0.2,4
ORD-0004497,PRD-0464,2026-07-24 04:00:00,1,0.05,5
ORD-0004498,PRD-0451,2026-02-19 09:00:00,2,0.05,5
ORD-0004499,PRD-0414,2026-04-13 01:00:00,1,0.05,5
ORD-0004500,PRD-0313,2026-05-28 05:00:00,1,0.0,5
ORD-0004501,PRD-0383,2026-07-02 02:00:00,2,0.05,1
ORD-0004502,PRD-0214,2026-06-29 05:00:00,4,0.2,5
ORD-0004503,PRD-0457,2026-05-20 08:00:00,3,0.0,5
ORD-0004504,PRD-0285,2026-08-31 11:00:00,1,0.1,5
ORD-0004505,PRD-0239,2026-02-06 02:00:00,1,0.0,2
ORD-0004506,PRD-0165,2026-01-04 20:00:00,4,0.0,4
ORD-0004507,PRD-0087,2026-08-04 01:00:00,1,0.1,3
ORD-0004508,PRD-0141,2026-05-13 10:00:00,1,0.1,5
ORD-0004509,PRD-0160,2026-02-26 07:00:00,2,0.1,4
ORD-0004510,PRD-0046,2026-01-16 04:00:00,2,0.2,5
ORD-0004511,PRD-0372,2026-07-24 20:00:00,4,0.0,5
ORD-0004512,PRD-0495,2026-08-22 11:00:00,1,0.05,1
ORD-0004513,PRD-0112,2026-06-04 22:00:00,3,0.0,5
ORD-0004514,PRD-0407,2026-03-22 04:00:00,2,0.0,3
ORD-0004515,PRD-0045,2026-05-09 23:00:00,3,0.0,5
ORD-0004516,PRD-0401,2026-08-04 21:00:00,3,0.05,4
ORD-0004517,PRD-0247,2026-04-16 18:00:00,4,0.0,4
ORD-0004518,PRD-0104,2026-02-24 00:00:00,4,0.1,1
ORD-0004519,PRD-0085,2026-04-05 20:00:00,1,0.05,5
ORD-0004520,PRD-0450,2026-08-03 03:00:00,4,0.0,5
ORD-0004521,PRD-0485,2026-01-01 02:00:00,2,0.05,4
ORD-0004522,PRD-0134,2026-05-26 12:00:00,1,0.0,2
ORD-0004523,PRD-0108,2026-03-15 01:00:00,1,0.0,5
ORD-0004524,PRD-0018,2026-02-07 22:00:00,3,0.1,4
ORD-0004525,PRD-0094,2026-01-13 18:00:00,3,0.0,5
ORD-0004526,PRD-0150,2026-06-26 07:00:00,3,0.1,5
ORD-0004527,PRD-0246,2026-06-17 07:00:00,1,0.05,5
ORD-0004528,PRD-0289,2026-08-26 16:00:00,4,0.0,5
ORD-0004529,PRD-0414,2026-03-01 22:00:00,4,0.05,3
ORD-0004530,PRD-0209,2026-02-06 08:00:00,4,0.0,4
ORD-0004531,PRD-0126,2026-02-17 13:00:00,1,0.0,4
ORD-0004532,PRD-0235,2026-01-28 17:00:00,1,0.0,2
ORD-0004533,PRD-0416,2026-01-09 16:00:00,1,0.0,5
ORD-0004534,PRD-0426,2026-02-09 15:00:00,1,0.0,2
ORD-0004535,PRD-0499,2026-02-14 01:00:00,1,0.2,5
ORD-0004536,PRD-0462,2026-07-17 16:00:00,4,0.0,5
ORD-0004537,PRD-0122,2026-08-15 13:00:00,1,0.05,4
ORD-0004538,PRD-0138,2026-07-16 18:00:00,4,0.0,1
ORD-0004539,PRD-0495,2026-07-12 12:00:00,1,0.0,1
ORD-0004540,PRD-0115,2026-08-26 12:00:00,4,0.0,4
ORD-0004541,PRD-0420,2026-06-17 00:00:00,2,0.05,4
ORD-0004542,PRD-0162,2026-03-19 20:00:00,2,0.0,4
ORD-0004543,PRD-0201,2026-07-22 16:00:00,4,0.0,5
ORD-0004544,PRD-0234,2026-02-02 03:00:00,2,0.0,5
ORD-0004545,PRD-0028,2026-07-21 11:00:00,2,0.05,4
ORD-0004546,PRD-0011,2026-06-17 22:00:00,4,0.0,3
ORD-0004547,PRD-0206,2026-01-22 17:00:00,1,0.05,5
ORD-0004548,PRD-0167,2026-05-20 19:00:00,1,0.0,4
ORD-0004549,PRD-0247,2026-02-28 08:00:00,4,0.05,4
ORD-0004550,PRD-0047,2026-06-05 18:00:00,3,0.0,5
ORD-0004551,PRD-0246,2026-06-30 23:00:00,3,0.0,5
ORD-0004552,PRD-0127,2026-06-05 03:00:00,2,0.0,5
ORD-0004553,PRD-0147,2026-08-15 13:00:00,3,0.2,3
ORD-0004554,PRD-0118,2026-05-16 07:00:00,2,0.0,5
ORD-0004555,PRD-0399,2026-03-19 10:00:00,1,0.2,2
ORD-0004556,PRD-0382,2026-07-19 05:00:00,4,0.0,5
ORD-0004557,PRD-0412,2026-06-19 08:00:00,1,0.0,4
ORD-0004558,PRD-0152,2026-07-15 01:00:00,4,0.0,3
ORD-0004559,PRD-0072,2026-04-10 22:00:00,3,0.0,5
ORD-0004560,PRD-0363,2026-01-06 22:00:00,1,0.2,5
ORD-0004561,PRD-0137,2026-07-30 22:00:00,1,0.1,5
ORD-0004562,PRD-0175,2026-04-29 19:00:00,2,0.05,3
ORD-0004563,PRD-0289,2026-05-25 13:00:00,4,0.05,4
ORD-0004564,PRD-0446,2026-06-03 23:00:00,3,0.0,5
ORD-0004565,PRD-0481,2026-01-30 21:00:00,1,0.2,5
ORD-0004566,PRD-0019,2026-01-27 18:00:00,4,0.0,3
ORD-0004567,PRD-0195,2026-05-24 08:00:00,3,0.05,3
ORD-0004568,PRD-0330,2026-04-17 04:00:00,1,0.0,5
ORD-0004569,PRD-0424,2026-06-03 21:00:00,4,0.2,5
ORD-0004570,PRD-0175,2026-01-16 09:00:00,2,0.1,5
ORD-0004571,PRD-0490,2026-06-02 02:00:00,1,0.2,4
ORD-0004572,PRD-0449,2026-08-05 21:00:00,4,0.0,5
ORD-0004573,PRD-0413,2026-02-02 18:00:00,3,0.0,5
ORD-0004574,PRD-0434,2026-08-21 11:00:00,3,0.0,4
ORD-0004575,PRD-0354,2026-02-09 13:00:00,2,0.05,5
ORD-0004576,PRD-0499,2026-08-15 20:00:00,1,0.05,3
ORD-0004577,PRD-0141,2026-01-22 17:00:00,2,0.0,3
ORD-0004578,PRD-0246,2026-05-03 15:00:00,4,0.0,5
ORD-0004579,PRD-0385,2026-01-15 18:00:00,3,0.0,5
ORD-0004580,PRD-0418,2026-07-30 02:00:00,2,0.1,5
ORD-0004581,PRD-0093,2026-04-08 07:00:00,1,0.0,3
ORD-0004582,PRD-0432,2026-03-03 18:00:00,4,0.05,4
ORD-0004583,PRD-0239,2026-03-10 15:00:00,1,0.0,5
ORD-0004584,PRD-0205,2026-05-07 21:00:00,2,0.0,4
ORD-0004585,PRD-0048,2026-07-12 23:00:00,3,0.2,5
ORD-0004586,PRD-0433,2026-08-14 10:00:00,3,0.0,4
ORD-0004587,PRD-0245,2026-04-03 07:00:00,2,0.0,5
ORD-0004588,PRD-0320,2026-07-30 05:00:00,1,0.0,5
ORD-0004589,PRD-0317,2026-07-16 12:00:00,1,0.0,1
ORD-0004590,PRD-0413,2026-01-18 19:00:00,1,0.05,5
ORD-0004591,PRD-0295,2026-08-31 13:00:00,1,0.0,3
ORD-0004592,PRD-0128,2026-04-16 17:00:00,3,0.05,4
ORD-0004593,PRD-0344,2026-01-23 16:00:00,1,0.0,4
ORD-0004594,PRD-0282,2026-04-26 04:00:00,2,0.1,5
ORD-0004595,PRD-0017,2026-07-24 23:00:00,2,0.1,4
ORD-0004596,PRD-0071,2026-06-06 21:00:00,2,0.2,5
ORD-0004597,PRD-0269,2026-08-01 10:00:00,2,0.2,3
ORD-0004598,PRD-0325,2026-01-28 10:00:00,1,0.0,1
ORD-0004599,PRD-0282,2026-04-28 19:00:00,3,0.0,5
ORD-0004600,PRD-0305,2026-03-27 18:00:00,4,0.05,5
ORD-0004601,PRD-0451,2026-05-19 15:00:00,1,0.0,5
ORD-0004602,PRD-0007,2026-01-31 10:00:00,4,0.0,5
ORD-0004603,PRD-0314,2026-03-18 08:00:00,3,0.0,5
ORD-0004604,PRD-0305,2026-01-18 00:00:00,1,0.0,4
ORD-0004605,PRD-0103,2026-06-24 03:00:00,4,0.0,1
ORD-0004606,PRD-0309,2026-05-16 07:00:00,3,0.0,5
ORD-0004607,PRD-0193,2026-07-20 02:00:00,4,0.0,5
ORD-0004608,PRD-0241,2026-08-19 23:00:00,2,0.05,5
ORD-0004609,PRD-0062,2026-01-06 13:00:00,2,0.0,5
ORD-0004610,PRD-0017,2026-07-23 11:00:00,3,0.2,4
ORD-0004611,PRD-0171,2026-07-26 15:00:00,3,0.0,3
ORD-0004612,PRD-0025,2026-01-28 18:00:00,4,0.05,5
ORD-0004613,PRD-0251,2026-01-12 12:00:00,3,0.0,4
ORD-0004614,PRD-0253,2026-05-18 19:00:00,2,0.0,4
ORD-0004615,PRD-0387,2026-02-06 17:00:00,2,0.0,4
ORD-0004616,PRD-0207,2026-03-27 20:00:00,1,0.0,4
ORD-0004617,PRD-0029,2026-03-28 18:00:00,4,0.1,5
ORD-0004618,PRD-0117,2026-02-21 13:00:00,3,0.05,1
ORD-0004619,PRD-0491,2026-04-13 04:00:00,3,0.0,5
ORD-0004620,PRD-0416,2026-01-07 14:00:00,3,0.0,5
ORD-0004621,PRD-0282,2026-08-06 21:00:00,4,0.0,4
ORD-0004622,PRD-0380,2026-04-19 04:00:00,2,0.0,3
ORD-0004623,PRD-0144,2026-06-08 23:00:00,3,0.0,2
ORD-0004624,PRD-0025,2026-07-02 06:00:00,3,0.2,5
ORD-0004625,PRD-0310,2026-04-16 06:00:00,2,0.0,4
ORD-0004626,PRD-0156,2026-01-05 14:00:00,3,0.05,4
ORD-0004627,PRD-0073,2026-01-23 13:00:00,1,0.05,4
ORD-0004628,PRD-0120,2026-02-17 10:00:00,2,0.1,5
ORD-0004629,PRD-0312,2026-05-17 19:00:00,2,0.0,5
ORD-0004630,PRD-0321,2026-05-31 10:00:00,2,0.05,5
ORD-0004631,PRD-0093,2026-07-05 15:00:00,1,0.1,5
ORD-0004632,PRD-0086,2026-05-29 05:00:00,2,0.0,4
ORD-0004633,PRD-0336,2026-04-11 19:00:00,4,0.0,5
ORD-0004634,PRD-0425,2026-08-11 06:00:00,4,0.2,3
ORD-0004635,PRD-0499,2026-03-15 04:00:00,4,0.05,5
ORD-0004636,PRD-0364,2026-05-09 14:00:00,2,0.0,5
ORD-0004637,PRD-0435,2026-07-30 10:00:00,2,0.0,4
ORD-0004638,PRD-0118,2026-04-07 02:00:00,2,0.0,4
ORD-0004639,PRD-0233,2026-02-10 15:00:00,1,0.0,5
ORD-0004640,PRD-0199,2026-07-28 16:00:00,4,0.0,3
ORD-0004641,PRD-0206,2026-08-07 15:00:00,3,0.0,4
ORD-0004642,PRD-0413,2026-01-31 02:00:00,3,0.05,5
ORD-0004643,PRD-0339,2026-04-18 02:00:00,2,0.05,5
ORD-0004644,PRD-0147,2026-08-30 23:00:00,1,0.1,5
ORD-0004645,PRD-0450,2026-01-14 12:00:00,2,0.0,5
ORD-0004646,PRD-0425,2026-03-05 17:00:00,3,0.1,4
ORD-0004647,PRD-0429,2026-08-24 05:00:00,4,0.0,4
ORD-0004648,PRD-0271,2026-08-04 09:00:00,3,0.0,5
ORD-0004649,PRD-0387,2026-03-23 01:00:00,4,0.2,5
ORD-0004650,PRD-0139,2026-08-26 15:00:00,4,0.0,2
ORD-0004651,PRD-0181,2026-07-06 22:00:00,1,0.0,4
ORD-0004652,PRD-0430,2026-04-12 06:00:00,3,0.0,4
ORD-0004653,PRD-0030,2026-06-21 07:00:00,2,0.0,5
ORD-0004654,PRD-0057,2026-05-27 06:00:00,1,0.05,4
ORD-0004655,PRD-0232,2026-02-05 05:00:00,4,0.2,5
ORD-0004656,PRD-0146,2026-07-26 20:00:00,3,0.05,5
ORD-0004657,PRD-0435,2026-01-24 15:00:00,2,0.1,5
ORD-0004658,PRD-0384,2026-06-03 16:00:00,1,0.05,5
ORD-0004659,PRD-0048,2026-04-01 19:00:00,2,0.1,4
ORD-0004660,PRD-0194,2026-03-26 03:00:00,3,0.0,2
ORD-0004661,PRD-0224,2026-05-19 07:00:00,2,0.2,5
ORD-0004662,PRD-0136,2026-04-07 16:00:00,1,0.0,4
ORD-0004663,PRD-0022,2026-03-10 14:00:00,2,0.2,4
ORD-0004664,PRD-0006,2026-06-16 19:00:00,3,0.0,5
ORD-0004665,PRD-0204,2026-06-12 21:00:00,1,0.05,4
ORD-0004666,PRD-0239,2026-05-23 12:00:00,4,0.05,5
ORD-0004667,PRD-0185,2026-04-16 11:00:00,1,0.2,4
ORD-0004668,PRD-0360,2026-01-15 20:00:00,3,0.05,3
ORD-0004669,PRD-0292,2026-08-28 16:00:00,2,0.0,4
ORD-0004670,PRD-0335,2026-05-09 09:00:00,4,0.0,5
ORD-0004671,PRD-0220,2026-04-06 00:00:00,4,0.0,5
ORD-0004672,PRD-0116,2026-06-22 03:00:00,2,0.0,4
ORD-0004673,PRD-0313,2026-04-13 12:00:00,3,0.0,4
ORD-0004674,PRD-0049,2026-08-02 11:00:00,1,0.0,5
ORD-0004675,PRD-0173,2026-04-27 03:00:00,3,0.0,3
ORD-0004676,PRD-0082,2026-06-25 09:00:00,4,0.2,4
ORD-0004677,PRD-0322,2026-02-19 21:00:00,1,0.2,4
ORD-0004678,PRD-0333,2026-02-23 06:00:00,1,0.0,5
ORD-0004679,PRD-0045,2026-01-20 09:00:00,2,0.0,4
ORD-0004680,PRD-0335,2026-06-16 16:00:00,3,0.0,2
ORD-0004681,PRD-0020,2026-05-20 12:00:00,1,0.0,5
ORD-0004682,PRD-0448,2026-03-03 23:00:00,2,0.0,2
ORD-0004683,PRD-0221,2026-07-25 22:00:00,3,0.0,5
ORD-0004684,PRD-0123,2026-07-11 13:00:00,4,0.0,5
ORD-0004685,PRD-0234,2026-07-09 00:00:00,4,0.0,4
ORD-0004686,PRD-0221,2026-01-14 13:00:00,3,0.0,2
ORD-0004687,PRD-0323,2026-03-15 13:00:00,1,0.0,5
ORD-0004688,PRD-0339,2026-06-23 10:00:00,1,0.05,4
ORD-0004689,PRD-0003,2026-01-13 15:00:00,4,0.1,4
ORD-0004690,PRD-0182,2026-07-31 03:00:00,4,0.0,5
ORD-0004691,PRD-0206,2026-07-10 19:00:00,1,0.0,5
ORD-0004692,PRD-0320,2026-07-29 08:00:00,3,0.0,1
ORD-0004693,PRD-0040,2026-03-02 00:00:00,4,0.0,3
ORD-0004694,PRD-0059,2026-01-07 04:00:00,1,0.0,4
ORD-0004695,PRD-0439,2026-05-07 10:00:00,3,0.0,5
ORD-0004696,PRD-0062,2026-04-20 15:00:00,2,0.0,5
ORD-0004697,PRD-0132,2026-08-06 12:00:00,3,0.0,5
ORD-0004698,PRD-0060,2026-01-04 23:00:00,1,0.05,5
ORD-0004699,PRD-0372,2026-05-24 23:00:00,3,0.0,5
ORD-0004700,PRD-0331,2026-07-02 09:00:00,1,0.0,4
ORD-0004701,PRD-0122,2026-04-09 17:00:00,4,0.0,4
ORD-0004702,PRD-0479,2026-05-25 11:00:00,2,0.0,5
ORD-0004703,PRD-0107,2026-01-23 00:00:00,4,0.1,4
ORD-0004704,PRD-0096,2026-04-07 06:00:00,4,0.05,4
ORD-0004705,PRD-0347,2026-08-28 02:00:00,1,0.0,3
ORD-0004706,PRD-0414,2026-07-14 19:00:00,1,0.05,5
ORD-0004707,PRD-0235,2026-03-11 07:00:00,1,0.05,4
ORD-0004708,PRD-0386,2026-05-21 04:00:00,1,0.0,4
ORD-0004709,PRD-0062,2026-04-08 13:00:00,4,0.0,5
ORD-0004710,PRD-0256,2026-08-27 15:00:00,1,0.1,4
ORD-0004711,PRD-0049,2026-07-24 09:00:00,1,0.0,5
ORD-0004712,PRD-0393,2026-01-29 20:00:00,4,0.0,4
ORD-0004713,PRD-0348,2026-06-30 10:00:00,2,0.0,5
ORD-0004714,PRD-0159,2026-02-09 15:00:00,2,0.05,4
ORD-0004715,PRD-0124,2026-02-26 16:00:00,3,0.2,5
ORD-0004716,PRD-0482,2026-08-02 15:00:00,4,0.1,5
ORD-0004717,PRD-0317,2026-08-20 18:00:00,1,0.05,5
ORD-0004718,PRD-0207,2026-01-23 10:00:00,3,0.2,5
ORD-0004719,PRD-0048,2026-02-04 03:00:00,2,0.05,3
ORD-0004720,PRD-0409,2026-08-29 17:00:00,2,0.05,5
ORD-0004721,PRD-0420,2026-05-12 18:00:00,4,0.2,5
ORD-0004722,PRD-0136,2026-06-13 13:00:00,1,0.0,5
ORD-0004723,PRD-0201,2026-01-12 07:00:00,1,0.05,5
ORD-0004724,PRD-0250,2026-02-12 20:00:00,3,0.05,4
ORD-0004725,PRD-0314,2026-06-02 17:00:00,2,0.2,5
ORD-0004726,PRD-0357,2026-02-21 18:00:00,3,0.1,2
ORD-0004727,PRD-0368,2026-02-17 13:00:00,3,0.1,5
ORD-0004728,PRD-0429,2026-01-25 16:00:00,3,0.2,4
ORD-0004729,PRD-0318,2026-03-08 21:00:00,1,0.0,3
ORD-0004730,PRD-0295,2026-06-25 10:00:00,2,0.0,5
ORD-0004731,PRD-0480,2026-05-21 17:00:00,3,0.0,5
ORD-0004732,PRD-0314,2026-08-29 13:00:00,2,0.0,5
ORD-0004733,PRD-0500,2026-08-19 21:00:00,2,0.0,5
ORD-0004734,PRD-0209,2026-06-19 15:00:00,3,0.0,5
ORD-0004735,PRD-0355,2026-06-29 06:00:00,3,0.0,5
ORD-0004736,PRD-0485,2026-06-03 22:00:00,4,0.2,3
ORD-0004737,PRD-0211,2026-04-08 22:00:00,1,0.0,5
ORD-0004738,PRD-0192,2026-06-25 07:00:00,2,0.1,5
ORD-0004739,PRD-0044,2026-03-02 00:00:00,3,0.2,5
ORD-0004740,PRD-0029,2026-06-01 02:00:00,3,0.0,5
ORD-0004741,PRD-0059,2026-03-20 10:00:00,2,0.0,5
ORD-0004742,PRD-0071,2026-06-04 15:00:00,3,0.05,4
ORD-0004743,PRD-0092,2026-01-08 16:00:00,4,0.05,5
ORD-0004744,PRD-0265,2026-07-28 04:00:00,2,0.0,4
ORD-0004745,PRD-0383,2026-01-10 04:00:00,3,0.0,5
ORD-0004746,PRD-0220,2026-08-20 19:00:00,2,0.0,4
ORD-0004747,PRD-0390,2026-05-13 20:00:00,3,0.0,5
ORD-0004748,PRD-0413,2026-02-15 13:00:00,3,0.0,5
ORD-0004749,PRD-0442,2026-05-03 17:00:00,1,0.0,5
ORD-0004750,PRD-0401,2026-04-14 02:00:00,2,0.05,5
ORD-0004751,PRD-0400,2026-04-19 23:00:00,1,0.2,4
ORD-0004752,PRD-0215,2026-03-25 20:00:00,3,0.05,5
ORD-0004753,PRD-0479,2026-04-14 18:00:00,2,0.2,5
ORD-0004754,PRD-0387,2026-01-26 00:00:00,2,0.05,1
ORD-0004755,PRD-0277,2026-02-18 08:00:00,4,0.05,3
ORD-0004756,PRD-0064,2026-07-11 15:00:00,4,0.0,3
ORD-0004757,PRD-0346,2026-06-29 17:00:00,3,0.0,5
ORD-0004758,PRD-0292,2026-04-24 23:00:00,3,0.1,5
ORD-0004759,PRD-0490,2026-04-03 10:00:00,3,0.2,5
ORD-0004760,PRD-0485,2026-08-22 02:00:00,3,0.0,5
ORD-0004761,PRD-0245,2026-07-16 03:00:00,4,0.0,4
ORD-0004762,PRD-0470,2026-02-18 00:00:00,2,0.05,5
ORD-0004763,PRD-0062,2026-01-03 08:00:00,1,0.0,3
ORD-0004764,PRD-0426,2026-02-20 04:00:00,2,0.0,4
ORD-0004765,PRD-0332,2026-06-30 21:00:00,2,0.1,4
ORD-0004766,PRD-0170,2026-01-06 23:00:00,4,0.0,4
ORD-0004767,PRD-0445,2026-01-16 07:00:00,2,0.05,4
ORD-0004768,PRD-0269,2026-03-03 18:00:00,2,0.2,2
ORD-0004769,PRD-0267,2026-01-26 15:00:00,3,0.0,3
ORD-0004770,PRD-0054,2026-06-01 14:00:00,1,0.0,4
ORD-0004771,PRD-0016,2026-05-19 16:00:00,2,0.0,5
ORD-0004772,PRD-0008,2026-05-15 11:00:00,2,0.0,3
ORD-0004773,PRD-0104,2026-03-08 04:00:00,1,0.05,4
ORD-0004774,PRD-0059,2026-04-14 17:00:00,3,0.0,2
ORD-0004775,PRD-0313,2026-05-06 03:00:00,4,0.0,5
ORD-0004776,PRD-0040,2026-01-30 02:00:00,4,0.0,5
ORD-0004777,PRD-0237,2026-07-27 03:00:00,2,0.0,5
ORD-0004778,PRD-0443,2026-08-29 21:00:00,3,0.0,5
ORD-0004779,PRD-0386,2026-04-28 15:00:00,4,0.05,4
ORD-0004780,PRD-0094,2026-02-09 08:00:00,4,0.0,3
ORD-0004781,PRD-0222,2026-06-11 17:00:00,4,0.0,3
ORD-0004782,PRD-0204,2026-02-08 10:00:00,4,0.0,5
ORD-0004783,PRD-0138,2026-03-14 18:00:00,4,0.2,5
ORD-0004784,PRD-0300,2026-06-21 16:00:00,2,0.0,1
ORD-0004785,PRD-0395,2026-04-29 21:00:00,4,0.05,3
ORD-0004786,PRD-0207,2026-08-29 23:00:00,2,0.0,4
ORD-0004787,PRD-0336,2026-03-06 23:00:00,1,0.05,4
ORD-0004788,PRD-0081,2026-02-15 03:00:00,1,0.0,5
ORD-0004789,PRD-0218,2026-05-28 10:00:00,3,0.2,5
ORD-0004790,PRD-0002,2026-01-19 01:00:00,2,0.05,5
ORD-0004791,PRD-0178,2026-05-02 22:00:00,3,0.1,4
ORD-0004792,PRD-0396,2026-02-15 09:00:00,1,0.0,4
ORD-0004793,PRD-0371,2026-05-04 05:00:00,1,0.05,5
ORD-0004794,PRD-0346,2026-04-19 20:00:00,1,0.05,5
ORD-0004795,PRD-0279,2026-06-24 15:00:00,1,0.0,4
ORD-0004796,PRD-0146,2026-06-06 15:00:00,4,0.0,5
ORD-0004797,PRD-0318,2026-06-27 15:00:00,1,0.05,5
ORD-0004798,PRD-0224,2026-03-29 01:00:00,4,0.0,3
ORD-0004799,PRD-0369,2026-03-21 06:00:00,4,0.05,5
ORD-0004800,PRD-0384,2026-04-17 23:00:00,3,0.0,4
ORD-0004801,PRD-0062,2026-03-25 06:00:00,4,0.0,5
ORD-0004802,PRD-0294,2026-05-10 18:00:00,3,0.05,1
ORD-0004803,PRD-0239,2026-05-05 18:00:00,4,0.0,5
ORD-0004804,PRD-0195,2026-08-06 21:00:00,4,0.2,3
ORD-0004805,PRD-0166,2026-03-25 18:00:00,1,0.1,2
ORD-0004806,PRD-0451,2026-07-21 20:00:00,2,0.05,5
ORD-0004807,PRD-0222,2026-03-20 19:00:00,4,0.1,5
ORD-0004808,PRD-0061,2026-02-04 14:00:00,2,0.1,5
ORD-0004809,PRD-0129,2026-01-03 00:00:00,2,0.0,5
ORD-0004810,PRD-0478,2026-06-25 10:00:00,2,0.1,5
ORD-0004811,PRD-0173,2026-02-19 02:00:00,4,0.0,5
ORD-0004812,PRD-0480,2026-08-29 08:00:00,2,0.0,4
ORD-0004813,PRD-0156,2026-05-07 09:00:00,4,0.0,1
ORD-0004814,PRD-0405,2026-01-03 22:00:00,1,0.05,4
ORD-0004815,PRD-0378,2026-08-16 07:00:00,4,0.0,4
ORD-0004816,PRD-0110,2026-01-03 18:00:00,3,0.0,4
ORD-0004817,PRD-0269,2026-08-22 20:00:00,1,0.05,5
ORD-0004818,PRD-0411,2026-08-29 09:00:00,2,0.0,5
ORD-0004819,PRD-0356,2026-03-16 01:00:00,2,0.05,5
ORD-0004820,PRD-0391,2026-07-30 22:00:00,3,0.05,5
ORD-0004821,PRD-0278,2026-04-03 20:00:00,1,0.0,4
ORD-0004822,PRD-0074,2026-03-16 13:00:00,3,0.0,4
ORD-0004823,PRD-0487,2026-01-26 12:00:00,2,0.05,5
ORD-0004824,PRD-0437,2026-03-20 14:00:00,4,0.0,5
ORD-0004825,PRD-0463,2026-03-09 14:00:00,2,0.0,4
ORD-0004826,PRD-0207,2026-01-30 00:00:00,3,0.0,5
ORD-0004827,PRD-0388,2026-02-21 13:00:00,4,0.0,3
ORD-0004828,PRD-0480,2026-04-11 06:00:00,4,0.0,4
ORD-0004829,PRD-0279,2026-01-11 08:00:00,2,0.0,4
ORD-0004830,PRD-0375,2026-01-27 13:00:00,4,0.05,4
ORD-0004831,PRD-0326,2026-02-09 13:00:00,1,0.0,5
ORD-0004832,PRD-0472,2026-03-21 08:00:00,2,0.1,2
ORD-0004833,PRD-0340,2026-05-30 11:00:00,2,0.0,5
ORD-0004834,PRD-0357,2026-02-16 07:00:00,1,0.0,1
ORD-0004835,PRD-0340,2026-01-08 07:00:00,2,0.05,5
ORD-0004836,PRD-0204,2026-01-31 02:00:00,3,0.05,5
ORD-0004837,PRD-0161,2026-06-10 02:00:00,3,0.05,5
ORD-0004838,PRD-0028,2026-06-03 02:00:00,2,0.05,3
ORD-0004839,PRD-0392,2026-07-22 18:00:00,1,0.05,5
ORD-0004840,PRD-0257,2026-03-23 03:00:00,4,0.0,5
ORD-0004841,PRD-0165,2026-01-30 06:00:00,1,0.05,3
ORD-0004842,PRD-0063,2026-03-30 16:00:00,3,0.05,3
ORD-0004843,PRD-0022,2026-02-08 14:00:00,2,0.2,4
ORD-0004844,PRD-0070,2026-06-26 09:00:00,1,0.05,3
ORD-0004845,PRD-0381,2026-05-27 00:00:00,4,0.05,3
ORD-0004846,PRD-0405,2026-04-15 21:00:00,4,0.0,5
ORD-0004847,PRD-0096,2026-04-10 21:00:00,4,0.1,4
ORD-0004848,PRD-0163,2026-02-17 21:00:00,4,0.2,5
ORD-0004849,PRD-0079,2026-05-21 20:00:00,1,0.05,5
ORD-0004850,PRD-0005,2026-03-20 06:00:00,4,0.05,5
ORD-0004851,PRD-0316,2026-02-22 05:00:00,3,0.0,3
ORD-0004852,PRD-0120,2026-03-03 19:00:00,4,0.05,5
ORD-0004853,PRD-0302,2026-08-16 16:00:00,3,0.05,4
ORD-0004854,PRD-0178,2026-01-13 21:00:00,1,0.05,4
ORD-0004855,PRD-0176,2026-08-03 03:00:00,3,0.0,4
ORD-0004856,PRD-0390,2026-06-14 16:00:00,1,0.05,5
ORD-0004857,PRD-0217,2026-05-08 01:00:00,4,0.0,5
ORD-0004858,PRD-0056,2026-08-29 06:00:00,2,0.05,3
ORD-0004859,PRD-0366,2026-03-07 04:00:00,3,0.0,4
ORD-0004860,PRD-0187,2026-08-25 15:00:00,3,0.05,4
ORD-0004861,PRD-0232,2026-03-04 12:00:00,2,0.0,5
ORD-0004862,PRD-0255,2026-07-22 17:00:00,1,0.0,5
ORD-0004863,PRD-0413,2026-01-01 15:00:00,1,0.05,4
ORD-0004864,PRD-0455,2026-01-26 05:00:00,4,0.0,4
ORD-0004865,PRD-0104,2026-02-27 13:00:00,3,0.05,5
ORD-0004866,PRD-0077,2026-07-24 12:00:00,1,0.2,4
ORD-0004867,PRD-0230,2026-05-21 23:00:00,4,0.2,4
ORD-0004868,PRD-0402,2026-02-07 06:00:00,1,0.0,5
ORD-0004869,PRD-0258,2026-03-07 07:00:00,2,0.1,4
ORD-0004870,PRD-0264,2026-01-18 05:00:00,2,0.0,5
ORD-0004871,PRD-0331,2026-06-21 16:00:00,2,0.2,4
ORD-0004872,PRD-0481,2026-03-25 12:00:00,4,0.05,5
ORD-0004873,PRD-0182,2026-01-14 03:00:00,3,0.0,5
ORD-0004874,PRD-0381,2026-07-14 10:00:00,2,0.0,5
ORD-0004875,PRD-0256,2026-07-20 20:00:00,2,0.0,5
ORD-0004876,PRD-0038,2026-05-08 07:00:00,1,0.05,4
ORD-0004877,PRD-0176,2026-03-19 01:00:00,2,0.0,3
ORD-0004878,PRD-0027,2026-08-13 19:00:00,3,0.05,3
ORD-0004879,PRD-0276,2026-03-23 09:00:00,4,0.05,4
ORD-0004880,PRD-0140,2026-01-17 04:00:00,2,0.2,2
ORD-0004881,PRD-0299,2026-04-26 09:00:00,4,0.2,5
ORD-0004882,PRD-0445,2026-07-09 03:00:00,4,0.0,4
ORD-0004883,PRD-0287,2026-05-07 22:00:00,3,0.05,2
ORD-0004884,PRD-0091,2026-07-31 02:00:00,1,0.1,5
ORD-0004885,PRD-0480,2026-04-11 15:00:00,1,0.1,5
ORD-0004886,PRD-0061,2026-04-10 13:00:00,4,0.0,4
ORD-0004887,PRD-0458,2026-01-13 15:00:00,2,0.0,4
ORD-0004888,PRD-0451,2026-02-01 19:00:00,4,0.0,3
ORD-0004889,PRD-0365,2026-03-24 05:00:00,1,0.0,4
ORD-0004890,PRD-0347,2026-02-03 23:00:00,2,0.0,5
ORD-0004891,PRD-0163,2026-02-06 13:00:00,1,0.0,3
ORD-0004892,PRD-0351,2026-07-19 22:00:00,3,0.05,5
ORD-0004893,PRD-0143,2026-07-29 23:00:00,1,0.0,5
ORD-0004894,PRD-0400,2026-04-07 22:00:00,2,0.05,5
ORD-0004895,PRD-0253,2026-04-12 05:00:00,2,0.0,4
ORD-0004896,PRD-0269,2026-03-27 20:00:00,4,0.1,5
ORD-0004897,PRD-0369,2026-07-03 06:00:00,2,0.2,5
ORD-0004898,PRD-0291,2026-03-07 19:00:00,3,0.05,5
ORD-0004899,PRD-0500,2026-06-27 07:00:00,1,0.1,5
ORD-0004900,PRD-0459,2026-04-02 17:00:00,4,0.0,5
ORD-0004901,PRD-0187,2026-05-30 21:00:00,4,0.05,5
ORD-0004902,PRD-0405,2026-02-20 03:00:00,2,0.0,5
ORD-0004903,PRD-0499,2026-04-12 00:00:00,3,0.0,5
ORD-0004904,PRD-0438,2026-06-11 11:00:00,4,0.0,5
ORD-0004905,PRD-0459,2026-04-28 15:00:00,3,0.0,5
ORD-0004906,PRD-0414,2026-08-09 07:00:00,3,0.0,5
ORD-0004907,PRD-0304,2026-05-17 21:00:00,1,0.05,5
ORD-0004908,PRD-0291,2026-08-08 13:00:00,1,0.0,1
ORD-0004909,PRD-0086,2026-03-27 23:00:00,1,0.1,5
ORD-0004910,PRD-0166,2026-08-06 02:00:00,3,0.05,5
ORD-0004911,PRD-0415,2026-08-07 07:00:00,1,0.0,5
ORD-0004912,PRD-0462,2026-03-24 11:00:00,4,0.0,5
ORD-0004913,PRD-0408,2026-07-01 04:00:00,4,0.1,1
ORD-0004914,PRD-0114,2026-05-11 11:00:00,2,0.0,4
ORD-0004915,PRD-0433,2026-08-19 08:00:00,3,0.0,5
ORD-0004916,PRD-0480,2026-05-09 20:00:00,1,0.05,5
ORD-0004917,PRD-0356,2026-07-21 02:00:00,4,0.0,4
ORD-0004918,PRD-0416,2026-06-02 16:00:00,3,0.0,5
ORD-0004919,PRD-0183,2026-04-08 08:00:00,3,0.0,5
ORD-0004920,PRD-0207,2026-05-31 14:00:00,1,0.0,5
ORD-0004921,PRD-0256,2026-01-21 17:00:00,3,0.0,5
ORD-0004922,PRD-0235,2026-06-09 01:00:00,1,0.0,1
ORD-0004923,PRD-0442,2026-08-19 04:00:00,1,0.0,5
ORD-0004924,PRD-0355,2026-07-13 11:00:00,1,0.0,5
ORD-0004925,PRD-0003,2026-07-30 16:00:00,3,0.2,5
ORD-0004926,PRD-0208,2026-01-06 11:00:00,3,0.0,5
ORD-0004927,PRD-0197,2026-08-15 19:00:00,1,0.05,4
ORD-0004928,PRD-0341,2026-02-05 17:00:00,3,0.0,5
ORD-0004929,PRD-0125,2026-08-07 19:00:00,1,0.0,5
ORD-0004930,PRD-0138,2026-01-22 16:00:00,2,0.1,5
ORD-0004931,PRD-0339,2026-01-02 05:00:00,3,0.05,5
ORD-0004932,PRD-0025,2026-05-22 12:00:00,3,0.0,5
ORD-0004933,PRD-0068,2026-07-11 20:00:00,2,0.0,5
ORD-0004934,PRD-0061,2026-02-22 12:00:00,2,0.0,5
ORD-0004935,PRD-0029,2026-03-06 22:00:00,2,0.1,5
ORD-0004936,PRD-0383,2026-01-01 15:00:00,1,0.0,4
ORD-0004937,PRD-0019,2026-05-31 05:00:00,1,0.0,4
ORD-0004938,PRD-0171,2026-08-01 04:00:00,4,0.05,5
ORD-0004939,PRD-0450,2026-03-08 23:00:00,2,0.2,5
ORD-0004940,PRD-0074,2026-05-27 13:00:00,4,0.1,4
ORD-0004941,PRD-0061,2026-03-26 00:00:00,1,0.0,5
ORD-0004942,PRD-0427,2026-05-29 22:00:00,3,0.05,5
ORD-0004943,PRD-0153,2026-08-11 21:00:00,2,0.05,5
ORD-0004944,PRD-0276,2026-03-14 15:00:00,3,0.05,4
ORD-0004945,PRD-0048,2026-06-07 23:00:00,1,0.1,2
ORD-0004946,PRD-0211,2026-06-01 10:00:00,2,0.2,5
ORD-0004947,PRD-0343,2026-02-15 08:00:00,4,0.0,4
ORD-0004948,PRD-0408,2026-02-26 17:00:00,4,0.0,5
ORD-0004949,PRD-0139,2026-05-21 12:00:00,1,0.05,5
ORD-0004950,PRD-0110,2026-07-06 09:00:00,3,0.0,5
ORD-0004951,PRD-0482,2026-08-09 14:00:00,1,0.0,5
ORD-0004952,PRD-0183,2026-01-20 19:00:00,3,0.0,3
ORD-0004953,PRD-0028,2026-02-23 17:00:00,1,0.1,4
ORD-0004954,PRD-0197,2026-01-14 16:00:00,4,0.0,5
ORD-0004955,PRD-0191,2026-06-18 12:00:00,3,0.05,5
ORD-0004956,PRD-0315,2026-03-18 15:00:00,1,0.0,4
ORD-0004957,PRD-0389,2026-02-19 10:00:00,2,0.0,4
ORD-0004958,PRD-0051,2026-07-08 21:00:00,4,0.0,2
ORD-0004959,PRD-0149,2026-05-23 06:00:00,4,0.0,5
ORD-0004960,PRD-0268,2026-08-17 14:00:00,2,0.1,4
ORD-0004961,PRD-0050,2026-05-28 08:00:00,1,0.1,3
ORD-0004962,PRD-0388,2026-03-15 21:00:00,3,0.05,5
ORD-0004963,PRD-0246,2026-08-10 14:00:00,4,0.0,4
ORD-0004964,PRD-0113,2026-08-23 03:00:00,1,0.0,5
ORD-0004965,PRD-0170,2026-03-27 23:00:00,2,0.0,4
ORD-0004966,PRD-0468,2026-03-18 20:00:00,3,0.0,5
ORD-0004967,PRD-0166,2026-08-14 15:00:00,1,0.0,4
ORD-0004968,PRD-0409,2026-07-26 19:00:00,1,0.05,4
ORD-0004969,PRD-0014,2026-04-17 14:00:00,4,0.0,5
ORD-0004970,PRD-0203,2026-07-31 15:00:00,4,0.0,4
ORD-0004971,PRD-0288,2026-02-22 14:00:00,3,0.2,5
ORD-0004972,PRD-0395,2026-08-14 20:00:00,1,0.0,4
ORD-0004973,PRD-0189,2026-05-18 03:00:00,2,0.2,3
ORD-0004974,PRD-0402,2026-02-12 10:00:00,2,0.2,5
ORD-0004975,PRD-0155,2026-03-16 13:00:00,3,0.0,5
ORD-0004976,PRD-0055,2026-05-27 20:00:00,1,0.0,4
ORD-0004977,PRD-0182,2026-05-27 00:00:00,4,0.05,5
ORD-0004978,PRD-0210,2026-02-03 14:00:00,1,0.0,5
ORD-0004979,PRD-0376,2026-08-18 09:00:00,4,0.0,4
ORD-0004980,PRD-0471,2026-04-22 02:00:00,2,0.05,5
ORD-0004981,PRD-0075,2026-08-14 14:00:00,3,0.0,4
ORD-0004982,PRD-0277,2026-08-07 05:00:00,3,0.0,4
ORD-0004983,PRD-0428,2026-01-17 20:00:00,3,0.05,4
ORD-0004984,PRD-0133,2026-01-25 17:00:00,4,0.05,5
ORD-0004985,PRD-0343,2026-06-14 13:00:00,2,0.0,4
ORD-0004986,PRD-0425,2026-06-21 03:00:00,2,0.0,5
ORD-0004987,PRD-0059,2026-05-17 16:00:00,3,0.0,4
ORD-0004988,PRD-0345,2026-04-03 04:00:00,3,0.0,4
ORD-0004989,PRD-0489,2026-08-14 13:00:00,4,0.05,5
ORD-0004990,PRD-0182,2026-03-06 06:00:00,4,0.05,5
ORD-0004991,PRD-0458,2026-01-26 13:00:00,1,0.05,4
ORD-0004992,PRD-0406,2026-02-06 04:00:00,4,0.0,4
ORD-0004993,PRD-0339,2026-02-03 19:00:00,1,0.0,5
ORD-0004994,PRD-0321,2026-03-17 22:00:00,3,0.0,3
ORD-0004995,PRD-0064,2026-07-22 14:00:00,2,0.0,5
ORD-0004996,PRD-0327,2026-06-24 01:00:00,4,0.0,5
ORD-0004997,PRD-0260,2026-03-14 16:00:00,2,0.0,5
ORD-0004998,PRD-0193,2026-04-05 00:00:00,4,0.0,5
ORD-0004999,PRD-0143,2026-06-18 10:00:00,4,0.05,5
ORD-0005000,PRD-0104,2026-06-02 19:00:00,1,0.05,4
ORD-0005001,PRD-0460,2026-01-22 17:00:00,4,0.0,4
ORD-0005002,PRD-0406,2026-08-14 23:00:00,3,0.0,4
ORD-0005003,PRD-0214,2026-08-01 01:00:00,2,0.1,1
ORD-0005004,PRD-0242,2026-03-05 13:00:00,4,0.2,5
ORD-0005005,PRD-0431,2026-03-03 05:00:00,2,0.0,2
ORD-0005006,PRD-0209,2026-04-22 11:00:00,2,0.05,5
ORD-0005007,PRD-0093,2026-03-05 01:00:00,2,0.1,5
ORD-0005008,PRD-0430,2026-07-23 04:00:00,4,0.0,5
ORD-0005009,PRD-0142,2026-03-02 11:00:00,1,0.0,5
ORD-0005010,PRD-0434,2026-07-13 22:00:00,2,0.0,5
ORD-0005011,PRD-0404,2026-05-23 22:00:00,2,0.0,4
ORD-0005012,PRD-0434,2026-05-06 07:00:00,4,0.0,5
ORD-0005013,PRD-0112,2026-05-11 04:00:00,4,0.2,4
ORD-0005014,PRD-0417,2026-03-15 01:00:00,3,0.05,5
ORD-0005015,PRD-0375,2026-07-26 11:00:00,3,0.0,3
ORD-0005016,PRD-0059,2026-03-09 04:00:00,1,0.0,4
ORD-0005017,PRD-0043,2026-05-17 11:00:00,1,0.05,4
ORD-0005018,PRD-0207,2026-01-24 03:00:00,1,0.0,5
ORD-0005019,PRD-0268,2026-06-27 03:00:00,1,0.0,5
ORD-0005020,PRD-0296,2026-03-27 09:00:00,2,0.2,4
ORD-0005021,PRD-0118,2026-08-17 04:00:00,4,0.0,3
ORD-0005022,PRD-0020,2026-02-04 08:00:00,3,0.0,4
ORD-0005023,PRD-0222,2026-08-26 00:00:00,2,0.0,4
ORD-0005024,PRD-0166,2026-04-29 17:00:00,4,0.0,5
ORD-0005025,PRD-0131,2026-05-07 06:00:00,4,0.0,4
ORD-0005026,PRD-0156,2026-02-15 01:00:00,2,0.0,5
ORD-0005027,PRD-0184,2026-05-19 13:00:00,2,0.05,4
ORD-0005028,PRD-0090,2026-08-09 19:00:00,3,0.0,5
ORD-0005029,PRD-0094,2026-01-21 12:00:00,1,0.0,4
ORD-0005030,PRD-0013,2026-07-18 12:00:00,1,0.0,5
ORD-0005031,PRD-0461,2026-01-04 02:00:00,3,0.0,5
ORD-0005032,PRD-0322,2026-05-05 15:00:00,3,0.1,4
ORD-0005033,PRD-0293,2026-05-21 00:00:00,1,0.0,4
ORD-0005034,PRD-0433,2026-01-16 10:00:00,2,0.05,4
ORD-0005035,PRD-0230,2026-07-15 02:00:00,1,0.0,3
ORD-0005036,PRD-0322,2026-01-14 16:00:00,4,0.0,4
ORD-0005037,PRD-0292,2026-07-15 05:00:00,4,0.05,4
ORD-0005038,PRD-0438,2026-03-16 14:00:00,3,0.0,3
ORD-0005039,PRD-0026,2026-02-02 08:00:00,1,0.05,4
ORD-0005040,PRD-0075,2026-03-26 06:00:00,1,0.0,4
ORD-0005041,PRD-0456,2026-07-14 18:00:00,4,0.0,3
ORD-0005042,PRD-0364,2026-06-29 20:00:00,1,0.05,3
ORD-0005043,PRD-0424,2026-02-19 11:00:00,3,0.05,5
ORD-0005044,PRD-0299,2026-03-04 15:00:00,3,0.05,5
ORD-0005045,PRD-0150,2026-05-18 03:00:00,4,0.05,5
ORD-0005046,PRD-0148,2026-08-30 19:00:00,1,0.2,2
ORD-0005047,PRD-0008,2026-05-19 13:00:00,1,0.0,3
ORD-0005048,PRD-0029,2026-01-08 19:00:00,4,0.0,2
ORD-0005049,PRD-0296,2026-02-20 14:00:00,2,0.0,5
ORD-0005050,PRD-0474,2026-05-17 22:00:00,2,0.0,5
ORD-0005051,PRD-0414,2026-05-24 14:00:00,1,0.0,4
ORD-0005052,PRD-0209,2026-02-16 05:00:00,3,0.1,5
ORD-0005053,PRD-0128,2026-04-16 01:00:00,2,0.0,5
ORD-0005054,PRD-0340,2026-07-25 19:00:00,1,0.05,5
ORD-0005055,PRD-0116,2026-06-11 15:00:00,2,0.0,3
ORD-0005056,PRD-0439,2026-01-23 02:00:00,4,0.0,2
ORD-0005057,PRD-0144,2026-02-14 14:00:00,2,0.2,4
ORD-0005058,PRD-0430,2026-05-11 16:00:00,2,0.0,1
ORD-0005059,PRD-0318,2026-02-10 02:00:00,4,0.0,5
ORD-0005060,PRD-0235,2026-08-08 09:00:00,3,0.0,4
ORD-0005061,PRD-0007,2026-02-28 13:00:00,1,0.05,5
ORD-0005062,PRD-0464,2026-05-11 17:00:00,3,0.0,4
ORD-0005063,PRD-0045,2026-01-22 12:00:00,3,0.0,4
ORD-0005064,PRD-0443,2026-05-12 20:00:00,2,0.05,3
ORD-0005065,PRD-0239,2026-03-04 03:00:00,1,0.0,4
ORD-0005066,PRD-0440,2026-08-06 05:00:00,2,0.05,5
ORD-0005067,PRD-0432,2026-06-03 17:00:00,4,0.0,5
ORD-0005068,PRD-0155,2026-06-26 04:00:00,3,0.0,5
ORD-0005069,PRD-0181,2026-07-03 17:00:00,3,0.05,5
ORD-0005070,PRD-0215,2026-01-25 14:00:00,4,0.1,1
ORD-0005071,PRD-0088,2026-03-06 07:00:00,1,0.05,5
ORD-0005072,PRD-0256,2026-05-08 08:00:00,3,0.05,1
ORD-0005073,PRD-0073,2026-04-02 22:00:00,3,0.0,5
ORD-0005074,PRD-0419,2026-05-20 03:00:00,1,0.0,5
ORD-0005075,PRD-0179,2026-04-23 20:00:00,2,0.0,3
ORD-0005076,PRD-0212,2026-06-17 21:00:00,4,0.1,4
ORD-0005077,PRD-0293,2026-08-27 10:00:00,1,0.1,5
ORD-0005078,PRD-0234,2026-02-01 03:00:00,4,0.2,4
ORD-0005079,PRD-0465,2026-08-22 01:00:00,4,0.0,4
ORD-0005080,PRD-0239,2026-02-03 08:00:00,3,0.0,3
ORD-0005081,PRD-0223,2026-03-04 09:00:00,1,0.05,5
ORD-0005082,PRD-0119,2026-02-27 11:00:00,4,0.05,2
ORD-0005083,PRD-0313,2026-01-29 07:00:00,2,0.05,5
ORD-0005084,PRD-0264,2026-06-07 02:00:00,4,0.05,5
ORD-0005085,PRD-0207,2026-05-20 06:00:00,3,0.0,5
ORD-0005086,PRD-0095,2026-02-07 08:00:00,2,0.0,3
ORD-0005087,PRD-0373,2026-03-06 10:00:00,2,0.0,5
ORD-0005088,PRD-0222,2026-05-11 06:00:00,1,0.0,2
ORD-0005089,PRD-0366,2026-01-29 11:00:00,2,0.0,5
ORD-0005090,PRD-0276,2026-02-23 23:00:00,1,0.0,5
ORD-0005091,PRD-0380,2026-08-29 21:00:00,1,0.0,5
ORD-0005092,PRD-0231,2026-02-27 17:00:00,2,0.05,5
ORD-0005093,PRD-0309,2026-02-09 06:00:00,1,0.1,5
ORD-0005094,PRD-0119,2026-05-17 16:00:00,1,0.1,4
ORD-0005095,PRD-0268,2026-08-14 05:00:00,2,0.0,5
ORD-0005096,PRD-0433,2026-02-13 01:00:00,3,0.0,1
ORD-0005097,PRD-0273,2026-04-27 02:00:00,4,0.0,4
ORD-0005098,PRD-0064,2026-04-04 01:00:00,1,0.2,4
ORD-0005099,PRD-0298,2026-06-01 21:00:00,1,0.0,5
ORD-0005100,PRD-0350,2026-03-09 12:00:00,2,0.0,4
ORD-0005101,PRD-0413,2026-05-28 07:00:00,4,0.1,5
ORD-0005102,PRD-0403,2026-05-14 13:00:00,4,0.0,5
ORD-0005103,PRD-0494,2026-05-01 02:00:00,1,0.1,5
ORD-0005104,PRD-0011,2026-07-24 08:00:00,2,0.0,5
ORD-0005105,PRD-0098,2026-01-08 02:00:00,3,0.0,4
ORD-0005106,PRD-0434,2026-03-06 17:00:00,4,0.0,5
ORD-0005107,PRD-0071,2026-06-12 09:00:00,3,0.1,5
ORD-0005108,PRD-0364,2026-03-08 11:00:00,2,0.1,5
ORD-0005109,PRD-0058,2026-03-09 15:00:00,3,0.0,1
ORD-0005110,PRD-0290,2026-06-21 18:00:00,2,0.0,4
ORD-0005111,PRD-0251,2026-08-01 21:00:00,1,0.0,5
ORD-0005112,PRD-0276,2026-02-15 11:00:00,3,0.2,4
ORD-0005113,PRD-0050,2026-04-29 05:00:00,1,0.05,4
ORD-0005114,PRD-0358,2026-01-17 23:00:00,1,0.05,3
ORD-0005115,PRD-0216,2026-08-06 20:00:00,2,0.0,3
ORD-0005116,PRD-0394,2026-06-23 17:00:00,3,0.0,4
ORD-0005117,PRD-0416,2026-01-29 07:00:00,4,0.0,5
ORD-0005118,PRD-0052,2026-08-17 15:00:00,3,0.05,5
ORD-0005119,PRD-0271,2026-07-26 00:00:00,4,0.1,4
ORD-0005120,PRD-0485,2026-07-26 21:00:00,1,0.0,4
ORD-0005121,PRD-0084,2026-01-10 20:00:00,1,0.0,5
ORD-0005122,PRD-0387,2026-04-26 14:00:00,2,0.0,4
ORD-0005123,PRD-0293,2026-05-24 05:00:00,4,0.0,5
ORD-0005124,PRD-0126,2026-05-20 21:00:00,3,0.2,4
ORD-0005125,PRD-0296,2026-04-30 21:00:00,2,0.0,4
ORD-0005126,PRD-0072,2026-07-28 09:00:00,2,0.1,5
ORD-0005127,PRD-0296,2026-04-11 23:00:00,2,0.05,5
ORD-0005128,PRD-0236,2026-07-16 10:00:00,3,0.05,5
ORD-0005129,PRD-0056,2026-05-12 03:00:00,2,0.2,4
ORD-0005130,PRD-0407,2026-02-13 00:00:00,3,0.05,3
ORD-0005131,PRD-0360,2026-04-29 22:00:00,2,0.1,5
ORD-0005132,PRD-0395,2026-05-03 12:00:00,4,0.0,5
ORD-0005133,PRD-0110,2026-06-04 05:00:00,1,0.05,1
ORD-0005134,PRD-0192,2026-08-14 09:00:00,4,0.05,5
ORD-0005135,PRD-0392,2026-06-19 14:00:00,4,0.0,5
ORD-0005136,PRD-0093,2026-05-11 12:00:00,2,0.05,5
ORD-0005137,PRD-0350,2026-05-25 04:00:00,4,0.05,1
ORD-0005138,PRD-0056,2026-07-25 22:00:00,4,0.1,5
ORD-0005139,PRD-0060,2026-03-22 03:00:00,4,0.0,3
ORD-0005140,PRD-0138,2026-01-27 09:00:00,2,0.05,5
ORD-0005141,PRD-0039,2026-08-02 01:00:00,3,0.0,1
ORD-0005142,PRD-0028,2026-06-20 23:00:00,1,0.05,5
ORD-0005143,PRD-0049,2026-02-28 00:00:00,1,0.0,1
ORD-0005144,PRD-0420,2026-08-04 04:00:00,3,0.0,4
ORD-0005145,PRD-0125,2026-05-24 14:00:00,3,0.0,4
ORD-0005146,PRD-0013,2026-08-28 02:00:00,4,0.0,3
ORD-0005147,PRD-0480,2026-05-10 02:00:00,1,0.0,4
ORD-0005148,PRD-0036,2026-08-10 08:00:00,3,0.0,4
ORD-0005149,PRD-0101,2026-07-26 00:00:00,4,0.05,5
ORD-0005150,PRD-0282,2026-08-17 04:00:00,1,0.1,5
ORD-0005151,PRD-0086,2026-01-03 13:00:00,2,0.0,5
ORD-0005152,PRD-0004,2026-08-04 21:00:00,2,0.0,4
ORD-0005153,PRD-0223,2026-04-13 21:00:00,1,0.0,4
ORD-0005154,PRD-0338,2026-03-17 17:00:00,1,0.05,3
ORD-0005155,PRD-0448,2026-01-27 08:00:00,2,0.0,5
ORD-0005156,PRD-0166,2026-07-23 15:00:00,2,0.0,4
ORD-0005157,PRD-0383,2026-04-19 06:00:00,1,0.0,5
ORD-0005158,PRD-0344,2026-05-24 19:00:00,4,0.0,4
ORD-0005159,PRD-0383,2026-02-24 04:00:00,3,0.0,5
ORD-0005160,PRD-0376,2026-04-21 13:00:00,3,0.0,3
ORD-0005161,PRD-0471,2026-03-02 14:00:00,1,0.05,1
ORD-0005162,PRD-0278,2026-02-17 10:00:00,3,0.05,5
ORD-0005163,PRD-0130,2026-08-30 23:00:00,2,0.0,5
ORD-0005164,PRD-0031,2026-05-14 00:00:00,2,0.05,5
ORD-0005165,PRD-0375,2026-07-12 12:00:00,3,0.0,2
ORD-0005166,PRD-0011,2026-07-28 02:00:00,1,0.2,5
ORD-0005167,PRD-0476,2026-04-03 02:00:00,2,0.0,5
ORD-0005168,PRD-0302,2026-07-23 10:00:00,4,0.05,1
ORD-0005169,PRD-0096,2026-06-06 15:00:00,4,0.05,3
ORD-0005170,PRD-0190,2026-05-07 05:00:00,2,0.0,5
ORD-0005171,PRD-0453,2026-02-26 16:00:00,2,0.2,5
ORD-0005172,PRD-0192,2026-04-12 02:00:00,3,0.0,5
ORD-0005173,PRD-0486,2026-06-27 20:00:00,1,0.05,5
ORD-0005174,PRD-0266,2026-08-01 07:00:00,3,0.0,2
ORD-0005175,PRD-0424,2026-01-03 15:00:00,1,0.0,5
ORD-0005176,PRD-0128,2026-02-26 01:00:00,4,0.0,5
ORD-0005177,PRD-0238,2026-02-10 14:00:00,4,0.0,5
ORD-0005178,PRD-0408,2026-06-23 09:00:00,1,0.0,5
ORD-0005179,PRD-0355,2026-06-01 04:00:00,3,0.0,5
ORD-0005180,PRD-0428,2026-03-09 14:00:00,2,0.05,4
ORD-0005181,PRD-0112,2026-01-20 01:00:00,1,0.0,1
ORD-0005182,PRD-0316,2026-08-26 10:00:00,3,0.0,4
ORD-0005183,PRD-0446,2026-05-19 18:00:00,4,0.05,5
ORD-0005184,PRD-0343,2026-03-14 12:00:00,2,0.0,4
ORD-0005185,PRD-0145,2026-08-20 01:00:00,4,0.0,5
ORD-0005186,PRD-0065,2026-05-07 02:00:00,1,0.0,4
ORD-0005187,PRD-0247,2026-03-23 10:00:00,4,0.0,1
ORD-0005188,PRD-0223,2026-01-12 15:00:00,4,0.0,5
ORD-0005189,PRD-0479,2026-04-10 15:00:00,1,0.2,5
ORD-0005190,PRD-0490,2026-02-13 08:00:00,2,0.0,4
ORD-0005191,PRD-0313,2026-02-10 01:00:00,1,0.0,5
ORD-0005192,PRD-0439,2026-06-10 05:00:00,3,0.0,4
ORD-0005193,PRD-0106,2026-02-20 17:00:00,1,0.0,3
ORD-0005194,PRD-0181,2026-05-15 04:00:00,1,0.0,2
ORD-0005195,PRD-0184,2026-01-16 14:00:00,2,0.0,5
ORD-0005196,PRD-0226,2026-06-22 02:00:00,3,0.0,4
ORD-0005197,PRD-0265,2026-02-28 00:00:00,4,0.0,5
ORD-0005198,PRD-0278,2026-03-28 12:00:00,4,0.1,5
ORD-0005199,PRD-0397,2026-02-02 06:00:00,4,0.0,4
ORD-0005200,PRD-0089,2026-06-29 20:00:00,4,0.0,4
ORD-0005201,PRD-0176,2026-05-23 16:00:00,2,0.05,3
ORD-0005202,PRD-0018,2026-03-30 11:00:00,3,0.0,5
ORD-0005203,PRD-0371,2026-07-11 05:00:00,2,0.05,5
ORD-0005204,PRD-0460,2026-08-30 23:00:00,1,0.05,5
ORD-0005205,PRD-0424,2026-05-30 17:00:00,3,0.0,4
ORD-0005206,PRD-0401,2026-01-12 15:00:00,3,0.0,4
ORD-0005207,PRD-0399,2026-07-21 17:00:00,4,0.2,2
ORD-0005208,PRD-0106,2026-04-28 03:00:00,4,0.05,4
ORD-0005209,PRD-0271,2026-04-08 14:00:00,4,0.2,4
ORD-0005210,PRD-0463,2026-03-03 10:00:00,4,0.0,5
ORD-0005211,PRD-0319,2026-03-19 09:00:00,1,0.0,5
ORD-0005212,PRD-0167,2026-08-23 21:00:00,4,0.2,5
ORD-0005213,PRD-0013,2026-08-05 08:00:00,2,0.0,4
ORD-0005214,PRD-0337,2026-05-01 09:00:00,3,0.2,3
ORD-0005215,PRD-0032,2026-02-14 03:00:00,1,0.0,4
ORD-0005216,PRD-0393,2026-03-22 02:00:00,1,0.2,4
ORD-0005217,PRD-0040,2026-06-08 07:00:00,3,0.0,5
ORD-0005218,PRD-0148,2026-07-11 08:00:00,3,0.0,4
ORD-0005219,PRD-0218,2026-04-14 01:00:00,3,0.1,5
ORD-0005220,PRD-0219,2026-06-22 11:00:00,1,0.0,5
ORD-0005221,PRD-0469,2026-03-19 03:00:00,2,0.0,4
ORD-0005222,PRD-0082,2026-05-28 13:00:00,2,0.0,5
ORD-0005223,PRD-0333,2026-07-09 13:00:00,3,0.05,5
ORD-0005224,PRD-0208,2026-01-25 18:00:00,1,0.2,3
ORD-0005225,PRD-0201,2026-08-16 04:00:00,4,0.0,5
ORD-0005226,PRD-0447,2026-01-22 02:00:00,1,0.0,3
ORD-0005227,PRD-0332,2026-07-23 17:00:00,3,0.0,5
ORD-0005228,PRD-0428,2026-01-01 20:00:00,1,0.05,4
ORD-0005229,PRD-0038,2026-02-28 07:00:00,1,0.0,4
ORD-0005230,PRD-0211,2026-05-14 09:00:00,1,0.0,4
ORD-0005231,PRD-0444,2026-04-13 13:00:00,4,0.0,5
ORD-0005232,PRD-0327,2026-08-05 06:00:00,3,0.0,3
ORD-0005233,PRD-0249,2026-08-19 03:00:00,3,0.1,2
ORD-0005234,PRD-0227,2026-08-25 17:00:00,3,0.0,4
ORD-0005235,PRD-0048,2026-06-03 06:00:00,2,0.0,2
ORD-0005236,PRD-0018,2026-08-18 20:00:00,2,0.0,5
ORD-0005237,PRD-0400,2026-01-15 00:00:00,3,0.05,5
ORD-0005238,PRD-0439,2026-03-11 11:00:00,1,0.0,5
ORD-0005239,PRD-0295,2026-05-30 00:00:00,1,0.0,5
ORD-0005240,PRD-0196,2026-02-07 21:00:00,3,0.0,5
ORD-0005241,PRD-0187,2026-01-12 11:00:00,4,0.05,5
ORD-0005242,PRD-0345,2026-02-07 03:00:00,4,0.0,5
ORD-0005243,PRD-0224,2026-01-01 12:00:00,1,0.0,3
ORD-0005244,PRD-0318,2026-08-02 10:00:00,1,0.0,4
ORD-0005245,PRD-0488,2026-06-19 01:00:00,2,0.0,5
ORD-0005246,PRD-0397,2026-05-07 01:00:00,4,0.2,5
ORD-0005247,PRD-0365,2026-02-10 13:00:00,1,0.0,5
ORD-0005248,PRD-0337,2026-06-27 22:00:00,1,0.2,1
ORD-0005249,PRD-0497,2026-06-15 10:00:00,3,0.0,5
ORD-0005250,PRD-0229,2026-02-28 16:00:00,2,0.0,5
ORD-0005251,PRD-0390,2026-08-27 09:00:00,4,0.0,3
ORD-0005252,PRD-0467,2026-03-22 23:00:00,4,0.2,1
ORD-0005253,PRD-0077,2026-04-06 08:00:00,2,0.0,4
ORD-0005254,PRD-0188,2026-01-23 18:00:00,1,0.1,5
ORD-0005255,PRD-0346,2026-02-20 18:00:00,4,0.0,5
ORD-0005256,PRD-0270,2026-03-01 04:00:00,4,0.0,5
ORD-0005257,PRD-0095,2026-03-02 14:00:00,4,0.1,4
ORD-0005258,PRD-0310,2026-05-21 17:00:00,3,0.2,5
ORD-0005259,PRD-0132,2026-04-26 12:00:00,2,0.0,4
ORD-0005260,PRD-0039,2026-08-19 09:00:00,4,0.05,4
ORD-0005261,PRD-0072,2026-06-20 18:00:00,2,0.0,3
ORD-0005262,PRD-0281,2026-04-25 02:00:00,1,0.0,5
ORD-0005263,PRD-0333,2026-06-06 03:00:00,2,0.0,4
ORD-0005264,PRD-0160,2026-03-18 18:00:00,3,0.0,3
ORD-0005265,PRD-0187,2026-02-01 02:00:00,3,0.0,1
ORD-0005266,PRD-0486,2026-04-28 08:00:00,2,0.0,4
ORD-0005267,PRD-0191,2026-02-06 07:00:00,3,0.2,5
ORD-0005268,PRD-0422,2026-01-21 14:00:00,4,0.05,5
ORD-0005269,PRD-0120,2026-08-18 14:00:00,3,0.0,5
ORD-0005270,PRD-0220,2026-05-24 12:00:00,1,0.2,5
ORD-0005271,PRD-0053,2026-07-16 19:00:00,2,0.0,5
ORD-0005272,PRD-0222,2026-02-14 19:00:00,2,0.0,5
ORD-0005273,PRD-0451,2026-06-16 10:00:00,1,0.05,4
ORD-0005274,PRD-0412,2026-06-26 13:00:00,1,0.0,5
ORD-0005275,PRD-0131,2026-08-21 15:00:00,1,0.05,2
ORD-0005276,PRD-0237,2026-01-02 21:00:00,1,0.0,5
ORD-0005277,PRD-0246,2026-05-08 08:00:00,4,0.0,5
ORD-0005278,PRD-0226,2026-03-27 17:00:00,3,0.0,3
ORD-0005279,PRD-0208,2026-01-28 15:00:00,3,0.2,4
ORD-0005280,PRD-0406,2026-07-14 12:00:00,4,0.05,4
ORD-0005281,PRD-0096,2026-03-26 13:00:00,1,0.05,2
ORD-0005282,PRD-0422,2026-08-24 09:00:00,2,0.0,5
ORD-0005283,PRD-0200,2026-08-27 05:00:00,2,0.0,5
ORD-0005284,PRD-0247,2026-04-23 08:00:00,2,0.05,5
ORD-0005285,PRD-0072,2026-07-28 16:00:00,1,0.0,5
ORD-0005286,PRD-0318,2026-01-27 15:00:00,4,0.0,1
ORD-0005287,PRD-0185,2026-04-21 23:00:00,4,0.05,3
ORD-0005288,PRD-0006,2026-04-25 09:00:00,4,0.0,5
ORD-0005289,PRD-0206,2026-07-28 12:00:00,3,0.0,5
ORD-0005290,PRD-0032,2026-07-26 20:00:00,3,0.1,5
ORD-0005291,PRD-0099,2026-08-02 13:00:00,3,0.05,4
ORD-0005292,PRD-0394,2026-07-26 04:00:00,3,0.05,5
ORD-0005293,PRD-0387,2026-07-03 10:00:00,2,0.0,5
ORD-0005294,PRD-0256,2026-04-19 03:00:00,2,0.0,5
ORD-0005295,PRD-0187,2026-05-23 19:00:00,4,0.05,5
ORD-0005296,PRD-0076,2026-01-17 10:00:00,3,0.05,5
ORD-0005297,PRD-0177,2026-05-30 21:00:00,4,0.0,1
ORD-0005298,PRD-0315,2026-07-21 20:00:00,1,0.2,5
ORD-0005299,PRD-0287,2026-04-08 04:00:00,3,0.2,2
ORD-0005300,PRD-0349,2026-01-14 17:00:00,3,0.0,4
ORD-0005301,PRD-0255,2026-03-29 09:00:00,4,0.1,5
ORD-0005302,PRD-0325,2026-02-02 04:00:00,4,0.0,4
ORD-0005303,PRD-0190,2026-03-10 13:00:00,1,0.0,2
ORD-0005304,PRD-0308,2026-03-14 04:00:00,4,0.0,4
ORD-0005305,PRD-0345,2026-07-06 09:00:00,3,0.0,5
ORD-0005306,PRD-0127,2026-03-16 11:00:00,2,0.2,2
ORD-0005307,PRD-0425,2026-03-09 15:00:00,1,0.05,4
ORD-0005308,PRD-0287,2026-02-11 15:00:00,1,0.05,4
ORD-0005309,PRD-0254,2026-03-19 00:00:00,3,0.0,5
ORD-0005310,PRD-0213,2026-03-07 01:00:00,2,0.0,3
ORD-0005311,PRD-0250,2026-02-02 05:00:00,4,0.0,5
ORD-0005312,PRD-0084,2026-08-04 19:00:00,4,0.0,4
ORD-0005313,PRD-0487,2026-03-17 03:00:00,2,0.0,5
ORD-0005314,PRD-0383,2026-02-15 18:00:00,2,0.0,4
ORD-0005315,PRD-0406,2026-03-27 10:00:00,3,0.0,5
ORD-0005316,PRD-0388,2026-03-08 14:00:00,4,0.0,5
ORD-0005317,PRD-0013,2026-02-01 03:00:00,3,0.0,2
ORD-0005318,PRD-0045,2026-08-20 23:00:00,4,0.0,5
ORD-0005319,PRD-0127,2026-06-15 13:00:00,4,0.1,5
ORD-0005320,PRD-0426,2026-04-07 18:00:00,2,0.0,2
ORD-0005321,PRD-0114,2026-03-06 17:00:00,3,0.0,5
ORD-0005322,PRD-0433,2026-03-09 07:00:00,2,0.1,5
ORD-0005323,PRD-0276,2026-06-06 10:00:00,3,0.2,1
ORD-0005324,PRD-0500,2026-08-22 12:00:00,4,0.05,4
ORD-0005325,PRD-0205,2026-07-04 08:00:00,1,0.0,5
ORD-0005326,PRD-0337,2026-04-06 22:00:00,1,0.0,5
ORD-0005327,PRD-0438,2026-08-18 10:00:00,3,0.2,5
ORD-0005328,PRD-0420,2026-06-25 21:00:00,3,0.1,5
ORD-0005329,PRD-0481,2026-07-22 14:00:00,2,0.0,1
ORD-0005330,PRD-0385,2026-06-02 07:00:00,4,0.0,2
ORD-0005331,PRD-0399,2026-08-25 05:00:00,1,0.0,5
ORD-0005332,PRD-0461,2026-05-22 11:00:00,2,0.0,5
ORD-0005333,PRD-0273,2026-08-10 19:00:00,3,0.05,3
ORD-0005334,PRD-0408,2026-08-09 11:00:00,4,0.0,5
ORD-0005335,PRD-0058,2026-01-10 00:00:00,2,0.2,5
ORD-0005336,PRD-0328,2026-05-19 04:00:00,2,0.0,5
ORD-0005337,PRD-0498,2026-02-26 15:00:00,3,0.05,4
ORD-0005338,PRD-0219,2026-06-07 06:00:00,4,0.0,4
ORD-0005339,PRD-0109,2026-08-14 17:00:00,1,0.0,5
ORD-0005340,PRD-0279,2026-07-25 07:00:00,2,0.0,5
ORD-0005341,PRD-0174,2026-06-28 05:00:00,3,0.05,4
ORD-0005342,PRD-0328,2026-07-04 13:00:00,2,0.0,5
ORD-0005343,PRD-0264,2026-07-11 22:00:00,3,0.0,3
ORD-0005344,PRD-0315,2026-07-06 14:00:00,3,0.1,3
ORD-0005345,PRD-0474,2026-03-21 00:00:00,3,0.0,3
ORD-0005346,PRD-0111,2026-07-04 11:00:00,4,0.2,2
ORD-0005347,PRD-0187,2026-08-09 04:00:00,1,0.2,5
ORD-0005348,PRD-0269,2026-08-12 09:00:00,4,0.2,5
ORD-0005349,PRD-0423,2026-02-07 11:00:00,1,0.0,4
ORD-0005350,PRD-0229,2026-01-27 17:00:00,3,0.0,5
ORD-0005351,PRD-0497,2026-08-11 18:00:00,1,0.2,5
ORD-0005352,PRD-0156,2026-07-17 01:00:00,4,0.0,3
ORD-0005353,PRD-0473,2026-06-01 03:00:00,2,0.0,5
ORD-0005354,PRD-0189,2026-01-09 03:00:00,4,0.05,5
ORD-0005355,PRD-0272,2026-03-20 21:00:00,4,0.0,5
ORD-0005356,PRD-0375,2026-05-17 11:00:00,4,0.05,5
ORD-0005357,PRD-0002,2026-06-18 18:00:00,4,0.1,3
ORD-0005358,PRD-0246,2026-07-09 17:00:00,4,0.05,4
ORD-0005359,PRD-0210,2026-07-25 05:00:00,1,0.0,5
ORD-0005360,PRD-0401,2026-04-07 00:00:00,1,0.0,5
ORD-0005361,PRD-0286,2026-05-31 00:00:00,2,0.0,4
ORD-0005362,PRD-0359,2026-05-20 07:00:00,4,0.0,1
ORD-0005363,PRD-0013,2026-03-27 16:00:00,4,0.0,5
ORD-0005364,PRD-0096,2026-04-28 00:00:00,2,0.0,4
ORD-0005365,PRD-0498,2026-02-21 00:00:00,2,0.0,4
ORD-0005366,PRD-0221,2026-02-06 22:00:00,3,0.0,4
ORD-0005367,PRD-0238,2026-01-17 08:00:00,2,0.1,4
ORD-0005368,PRD-0094,2026-03-11 19:00:00,2,0.0,4
ORD-0005369,PRD-0338,2026-05-13 22:00:00,2,0.0,5
ORD-0005370,PRD-0269,2026-04-12 22:00:00,3,0.05,2
ORD-0005371,PRD-0171,2026-06-12 17:00:00,1,0.05,5
ORD-0005372,PRD-0469,2026-05-20 02:00:00,3,0.0,5
ORD-0005373,PRD-0094,2026-05-30 15:00:00,1,0.05,5
ORD-0005374,PRD-0149,2026-06-06 22:00:00,2,0.0,5
ORD-0005375,PRD-0112,2026-04-16 07:00:00,3,0.0,5
ORD-0005376,PRD-0055,2026-04-01 21:00:00,3,0.2,4
ORD-0005377,PRD-0337,2026-06-06 20:00:00,1,0.2,1
ORD-0005378,PRD-0424,2026-07-28 19:00:00,3,0.0,2
ORD-0005379,PRD-0467,2026-07-29 14:00:00,3,0.05,4
ORD-0005380,PRD-0116,2026-01-15 18:00:00,4,0.1,5
ORD-0005381,PRD-0143,2026-04-20 15:00:00,1,0.2,5
ORD-0005382,PRD-0201,2026-03-05 09:00:00,3,0.0,4
ORD-0005383,PRD-0180,2026-04-22 08:00:00,3,0.0,5
ORD-0005384,PRD-0202,2026-05-13 10:00:00,2,0.0,5
ORD-0005385,PRD-0364,2026-04-08 09:00:00,4,0.0,3
ORD-0005386,PRD-0479,2026-01-27 04:00:00,4,0.0,5
ORD-0005387,PRD-0053,2026-04-22 15:00:00,2,0.05,5
ORD-0005388,PRD-0471,2026-08-08 10:00:00,2,0.1,4
ORD-0005389,PRD-0384,2026-07-04 06:00:00,2,0.1,5
ORD-0005390,PRD-0180,2026-03-01 22:00:00,2,0.0,5
ORD-0005391,PRD-0414,2026-03-01 05:00:00,4,0.0,4
ORD-0005392,PRD-0417,2026-02-16 22:00:00,3,0.0,5
ORD-0005393,PRD-0313,2026-04-22 19:00:00,3,0.0,5
ORD-0005394,PRD-0308,2026-03-16 04:00:00,2,0.2,3
ORD-0005395,PRD-0137,2026-03-05 19:00:00,1,0.0,5
ORD-0005396,PRD-0182,2026-03-21 18:00:00,2,0.05,5
ORD-0005397,PRD-0367,2026-02-21 08:00:00,3,0.0,5
ORD-0005398,PRD-0001,2026-03-23 12:00:00,1,0.0,5
ORD-0005399,PRD-0044,2026-01-17 08:00:00,2,0.05,5
ORD-0005400,PRD-0227,2026-02-04 09:00:00,1,0.0,4
ORD-0005401,PRD-0331,2026-05-04 11:00:00,2,0.0,5
ORD-0005402,PRD-0098,2026-04-10 19:00:00,4,0.0,5
ORD-0005403,PRD-0208,2026-06-22 17:00:00,3,0.05,4
ORD-0005404,PRD-0265,2026-08-17 20:00:00,2,0.2,5
ORD-0005405,PRD-0288,2026-08-03 10:00:00,1,0.1,5
ORD-0005406,PRD-0271,2026-07-23 23:00:00,3,0.2,3
ORD-0005407,PRD-0140,2026-03-16 16:00:00,2,0.1,5
ORD-0005408,PRD-0481,2026-05-08 16:00:00,2,0.1,5
ORD-0005409,PRD-0237,2026-02-26 19:00:00,2,0.0,5
ORD-0005410,PRD-0462,2026-04-08 20:00:00,2,0.0,3
ORD-0005411,PRD-0441,2026-05-28 23:00:00,4,0.0,5
ORD-0005412,PRD-0392,2026-06-01 04:00:00,3,0.1,5
ORD-0005413,PRD-0072,2026-05-20 00:00:00,4,0.0,5
ORD-0005414,PRD-0155,2026-03-07 05:00:00,3,0.0,5
ORD-0005415,PRD-0190,2026-06-02 19:00:00,2,0.2,5
ORD-0005416,PRD-0268,2026-04-03 05:00:00,3,0.0,4
ORD-0005417,PRD-0321,2026-06-20 16:00:00,1,0.2,5
ORD-0005418,PRD-0107,2026-02-12 11:00:00,3,0.05,3
ORD-0005419,PRD-0232,2026-02-23 12:00:00,1,0.0,3
ORD-0005420,PRD-0042,2026-01-03 14:00:00,1,0.05,3
ORD-0005421,PRD-0190,2026-04-16 10:00:00,4,0.1,5
ORD-0005422,PRD-0371,2026-05-22 08:00:00,3,0.0,3
ORD-0005423,PRD-0139,2026-05-17 08:00:00,2,0.05,3
ORD-0005424,PRD-0103,2026-04-05 13:00:00,3,0.1,4
ORD-0005425,PRD-0171,2026-06-26 23:00:00,4,0.0,5
ORD-0005426,PRD-0351,2026-01-27 19:00:00,1,0.0,5
ORD-0005427,PRD-0273,2026-07-16 17:00:00,1,0.0,4
ORD-0005428,PRD-0481,2026-01-10 00:00:00,4,0.0,5
ORD-0005429,PRD-0416,2026-01-09 03:00:00,4,0.0,3
ORD-0005430,PRD-0221,2026-06-11 00:00:00,3,0.05,4
ORD-0005431,PRD-0213,2026-05-17 09:00:00,1,0.0,3
ORD-0005432,PRD-0341,2026-08-01 22:00:00,4,0.1,4
ORD-0005433,PRD-0424,2026-04-23 06:00:00,3,0.0,5
ORD-0005434,PRD-0407,2026-05-14 20:00:00,3,0.0,4
ORD-0005435,PRD-0056,2026-04-25 19:00:00,2,0.05,5
ORD-0005436,PRD-0390,2026-03-05 09:00:00,1,0.1,5
ORD-0005437,PRD-0342,2026-08-25 10:00:00,3,0.0,3
ORD-0005438,PRD-0434,2026-02-15 00:00:00,4,0.0,1
ORD-0005439,PRD-0102,2026-08-23 07:00:00,1,0.1,5
ORD-0005440,PRD-0421,2026-01-31 01:00:00,4,0.0,3
ORD-0005441,PRD-0493,2026-08-26 15:00:00,4,0.0,4
ORD-0005442,PRD-0192,2026-03-07 02:00:00,3,0.0,4
ORD-0005443,PRD-0499,2026-01-27 15:00:00,3,0.05,5
ORD-0005444,PRD-0310,2026-06-27 12:00:00,2,0.0,5
ORD-0005445,PRD-0200,2026-06-29 14:00:00,4,0.0,1
ORD-0005446,PRD-0233,2026-08-05 06:00:00,3,0.0,1
ORD-0005447,PRD-0433,2026-06-07 19:00:00,2,0.2,3
ORD-0005448,PRD-0227,2026-06-05 16:00:00,1,0.0,4
ORD-0005449,PRD-0371,2026-01-04 17:00:00,2,0.0,4
ORD-0005450,PRD-0139,2026-05-02 17:00:00,2,0.0,5
ORD-0005451,PRD-0344,2026-02-22 03:00:00,4,0.0,4
ORD-0005452,PRD-0305,2026-02-15 22:00:00,1,0.05,4
ORD-0005453,PRD-0149,2026-07-15 23:00:00,4,0.05,4
ORD-0005454,PRD-0115,2026-01-15 12:00:00,4,0.05,1
ORD-0005455,PRD-0450,2026-06-13 01:00:00,2,0.1,5
ORD-0005456,PRD-0063,2026-06-18 20:00:00,2,0.2,3
ORD-0005457,PRD-0104,2026-05-03 13:00:00,3,0.0,4
ORD-0005458,PRD-0339,2026-01-11 05:00:00,2,0.2,3
ORD-0005459,PRD-0359,2026-01-12 07:00:00,3,0.0,4
ORD-0005460,PRD-0156,2026-03-26 14:00:00,4,0.05,5
ORD-0005461,PRD-0273,2026-07-07 10:00:00,2,0.0,3
ORD-0005462,PRD-0006,2026-05-13 19:00:00,1,0.1,4
ORD-0005463,PRD-0147,2026-05-27 02:00:00,1,0.0,1
ORD-0005464,PRD-0184,2026-03-03 01:00:00,4,0.05,5
ORD-0005465,PRD-0486,2026-02-19 19:00:00,4,0.2,5
ORD-0005466,PRD-0028,2026-05-09 15:00:00,2,0.05,5
ORD-0005467,PRD-0450,2026-05-06 08:00:00,3,0.05,4
ORD-0005468,PRD-0038,2026-06-09 07:00:00,2,0.0,5
ORD-0005469,PRD-0119,2026-08-04 15:00:00,3,0.0,4
ORD-0005470,PRD-0293,2026-03-09 06:00:00,2,0.2,5
ORD-0005471,PRD-0371,2026-02-16 22:00:00,1,0.05,5
ORD-0005472,PRD-0244,2026-07-02 11:00:00,1,0.0,5
ORD-0005473,PRD-0068,2026-01-22 12:00:00,3,0.0,3
ORD-0005474,PRD-0214,2026-04-22 01:00:00,2,0.0,4
ORD-0005475,PRD-0218,2026-02-24 05:00:00,4,0.0,2
ORD-0005476,PRD-0177,2026-01-26 11:00:00,3,0.0,4
ORD-0005477,PRD-0299,2026-02-01 05:00:00,1,0.0,5
ORD-0005478,PRD-0164,2026-08-13 12:00:00,3,0.0,3
ORD-0005479,PRD-0058,2026-03-19 08:00:00,2,0.0,5
ORD-0005480,PRD-0269,2026-01-17 15:00:00,4,0.0,5
ORD-0005481,PRD-0308,2026-03-05 14:00:00,4,0.0,4
ORD-0005482,PRD-0058,2026-03-26 08:00:00,3,0.0,4
ORD-0005483,PRD-0288,2026-01-14 07:00:00,2,0.2,5
ORD-0005484,PRD-0465,2026-08-03 15:00:00,2,0.0,5
ORD-0005485,PRD-0105,2026-01-14 23:00:00,4,0.1,3
ORD-0005486,PRD-0228,2026-03-29 10:00:00,1,0.2,4
ORD-0005487,PRD-0247,2026-01-08 05:00:00,2,0.0,5
ORD-0005488,PRD-0188,2026-06-17 11:00:00,4,0.0,5
ORD-0005489,PRD-0494,2026-03-10 09:00:00,4,0.0,5
ORD-0005490,PRD-0083,2026-01-21 20:00:00,2,0.0,5
ORD-0005491,PRD-0186,2026-06-01 22:00:00,2,0.0,5
ORD-0005492,PRD-0252,2026-04-09 11:00:00,3,0.0,4
ORD-0005493,PRD-0355,2026-03-19 08:00:00,1,0.05,5
ORD-0005494,PRD-0238,2026-05-12 08:00:00,3,0.0,5
ORD-0005495,PRD-0360,2026-03-21 00:00:00,3,0.2,4
ORD-0005496,PRD-0184,2026-08-28 23:00:00,4,0.0,5
ORD-0005497,PRD-0284,2026-03-13 14:00:00,4,0.2,4
ORD-0005498,PRD-0385,2026-03-16 02:00:00,1,0.0,4
ORD-0005499,PRD-0426,2026-07-19 16:00:00,3,0.0,5
ORD-0005500,PRD-0210,2026-05-08 09:00:00,3,0.0,1
ORD-0005501,PRD-0304,2026-07-21 03:00:00,4,0.2,4
ORD-0005502,PRD-0296,2026-08-05 06:00:00,4,0.0,4
ORD-0005503,PRD-0097,2026-04-24 01:00:00,2,0.05,4
ORD-0005504,PRD-0447,2026-06-09 12:00:00,3,0.1,5
ORD-0005505,PRD-0460,2026-07-17 19:00:00,1,0.05,3
ORD-0005506,PRD-0456,2026-02-15 14:00:00,3,0.0,2
ORD-0005507,PRD-0472,2026-01-02 21:00:00,4,0.2,4
ORD-0005508,PRD-0208,2026-08-04 06:00:00,2,0.1,5
ORD-0005509,PRD-0370,2026-03-02 05:00:00,3,0.0,5
ORD-0005510,PRD-0388,2026-04-02 12:00:00,1,0.0,5
ORD-0005511,PRD-0422,2026-05-14 09:00:00,4,0.2,5
ORD-0005512,PRD-0492,2026-01-19 23:00:00,2,0.2,4
ORD-0005513,PRD-0411,2026-03-11 06:00:00,3,0.0,5
ORD-0005514,PRD-0137,2026-05-02 20:00:00,1,0.1,2
ORD-0005515,PRD-0367,2026-02-10 05:00:00,4,0.0,3
ORD-0005516,PRD-0400,2026-07-26 20:00:00,1,0.0,5
ORD-0005517,PRD-0184,2026-03-05 16:00:00,3,0.0,4
ORD-0005518,PRD-0076,2026-05-05 00:00:00,4,0.0,4
ORD-0005519,PRD-0287,2026-05-08 23:00:00,3,0.05,4
ORD-0005520,PRD-0472,2026-08-01 08:00:00,2,0.0,5
ORD-0005521,PRD-0375,2026-07-22 21:00:00,3,0.0,4
ORD-0005522,PRD-0142,2026-04-16 01:00:00,2,0.0,5
ORD-0005523,PRD-0237,2026-02-16 22:00:00,3,0.0,4
ORD-0005524,PRD-0025,2026-08-03 20:00:00,1,0.2,5
ORD-0005525,PRD-0290,2026-08-29 13:00:00,1,0.1,5
ORD-0005526,PRD-0067,2026-08-23 23:00:00,4,0.0,5
ORD-0005527,PRD-0250,2026-05-22 20:00:00,1,0.2,5
ORD-0005528,PRD-0408,2026-07-07 04:00:00,1,0.0,5
ORD-0005529,PRD-0118,2026-04-08 15:00:00,2,0.05,4
ORD-0005530,PRD-0490,2026-01-05 10:00:00,1,0.2,5
ORD-0005531,PRD-0073,2026-07-30 09:00:00,2,0.0,2
ORD-0005532,PRD-0282,2026-04-18 09:00:00,2,0.05,5
ORD-0005533,PRD-0404,2026-05-12 10:00:00,2,0.0,5
ORD-0005534,PRD-0448,2026-07-29 13:00:00,3,0.0,5
ORD-0005535,PRD-0360,2026-07-02 15:00:00,2,0.0,1
ORD-0005536,PRD-0010,2026-06-18 21:00:00,3,0.2,5
ORD-0005537,PRD-0211,2026-07-20 01:00:00,2,0.0,3
ORD-0005538,PRD-0323,2026-08-21 12:00:00,3,0.2,5
ORD-0005539,PRD-0152,2026-01-09 22:00:00,4,0.2,4
ORD-0005540,PRD-0005,2026-08-14 00:00:00,4,0.0,5
ORD-0005541,PRD-0195,2026-08-21 10:00:00,3,0.0,5
ORD-0005542,PRD-0442,2026-07-04 23:00:00,4,0.05,3
ORD-0005543,PRD-0283,2026-06-28 17:00:00,1,0.0,5
ORD-0005544,PRD-0464,2026-06-27 05:00:00,2,0.0,4
ORD-0005545,PRD-0113,2026-01-20 08:00:00,3,0.2,5
ORD-0005546,PRD-0271,2026-04-09 20:00:00,4,0.05,5
ORD-0005547,PRD-0163,2026-01-25 15:00:00,4,0.0,2
ORD-0005548,PRD-0460,2026-04-02 04:00:00,1,0.05,5
ORD-0005549,PRD-0105,2026-08-03 14:00:00,2,0.0,5
ORD-0005550,PRD-0181,2026-02-06 19:00:00,1,0.0,4
ORD-0005551,PRD-0044,2026-06-23 06:00:00,3,0.2,5
ORD-0005552,PRD-0282,2026-08-05 22:00:00,4,0.1,5
ORD-0005553,PRD-0175,2026-01-13 15:00:00,4,0.0,3
ORD-0005554,PRD-0162,2026-08-04 20:00:00,4,0.0,3
ORD-0005555,PRD-0471,2026-07-07 03:00:00,1,0.05,5
ORD-0005556,PRD-0351,2026-01-14 21:00:00,1,0.0,4
ORD-0005557,PRD-0434,2026-04-29 01:00:00,2,0.0,3
ORD-0005558,PRD-0340,2026-07-07 18:00:00,3,0.0,1
ORD-0005559,PRD-0140,2026-04-08 03:00:00,2,0.05,5
ORD-0005560,PRD-0471,2026-07-10 01:00:00,2,0.0,5
ORD-0005561,PRD-0132,2026-01-04 07:00:00,4,0.0,3
ORD-0005562,PRD-0087,2026-06-06 19:00:00,1,0.0,5
ORD-0005563,PRD-0176,2026-04-28 23:00:00,3,0.0,5
ORD-0005564,PRD-0183,2026-08-05 12:00:00,2,0.0,5
ORD-0005565,PRD-0368,2026-03-24 09:00:00,3,0.0,5
ORD-0005566,PRD-0129,2026-01-31 12:00:00,4,0.0,5
ORD-0005567,PRD-0246,2026-06-15 16:00:00,2,0.1,4
ORD-0005568,PRD-0089,2026-03-17 17:00:00,1,0.0,3
ORD-0005569,PRD-0066,2026-08-24 19:00:00,2,0.0,4
ORD-0005570,PRD-0158,2026-02-27 16:00:00,4,0.2,5
ORD-0005571,PRD-0387,2026-03-30 12:00:00,2,0.05,5
ORD-0005572,PRD-0378,2026-08-09 03:00:00,4,0.05,4
ORD-0005573,PRD-0149,2026-02-19 22:00:00,2,0.0,4
ORD-0005574,PRD-0473,2026-08-26 19:00:00,3,0.0,5
ORD-0005575,PRD-0340,2026-04-06 12:00:00,1,0.05,4
ORD-0005576,PRD-0433,2026-06-25 17:00:00,4,0.05,4
ORD-0005577,PRD-0116,2026-01-08 16:00:00,3,0.0,4
ORD-0005578,PRD-0214,2026-06-21 23:00:00,4,0.0,5
ORD-0005579,PRD-0469,2026-02-11 13:00:00,2,0.2,4
ORD-0005580,PRD-0446,2026-03-24 18:00:00,4,0.0,5
ORD-0005581,PRD-0481,2026-04-28 01:00:00,4,0.0,4
ORD-0005582,PRD-0372,2026-07-14 08:00:00,1,0.0,5
ORD-0005583,PRD-0294,2026-04-09 05:00:00,3,0.1,4
ORD-0005584,PRD-0253,2026-08-17 19:00:00,2,0.1,4
ORD-0005585,PRD-0143,2026-03-11 23:00:00,1,0.05,4
ORD-0005586,PRD-0250,2026-07-25 05:00:00,4,0.0,1
ORD-0005587,PRD-0366,2026-08-27 03:00:00,1,0.0,5
ORD-0005588,PRD-0436,2026-05-07 15:00:00,4,0.0,4
ORD-0005589,PRD-0463,2026-08-04 15:00:00,2,0.05,5
ORD-0005590,PRD-0302,2026-07-23 14:00:00,4,0.05,1
ORD-0005591,PRD-0025,2026-04-15 15:00:00,1,0.2,1
ORD-0005592,PRD-0277,2026-05-27 23:00:00,1,0.0,5
ORD-0005593,PRD-0472,2026-05-07 02:00:00,4,0.05,3
ORD-0005594,PRD-0377,2026-04-25 09:00:00,3,0.0,1
ORD-0005595,PRD-0378,2026-08-01 01:00:00,1,0.0,3
ORD-0005596,PRD-0389,2026-06-23 21:00:00,3,0.0,5
ORD-0005597,PRD-0070,2026-04-18 13:00:00,3,0.0,5
ORD-0005598,PRD-0113,2026-06-25 03:00:00,3,0.2,4
ORD-0005599,PRD-0363,2026-08-13 16:00:00,3,0.0,5
ORD-0005600,PRD-0112,2026-04-28 03:00:00,1,0.2,5
ORD-0005601,PRD-0364,2026-06-20 10:00:00,1,0.0,5
ORD-0005602,PRD-0303,2026-01-16 09:00:00,3,0.0,2
ORD-0005603,PRD-0471,2026-06-05 23:00:00,1,0.0,5
ORD-0005604,PRD-0452,2026-03-25 12:00:00,3,0.0,3
ORD-0005605,PRD-0091,2026-03-12 23:00:00,3,0.0,4
ORD-0005606,PRD-0018,2026-05-19 12:00:00,3,0.0,3
ORD-0005607,PRD-0149,2026-01-19 08:00:00,4,0.0,5
ORD-0005608,PRD-0476,2026-05-16 17:00:00,2,0.2,5
ORD-0005609,PRD-0227,2026-05-02 02:00:00,1,0.05,5
ORD-0005610,PRD-0214,2026-01-10 10:00:00,1,0.05,5
ORD-0005611,PRD-0360,2026-04-11 01:00:00,3,0.0,5
ORD-0005612,PRD-0151,2026-07-16 14:00:00,4,0.0,5
ORD-0005613,PRD-0192,2026-02-12 16:00:00,4,0.0,4
ORD-0005614,PRD-0451,2026-08-25 08:00:00,1,0.1,4
ORD-0005615,PRD-0040,2026-05-26 11:00:00,3,0.0,3
ORD-0005616,PRD-0242,2026-08-28 03:00:00,1,0.0,4
ORD-0005617,PRD-0138,2026-08-09 00:00:00,3,0.0,5
ORD-0005618,PRD-0345,2026-06-27 08:00:00,3,0.0,5
ORD-0005619,PRD-0180,2026-02-06 06:00:00,2,0.1,5
ORD-0005620,PRD-0497,2026-05-14 07:00:00,3,0.0,4
ORD-0005621,PRD-0200,2026-03-14 17:00:00,2,0.0,5
ORD-0005622,PRD-0203,2026-08-08 14:00:00,1,0.05,4
ORD-0005623,PRD-0061,2026-01-19 11:00:00,1,0.0,5
ORD-0005624,PRD-0192,2026-08-21 22:00:00,4,0.0,4
ORD-0005625,PRD-0005,2026-07-09 22:00:00,2,0.0,5
ORD-0005626,PRD-0378,2026-01-20 16:00:00,1,0.05,5
ORD-0005627,PRD-0237,2026-01-04 07:00:00,2,0.2,5
ORD-0005628,PRD-0181,2026-08-03 22:00:00,1,0.05,4
ORD-0005629,PRD-0311,2026-01-10 23:00:00,2,0.1,4
ORD-0005630,PRD-0037,2026-07-13 20:00:00,2,0.0,4
ORD-0005631,PRD-0056,2026-01-25 13:00:00,3,0.0,4
ORD-0005632,PRD-0443,2026-02-26 16:00:00,1,0.0,5
ORD-0005633,PRD-0237,2026-03-20 12:00:00,4,0.05,5
ORD-0005634,PRD-0358,2026-08-13 23:00:00,3,0.0,3
ORD-0005635,PRD-0349,2026-08-07 03:00:00,4,0.05,5
ORD-0005636,PRD-0197,2026-04-07 12:00:00,2,0.05,5
ORD-0005637,PRD-0073,2026-07-04 14:00:00,3,0.2,3
ORD-0005638,PRD-0059,2026-01-13 23:00:00,2,0.0,4
ORD-0005639,PRD-0240,2026-02-14 20:00:00,1,0.0,5
ORD-0005640,PRD-0002,2026-01-02 09:00:00,1,0.0,5
ORD-0005641,PRD-0449,2026-03-18 17:00:00,4,0.0,5
ORD-0005642,PRD-0360,2026-07-06 17:00:00,1,0.1,1
ORD-0005643,PRD-0188,2026-01-11 08:00:00,4,0.0,3
ORD-0005644,PRD-0307,2026-02-17 06:00:00,2,0.2,5
ORD-0005645,PRD-0030,2026-08-19 09:00:00,3,0.2,3
ORD-0005646,PRD-0267,2026-08-09 18:00:00,1,0.0,3
ORD-0005647,PRD-0476,2026-07-23 17:00:00,2,0.0,5
ORD-0005648,PRD-0108,2026-07-26 03:00:00,3,0.0,5
ORD-0005649,PRD-0332,2026-01-16 15:00:00,2,0.0,5
ORD-0005650,PRD-0423,2026-01-31 03:00:00,4,0.0,3
ORD-0005651,PRD-0090,2026-08-26 18:00:00,2,0.0,3
ORD-0005652,PRD-0205,2026-03-21 17:00:00,4,0.0,5
ORD-0005653,PRD-0379,2026-06-29 01:00:00,4,0.05,5
ORD-0005654,PRD-0456,2026-04-14 20:00:00,1,0.0,5
ORD-0005655,PRD-0447,2026-03-22 22:00:00,4,0.0,5
ORD-0005656,PRD-0448,2026-06-16 20:00:00,4,0.0,5
ORD-0005657,PRD-0445,2026-04-08 16:00:00,2,0.2,5
ORD-0005658,PRD-0381,2026-02-25 11:00:00,4,0.05,4
ORD-0005659,PRD-0438,2026-07-11 04:00:00,4,0.0,5
ORD-0005660,PRD-0220,2026-01-15 01:00:00,2,0.05,5
ORD-0005661,PRD-0378,2026-03-19 17:00:00,3,0.05,4
ORD-0005662,PRD-0094,2026-05-11 17:00:00,1,0.1,5
ORD-0005663,PRD-0457,2026-02-02 23:00:00,2,0.0,2
ORD-0005664,PRD-0103,2026-05-31 11:00:00,4,0.1,5
ORD-0005665,PRD-0223,2026-06-04 04:00:00,2,0.0,1
ORD-0005666,PRD-0186,2026-03-05 04:00:00,3,0.2,4
ORD-0005667,PRD-0469,2026-06-14 17:00:00,2,0.0,5
ORD-0005668,PRD-0184,2026-07-29 21:00:00,2,0.2,2
ORD-0005669,PRD-0495,2026-06-12 20:00:00,2,0.2,5
ORD-0005670,PRD-0162,2026-04-22 09:00:00,2,0.0,3
ORD-0005671,PRD-0247,2026-03-30 10:00:00,4,0.2,5
ORD-0005672,PRD-0031,2026-06-07 17:00:00,2,0.0,5
ORD-0005673,PRD-0052,2026-01-03 10:00:00,3,0.0,5
ORD-0005674,PRD-0345,2026-04-12 09:00:00,2,0.0,5
ORD-0005675,PRD-0076,2026-03-27 22:00:00,2,0.2,5
ORD-0005676,PRD-0385,2026-02-22 06:00:00,4,0.0,3
ORD-0005677,PRD-0439,2026-06-03 16:00:00,4,0.0,4
ORD-0005678,PRD-0278,2026-06-06 04:00:00,2,0.05,4
ORD-0005679,PRD-0040,2026-08-17 01:00:00,4,0.2,5
ORD-0005680,PRD-0101,2026-06-22 02:00:00,4,0.05,5
ORD-0005681,PRD-0111,2026-06-27 09:00:00,2,0.0,4
ORD-0005682,PRD-0385,2026-05-07 05:00:00,4,0.0,3
ORD-0005683,PRD-0321,2026-04-29 14:00:00,1,0.0,4
ORD-0005684,PRD-0249,2026-07-27 22:00:00,1,0.05,3
ORD-0005685,PRD-0191,2026-01-20 14:00:00,1,0.0,5
ORD-0005686,PRD-0490,2026-06-18 03:00:00,4,0.0,5
ORD-0005687,PRD-0182,2026-05-01 19:00:00,1,0.1,5
ORD-0005688,PRD-0426,2026-03-02 06:00:00,3,0.0,2
ORD-0005689,PRD-0405,2026-07-05 03:00:00,1,0.0,5
ORD-0005690,PRD-0335,2026-07-19 13:00:00,3,0.0,1
ORD-0005691,PRD-0209,2026-07-29 14:00:00,4,0.0,4
ORD-0005692,PRD-0022,2026-02-08 00:00:00,1,0.0,5
ORD-0005693,PRD-0166,2026-06-26 18:00:00,3,0.0,1
ORD-0005694,PRD-0099,2026-03-13 07:00:00,4,0.1,2
ORD-0005695,PRD-0493,2026-01-29 02:00:00,1,0.0,2
ORD-0005696,PRD-0208,2026-03-01 23:00:00,2,0.0,5
ORD-0005697,PRD-0008,2026-04-24 22:00:00,1,0.05,5
ORD-0005698,PRD-0190,2026-08-22 21:00:00,1,0.05,5
ORD-0005699,PRD-0175,2026-06-01 06:00:00,1,0.05,5
ORD-0005700,PRD-0273,2026-08-12 23:00:00,2,0.2,4
ORD-0005701,PRD-0017,2026-01-29 13:00:00,3,0.05,1
ORD-0005702,PRD-0090,2026-02-16 22:00:00,3,0.0,1
ORD-0005703,PRD-0141,2026-06-25 16:00:00,2,0.1,5
ORD-0005704,PRD-0145,2026-04-13 18:00:00,1,0.0,3
ORD-0005705,PRD-0166,2026-04-10 21:00:00,1,0.0,5
ORD-0005706,PRD-0337,2026-06-22 09:00:00,1,0.0,3
ORD-0005707,PRD-0496,2026-05-24 06:00:00,3,0.0,5
ORD-0005708,PRD-0078,2026-06-21 20:00:00,3,0.0,5
ORD-0005709,PRD-0429,2026-02-10 05:00:00,2,0.0,4
ORD-0005710,PRD-0262,2026-02-08 07:00:00,4,0.0,5
ORD-0005711,PRD-0163,2026-07-24 17:00:00,2,0.1,4
ORD-0005712,PRD-0366,2026-04-30 16:00:00,3,0.2,4
ORD-0005713,PRD-0014,2026-03-04 20:00:00,1,0.0,4
ORD-0005714,PRD-0239,2026-02-20 12:00:00,1,0.1,5
ORD-0005715,PRD-0072,2026-02-06 07:00:00,1,0.0,4
ORD-0005716,PRD-0445,2026-07-02 22:00:00,1,0.2,4
ORD-0005717,PRD-0143,2026-05-16 14:00:00,4,0.0,5
ORD-0005718,PRD-0310,2026-02-05 23:00:00,2,0.0,4
ORD-0005719,PRD-0283,2026-06-14 17:00:00,2,0.0,4
ORD-0005720,PRD-0269,2026-05-10 12:00:00,3,0.0,5
ORD-0005721,PRD-0241,2026-05-08 07:00:00,2,0.0,4
ORD-0005722,PRD-0415,2026-08-02 21:00:00,4,0.0,4
ORD-0005723,PRD-0245,2026-06-16 10:00:00,4,0.0,5
ORD-0005724,PRD-0163,2026-04-22 18:00:00,4,0.0,4
ORD-0005725,PRD-0060,2026-07-15 10:00:00,1,0.0,4
ORD-0005726,PRD-0006,2026-08-08 22:00:00,3,0.2,4
ORD-0005727,PRD-0197,2026-08-22 21:00:00,4,0.0,5
ORD-0005728,PRD-0470,2026-08-16 00:00:00,2,0.0,1
ORD-0005729,PRD-0058,2026-01-26 13:00:00,2,0.05,4
ORD-0005730,PRD-0305,2026-03-20 00:00:00,2,0.1,4
ORD-0005731,PRD-0407,2026-05-12 10:00:00,4,0.0,4
ORD-0005732,PRD-0217,2026-08-26 11:00:00,4,0.1,5
ORD-0005733,PRD-0418,2026-08-25 15:00:00,2,0.0,4
ORD-0005734,PRD-0026,2026-08-26 00:00:00,4,0.0,5
ORD-0005735,PRD-0303,2026-08-07 19:00:00,2,0.0,5
ORD-0005736,PRD-0005,2026-07-10 00:00:00,1,0.05,4
ORD-0005737,PRD-0474,2026-08-21 07:00:00,4,0.0,4
ORD-0005738,PRD-0020,2026-05-21 13:00:00,1,0.05,3
ORD-0005739,PRD-0390,2026-08-13 10:00:00,1,0.0,2
ORD-0005740,PRD-0198,2026-05-13 23:00:00,4,0.05,5
ORD-0005741,PRD-0059,2026-01-24 15:00:00,2,0.0,5
ORD-0005742,PRD-0448,2026-06-22 05:00:00,3,0.0,3
ORD-0005743,PRD-0242,2026-01-11 04:00:00,1,0.0,5
ORD-0005744,PRD-0146,2026-01-01 20:00:00,4,0.05,5
ORD-0005745,PRD-0388,2026-08-06 21:00:00,1,0.0,2
ORD-0005746,PRD-0273,2026-08-27 13:00:00,2,0.1,4
ORD-0005747,PRD-0249,2026-01-17 09:00:00,4,0.05,5
ORD-0005748,PRD-0014,2026-08-19 09:00:00,3,0.0,1
ORD-0005749,PRD-0462,2026-07-31 18:00:00,4,0.2,5
ORD-0005750,PRD-0013,2026-08-29 07:00:00,1,0.05,5
ORD-0005751,PRD-0391,2026-06-08 22:00:00,4,0.0,2
ORD-0005752,PRD-0384,2026-03-27 15:00:00,4,0.0,5
ORD-0005753,PRD-0044,2026-05-27 11:00:00,1,0.0,4
ORD-0005754,PRD-0375,2026-04-09 23:00:00,3,0.0,3
ORD-0005755,PRD-0399,2026-03-21 14:00:00,2,0.0,4
ORD-0005756,PRD-0019,2026-01-13 01:00:00,4,0.0,2
ORD-0005757,PRD-0063,2026-04-17 14:00:00,3,0.05,5
ORD-0005758,PRD-0491,2026-07-28 15:00:00,2,0.0,1
ORD-0005759,PRD-0239,2026-01-16 00:00:00,1,0.1,5
ORD-0005760,PRD-0492,2026-03-09 14:00:00,3,0.0,4
ORD-0005761,PRD-0419,2026-06-29 18:00:00,3,0.0,4
ORD-0005762,PRD-0337,2026-06-20 14:00:00,4,0.05,3
ORD-0005763,PRD-0419,2026-04-13 05:00:00,1,0.05,4
ORD-0005764,PRD-0403,2026-03-25 23:00:00,4,0.0,3
ORD-0005765,PRD-0404,2026-03-27 00:00:00,1,0.0,5
ORD-0005766,PRD-0100,2026-03-27 04:00:00,2,0.0,3
ORD-0005767,PRD-0163,2026-04-27 16:00:00,4,0.0,5
ORD-0005768,PRD-0416,2026-05-04 18:00:00,1,0.0,4
ORD-0005769,PRD-0122,2026-02-04 15:00:00,1,0.05,5
ORD-0005770,PRD-0432,2026-03-16 17:00:00,3,0.0,5
ORD-0005771,PRD-0044,2026-06-03 20:00:00,4,0.0,4
ORD-0005772,PRD-0360,2026-03-16 15:00:00,4,0.0,5
ORD-0005773,PRD-0408,2026-04-29 09:00:00,2,0.0,4
ORD-0005774,PRD-0317,2026-08-11 11:00:00,1,0.0,5
ORD-0005775,PRD-0381,2026-07-15 10:00:00,3,0.0,5
ORD-0005776,PRD-0145,2026-03-31 18:00:00,1,0.0,5
ORD-0005777,PRD-0327,2026-01-25 04:00:00,1,0.05,5
ORD-0005778,PRD-0363,2026-04-29 21:00:00,1,0.0,5
ORD-0005779,PRD-0050,2026-04-04 04:00:00,4,0.2,5
ORD-0005780,PRD-0065,2026-06-24 00:00:00,1,0.0,2
ORD-0005781,PRD-0355,2026-03-31 19:00:00,2,0.0,5
ORD-0005782,PRD-0288,2026-02-26 00:00:00,3,0.05,4
ORD-0005783,PRD-0164,2026-08-26 10:00:00,3,0.1,5
ORD-0005784,PRD-0141,2026-01-15 09:00:00,1,0.0,5
ORD-0005785,PRD-0454,2026-03-20 14:00:00,3,0.05,5
ORD-0005786,PRD-0314,2026-01-24 02:00:00,1,0.1,5
ORD-0005787,PRD-0128,2026-06-07 02:00:00,4,0.05,5
ORD-0005788,PRD-0398,2026-07-03 05:00:00,3,0.0,3
ORD-0005789,PRD-0421,2026-01-09 07:00:00,4,0.1,3
ORD-0005790,PRD-0368,2026-05-03 12:00:00,4,0.05,5
ORD-0005791,PRD-0463,2026-05-26 10:00:00,2,0.05,4
ORD-0005792,PRD-0239,2026-08-03 22:00:00,2,0.05,5
ORD-0005793,PRD-0324,2026-01-13 18:00:00,3,0.2,3
ORD-0005794,PRD-0296,2026-05-09 03:00:00,1,0.0,3
ORD-0005795,PRD-0187,2026-03-11 00:00:00,1,0.0,5
ORD-0005796,PRD-0208,2026-04-23 04:00:00,1,0.0,5
ORD-0005797,PRD-0220,2026-03-15 12:00:00,1,0.0,4
ORD-0005798,PRD-0400,2026-01-12 11:00:00,2,0.0,4
ORD-0005799,PRD-0190,2026-08-08 15:00:00,1,0.0,1
ORD-0005800,PRD-0388,2026-05-21 01:00:00,1,0.0,1
ORD-0005801,PRD-0429,2026-02-28 09:00:00,4,0.05,2
ORD-0005802,PRD-0346,2026-07-17 05:00:00,1,0.1,5
ORD-0005803,PRD-0284,2026-03-15 23:00:00,1,0.0,5
ORD-0005804,PRD-0352,2026-05-21 21:00:00,2,0.2,4
ORD-0005805,PRD-0237,2026-07-29 09:00:00,3,0.0,1
ORD-0005806,PRD-0194,2026-06-18 18:00:00,4,0.1,5
ORD-0005807,PRD-0287,2026-05-25 04:00:00,4,0.1,5
ORD-0005808,PRD-0259,2026-03-20 08:00:00,3,0.0,3
ORD-0005809,PRD-0246,2026-06-09 19:00:00,4,0.0,4
ORD-0005810,PRD-0136,2026-06-28 06:00:00,1,0.0,3
ORD-0005811,PRD-0280,2026-03-18 20:00:00,1,0.1,3
ORD-0005812,PRD-0271,2026-05-21 17:00:00,3,0.1,5
ORD-0005813,PRD-0171,2026-01-03 23:00:00,2,0.0,5
ORD-0005814,PRD-0159,2026-03-11 20:00:00,2,0.0,5
ORD-0005815,PRD-0201,2026-02-23 23:00:00,4,0.0,5
ORD-0005816,PRD-0487,2026-02-13 11:00:00,2,0.0,4
ORD-0005817,PRD-0045,2026-04-20 09:00:00,2,0.2,5
ORD-0005818,PRD-0450,2026-05-07 18:00:00,2,0.0,4
ORD-0005819,PRD-0264,2026-02-03 22:00:00,2,0.2,3
ORD-0005820,PRD-0071,2026-08-23 06:00:00,2,0.1,5
ORD-0005821,PRD-0364,2026-04-02 10:00:00,2,0.2,4
ORD-0005822,PRD-0371,2026-05-26 20:00:00,2,0.0,4
ORD-0005823,PRD-0103,2026-01-13 21:00:00,4,0.0,5
ORD-0005824,PRD-0490,2026-03-27 21:00:00,1,0.0,4
ORD-0005825,PRD-0125,2026-06-26 03:00:00,2,0.05,5
ORD-0005826,PRD-0313,2026-03-20 05:00:00,1,0.05,4
ORD-0005827,PRD-0464,2026-04-27 18:00:00,3,0.0,5
ORD-0005828,PRD-0483,2026-04-14 14:00:00,1,0.05,4
ORD-0005829,PRD-0286,2026-07-21 11:00:00,3,0.0,5
ORD-0005830,PRD-0458,2026-06-06 01:00:00,4,0.0,1
ORD-0005831,PRD-0230,2026-02-03 02:00:00,1,0.0,5
ORD-0005832,PRD-0146,2026-06-17 06:00:00,3,0.0,5
ORD-0005833,PRD-0370,2026-07-01 09:00:00,1,0.0,3
ORD-0005834,PRD-0197,2026-08-12 01:00:00,4,0.0,4
ORD-0005835,PRD-0373,2026-05-22 23:00:00,1,0.1,4
ORD-0005836,PRD-0221,2026-04-13 08:00:00,3,0.05,5
ORD-0005837,PRD-0423,2026-03-19 03:00:00,2,0.0,5
ORD-0005838,PRD-0060,2026-02-10 14:00:00,2,0.05,4
ORD-0005839,PRD-0098,2026-02-13 15:00:00,2,0.0,5
ORD-0005840,PRD-0171,2026-07-01 22:00:00,4,0.0,5
ORD-0005841,PRD-0382,2026-08-06 06:00:00,2,0.05,1
ORD-0005842,PRD-0173,2026-06-26 13:00:00,4,0.05,4
ORD-0005843,PRD-0151,2026-06-07 21:00:00,2,0.05,5
ORD-0005844,PRD-0453,2026-07-28 05:00:00,4,0.05,5
ORD-0005845,PRD-0350,2026-05-06 21:00:00,4,0.05,1
ORD-0005846,PRD-0390,2026-07-02 01:00:00,1,0.0,4
ORD-0005847,PRD-0440,2026-06-17 21:00:00,2,0.1,2
ORD-0005848,PRD-0122,2026-01-20 08:00:00,1,0.0,5
ORD-0005849,PRD-0494,2026-08-10 23:00:00,3,0.1,5
ORD-0005850,PRD-0108,2026-08-14 15:00:00,2,0.0,3
ORD-0005851,PRD-0004,2026-01-12 23:00:00,2,0.0,4
ORD-0005852,PRD-0093,2026-05-14 03:00:00,2,0.05,4
ORD-0005853,PRD-0407,2026-02-06 11:00:00,2,0.0,5
ORD-0005854,PRD-0006,2026-03-25 00:00:00,1,0.1,3
ORD-0005855,PRD-0288,2026-05-02 21:00:00,1,0.0,5
ORD-0005856,PRD-0106,2026-02-16 16:00:00,4,0.05,5
ORD-0005857,PRD-0146,2026-08-10 06:00:00,1,0.0,5
ORD-0005858,PRD-0271,2026-01-19 14:00:00,4,0.0,5
ORD-0005859,PRD-0424,2026-04-29 00:00:00,3,0.0,4
ORD-0005860,PRD-0378,2026-05-29 16:00:00,1,0.05,5
ORD-0005861,PRD-0096,2026-05-01 16:00:00,4,0.05,5
ORD-0005862,PRD-0457,2026-01-31 01:00:00,2,0.0,5
ORD-0005863,PRD-0229,2026-04-01 03:00:00,3,0.2,2
ORD-0005864,PRD-0202,2026-04-18 14:00:00,4,0.05,1
ORD-0005865,PRD-0212,2026-02-26 07:00:00,3,0.2,5
ORD-0005866,PRD-0006,2026-06-15 20:00:00,2,0.0,5
ORD-0005867,PRD-0112,2026-07-07 14:00:00,2,0.0,5
ORD-0005868,PRD-0376,2026-05-22 00:00:00,4,0.0,5
ORD-0005869,PRD-0379,2026-03-13 21:00:00,4,0.0,5
ORD-0005870,PRD-0447,2026-01-29 21:00:00,2,0.0,4
ORD-0005871,PRD-0323,2026-05-23 05:00:00,4,0.0,5
ORD-0005872,PRD-0106,2026-01-21 14:00:00,2,0.0,5
ORD-0005873,PRD-0139,2026-02-09 11:00:00,1,0.05,5
ORD-0005874,PRD-0299,2026-01-01 22:00:00,4,0.2,5
ORD-0005875,PRD-0401,2026-02-17 00:00:00,3,0.1,4
ORD-0005876,PRD-0096,2026-08-30 10:00:00,2,0.0,1
ORD-0005877,PRD-0388,2026-01-24 05:00:00,1,0.0,5
ORD-0005878,PRD-0447,2026-03-09 08:00:00,4,0.0,3
ORD-0005879,PRD-0452,2026-07-29 20:00:00,2,0.0,5
ORD-0005880,PRD-0337,2026-06-05 10:00:00,1,0.0,5
ORD-0005881,PRD-0297,2026-08-11 13:00:00,4,0.0,4
ORD-0005882,PRD-0467,2026-03-11 00:00:00,2,0.0,5
ORD-0005883,PRD-0389,2026-06-23 21:00:00,2,0.05,4
ORD-0005884,PRD-0416,2026-08-15 17:00:00,2,0.05,5
ORD-0005885,PRD-0214,2026-02-03 14:00:00,4,0.0,2
ORD-0005886,PRD-0454,2026-05-19 00:00:00,1,0.0,5
ORD-0005887,PRD-0291,2026-08-03 01:00:00,2,0.1,5
ORD-0005888,PRD-0022,2026-07-22 15:00:00,1,0.0,4
ORD-0005889,PRD-0193,2026-01-19 21:00:00,1,0.0,5
ORD-0005890,PRD-0468,2026-05-04 23:00:00,3,0.0,5
ORD-0005891,PRD-0150,2026-04-07 20:00:00,1,0.0,5
ORD-0005892,PRD-0368,2026-03-02 07:00:00,1,0.0,5
ORD-0005893,PRD-0247,2026-08-22 03:00:00,1,0.1,4
ORD-0005894,PRD-0267,2026-08-03 10:00:00,1,0.0,5
ORD-0005895,PRD-0461,2026-04-17 17:00:00,1,0.0,4
ORD-0005896,PRD-0251,2026-04-15 15:00:00,4,0.0,5
ORD-0005897,PRD-0490,2026-04-30 15:00:00,3,0.05,2
ORD-0005898,PRD-0003,2026-01-16 02:00:00,2,0.0,4
ORD-0005899,PRD-0393,2026-05-24 22:00:00,3,0.0,4
ORD-0005900,PRD-0316,2026-04-27 14:00:00,3,0.0,4
ORD-0005901,PRD-0076,2026-07-12 12:00:00,2,0.0,5
ORD-0005902,PRD-0087,2026-05-24 21:00:00,1,0.0,4
ORD-0005903,PRD-0270,2026-05-16 15:00:00,2,0.0,5
ORD-0005904,PRD-0225,2026-02-20 17:00:00,1,0.05,4
ORD-0005905,PRD-0018,2026-03-03 21:00:00,2,0.2,5
ORD-0005906,PRD-0113,2026-03-29 15:00:00,4,0.0,5
ORD-0005907,PRD-0251,2026-08-11 21:00:00,3,0.0,4
ORD-0005908,PRD-0233,2026-04-16 16:00:00,1,0.0,4
ORD-0005909,PRD-0329,2026-03-19 07:00:00,3,0.05,4
ORD-0005910,PRD-0279,2026-07-20 17:00:00,1,0.0,4
ORD-0005911,PRD-0202,2026-02-20 07:00:00,2,0.05,4
ORD-0005912,PRD-0083,2026-03-02 08:00:00,2,0.05,3
ORD-0005913,PRD-0125,2026-08-17 22:00:00,2,0.2,4
ORD-0005914,PRD-0175,2026-03-04 19:00:00,4,0.1,5
ORD-0005915,PRD-0069,2026-02-11 19:00:00,2,0.05,4
ORD-0005916,PRD-0047,2026-02-08 13:00:00,2,0.0,5
ORD-0005917,PRD-0372,2026-07-26 07:00:00,4,0.0,5
ORD-0005918,PRD-0256,2026-01-04 11:00:00,3,0.0,4
ORD-0005919,PRD-0215,2026-06-05 22:00:00,3,0.0,4
ORD-0005920,PRD-0030,2026-06-13 15:00:00,1,0.05,3
ORD-0005921,PRD-0281,2026-03-06 06:00:00,3,0.0,4
ORD-0005922,PRD-0412,2026-02-11 01:00:00,1,0.05,5
ORD-0005923,PRD-0482,2026-06-26 07:00:00,1,0.0,4
ORD-0005924,PRD-0237,2026-08-09 22:00:00,3,0.05,3
ORD-0005925,PRD-0248,2026-08-31 20:00:00,3,0.0,4
ORD-0005926,PRD-0368,2026-08-09 11:00:00,4,0.0,5
ORD-0005927,PRD-0495,2026-02-07 20:00:00,1,0.0,5
ORD-0005928,PRD-0025,2026-05-02 04:00:00,3,0.1,5
ORD-0005929,PRD-0074,2026-07-15 05:00:00,3,0.0,5
ORD-0005930,PRD-0206,2026-07-30 11:00:00,4,0.0,3
ORD-0005931,PRD-0490,2026-04-25 01:00:00,3,0.0,1
ORD-0005932,PRD-0494,2026-04-18 18:00:00,2,0.05,4
ORD-0005933,PRD-0314,2026-02-17 15:00:00,2,0.0,5
ORD-0005934,PRD-0094,2026-02-25 11:00:00,1,0.2,5
ORD-0005935,PRD-0375,2026-05-20 12:00:00,4,0.0,3
ORD-0005936,PRD-0127,2026-03-06 17:00:00,3,0.0,3
ORD-0005937,PRD-0425,2026-04-08 14:00:00,1,0.05,1
ORD-0005938,PRD-0025,2026-03-17 06:00:00,3,0.0,5
ORD-0005939,PRD-0334,2026-03-29 12:00:00,2,0.1,5
ORD-0005940,PRD-0355,2026-02-03 13:00:00,3,0.0,3
ORD-0005941,PRD-0116,2026-08-20 07:00:00,3,0.2,4
ORD-0005942,PRD-0048,2026-06-22 19:00:00,3,0.05,2
ORD-0005943,PRD-0226,2026-04-26 15:00:00,2,0.1,5
ORD-0005944,PRD-0266,2026-01-03 23:00:00,2,0.0,5
ORD-0005945,PRD-0099,2026-01-02 03:00:00,4,0.0,4
ORD-0005946,PRD-0459,2026-01-20 12:00:00,2,0.05,4
ORD-0005947,PRD-0011,2026-06-15 23:00:00,1,0.05,4
ORD-0005948,PRD-0085,2026-02-01 19:00:00,3,0.0,5
ORD-0005949,PRD-0405,2026-03-01 08:00:00,2,0.0,5
ORD-0005950,PRD-0214,2026-04-04 16:00:00,1,0.0,5
ORD-0005951,PRD-0173,2026-06-09 16:00:00,2,0.05,5
ORD-0005952,PRD-0391,2026-07-24 19:00:00,3,0.0,2
ORD-0005953,PRD-0209,2026-06-19 04:00:00,1,0.0,5
ORD-0005954,PRD-0448,2026-06-19 14:00:00,2,0.0,4
ORD-0005955,PRD-0382,2026-08-21 17:00:00,2,0.0,4
ORD-0005956,PRD-0064,2026-03-11 19:00:00,1,0.0,5
ORD-0005957,PRD-0258,2026-01-24 07:00:00,4,0.2,5
ORD-0005958,PRD-0332,2026-07-06 10:00:00,1,0.0,5
ORD-0005959,PRD-0121,2026-06-09 15:00:00,1,0.2,5
ORD-0005960,PRD-0298,2026-03-21 22:00:00,1,0.0,5
ORD-0005961,PRD-0466,2026-08-04 11:00:00,1,0.0,4
ORD-0005962,PRD-0054,2026-01-04 06:00:00,2,0.0,5
ORD-0005963,PRD-0331,2026-08-18 08:00:00,1,0.05,5
ORD-0005964,PRD-0272,2026-07-25 09:00:00,1,0.05,5
ORD-0005965,PRD-0241,2026-06-01 23:00:00,3,0.0,5
ORD-0005966,PRD-0243,2026-02-12 23:00:00,2,0.0,5
ORD-0005967,PRD-0018,2026-03-28 08:00:00,3,0.2,5
ORD-0005968,PRD-0483,2026-07-09 09:00:00,2,0.2,4
ORD-0005969,PRD-0187,2026-03-03 20:00:00,4,0.0,5
ORD-0005970,PRD-0346,2026-04-04 13:00:00,4,0.05,5
ORD-0005971,PRD-0144,2026-03-06 14:00:00,2,0.0,4
ORD-0005972,PRD-0262,2026-07-19 09:00:00,4,0.0,5
ORD-0005973,PRD-0441,2026-08-18 01:00:00,4,0.0,3
ORD-0005974,PRD-0364,2026-07-15 02:00:00,2,0.0,2
ORD-0005975,PRD-0491,2026-03-18 05:00:00,1,0.1,5
ORD-0005976,PRD-0431,2026-06-06 07:00:00,3,0.0,5
ORD-0005977,PRD-0239,2026-07-16 18:00:00,2,0.0,1
ORD-0005978,PRD-0304,2026-03-26 15:00:00,2,0.1,5
ORD-0005979,PRD-0298,2026-07-05 19:00:00,2,0.0,5
ORD-0005980,PRD-0076,2026-06-10 16:00:00,3,0.0,5
ORD-0005981,PRD-0188,2026-04-01 22:00:00,2,0.05,5
ORD-0005982,PRD-0333,2026-07-06 05:00:00,3,0.0,5
ORD-0005983,PRD-0388,2026-03-29 06:00:00,3,0.0,5
ORD-0005984,PRD-0487,2026-06-12 15:00:00,4,0.0,5
ORD-0005985,PRD-0246,2026-05-07 08:00:00,1,0.0,3
ORD-0005986,PRD-0130,2026-08-17 08:00:00,4,0.1,4
ORD-0005987,PRD-0474,2026-03-06 12:00:00,2,0.05,4
ORD-0005988,PRD-0315,2026-08-08 09:00:00,2,0.0,5
ORD-0005989,PRD-0411,2026-01-16 07:00:00,3,0.0,3
ORD-0005990,PRD-0283,2026-01-03 16:00:00,4,0.2,3
ORD-0005991,PRD-0079,2026-05-18 11:00:00,3,0.0,5
ORD-0005992,PRD-0072,2026-07-22 01:00:00,4,0.0,5
ORD-0005993,PRD-0263,2026-08-23 23:00:00,4,0.2,5
ORD-0005994,PRD-0191,2026-03-26 19:00:00,4,0.2,3
ORD-0005995,PRD-0367,2026-04-30 07:00:00,4,0.0,4
ORD-0005996,PRD-0375,2026-03-20 04:00:00,4,0.0,4
ORD-0005997,PRD-0430,2026-08-25 10:00:00,1,0.0,1
ORD-0005998,PRD-0063,2026-07-22 03:00:00,2,0.0,4
ORD-0005999,PRD-0488,2026-04-03 20:00:00,4,0.05,4
ORD-0006000,PRD-0380,2026-08-23 04:00:00,4,0.0,2
ORD-0006001,PRD-0012,2026-01-25 20:00:00,3,0.0,5
ORD-0006002,PRD-0141,2026-05-31 06:00:00,2,0.0,4
ORD-0006003,PRD-0254,2026-04-22 10:00:00,2,0.2,1
ORD-0006004,PRD-0043,2026-06-12 01:00:00,2,0.0,5
ORD-0006005,PRD-0017,2026-05-27 02:00:00,4,0.0,5
ORD-0006006,PRD-0063,2026-03-18 10:00:00,3,0.2,5
ORD-0006007,PRD-0253,2026-02-28 03:00:00,2,0.0,4
ORD-0006008,PRD-0465,2026-03-08 02:00:00,3,0.0,5
ORD-0006009,PRD-0376,2026-01-05 15:00:00,1,0.0,5
ORD-0006010,PRD-0292,2026-01-19 20:00:00,1,0.0,5
ORD-0006011,PRD-0469,2026-04-27 19:00:00,3,0.0,4
ORD-0006012,PRD-0008,2026-04-20 15:00:00,4,0.0,1
ORD-0006013,PRD-0325,2026-04-02 02:00:00,2,0.0,5
ORD-0006014,PRD-0090,2026-08-12 06:00:00,1,0.0,5
ORD-0006015,PRD-0208,2026-07-01 04:00:00,1,0.0,5
ORD-0006016,PRD-0292,2026-03-25 12:00:00,3,0.0,5
ORD-0006017,PRD-0284,2026-03-02 19:00:00,4,0.0,5
ORD-0006018,PRD-0118,2026-03-22 22:00:00,3,0.0,5
ORD-0006019,PRD-0349,2026-05-26 13:00:00,3,0.2,5
ORD-0006020,PRD-0175,2026-08-14 22:00:00,3,0.0,4
ORD-0006021,PRD-0076,2026-03-19 09:00:00,3,0.0,3
ORD-0006022,PRD-0101,2026-08-05 12:00:00,3,0.05,5
ORD-0006023,PRD-0414,2026-01-03 13:00:00,4,0.0,5
ORD-0006024,PRD-0151,2026-03-04 06:00:00,3,0.05,4
ORD-0006025,PRD-0400,2026-02-19 04:00:00,4,0.05,5
ORD-0006026,PRD-0270,2026-07-24 05:00:00,2,0.05,5
ORD-0006027,PRD-0458,2026-04-27 04:00:00,2,0.05,3
ORD-0006028,PRD-0071,2026-03-20 03:00:00,2,0.0,5
ORD-0006029,PRD-0493,2026-04-03 00:00:00,2,0.05,5
ORD-0006030,PRD-0180,2026-07-13 04:00:00,1,0.0,5
ORD-0006031,PRD-0124,2026-07-16 17:00:00,4,0.0,5
ORD-0006032,PRD-0381,2026-08-26 22:00:00,2,0.2,1
ORD-0006033,PRD-0293,2026-01-05 09:00:00,1,0.0,5
ORD-0006034,PRD-0285,2026-02-18 02:00:00,4,0.2,5
ORD-0006035,PRD-0195,2026-05-23 20:00:00,1,0.0,4
ORD-0006036,PRD-0399,2026-06-20 07:00:00,1,0.0,4
ORD-0006037,PRD-0228,2026-03-13 04:00:00,3,0.0,5
ORD-0006038,PRD-0431,2026-04-28 15:00:00,1,0.05,5
ORD-0006039,PRD-0430,2026-06-13 13:00:00,1,0.0,3
ORD-0006040,PRD-0436,2026-03-21 12:00:00,4,0.0,4
ORD-0006041,PRD-0275,2026-03-27 09:00:00,1,0.0,3
ORD-0006042,PRD-0461,2026-07-06 00:00:00,3,0.05,4
ORD-0006043,PRD-0106,2026-02-23 02:00:00,2,0.0,5
ORD-0006044,PRD-0021,2026-02-09 09:00:00,2,0.1,5
ORD-0006045,PRD-0064,2026-06-12 16:00:00,4,0.0,4
ORD-0006046,PRD-0165,2026-04-03 19:00:00,4,0.0,5
ORD-0006047,PRD-0027,2026-06-08 04:00:00,1,0.0,5
ORD-0006048,PRD-0311,2026-01-13 04:00:00,4,0.2,4
ORD-0006049,PRD-0500,2026-07-14 23:00:00,1,0.0,5
ORD-0006050,PRD-0285,2026-04-03 14:00:00,4,0.0,5
ORD-0006051,PRD-0148,2026-06-15 13:00:00,2,0.05,4
ORD-0006052,PRD-0281,2026-04-14 19:00:00,2,0.0,3
ORD-0006053,PRD-0326,2026-04-14 03:00:00,2,0.05,5
ORD-0006054,PRD-0319,2026-07-22 12:00:00,2,0.0,4
ORD-0006055,PRD-0164,2026-06-05 09:00:00,1,0.0,4
ORD-0006056,PRD-0386,2026-08-14 00:00:00,1,0.0,5
ORD-0006057,PRD-0406,2026-08-18 14:00:00,1,0.0,5
ORD-0006058,PRD-0224,2026-01-18 19:00:00,2,0.05,5
ORD-0006059,PRD-0272,2026-05-04 20:00:00,3,0.05,3
ORD-0006060,PRD-0146,2026-01-05 10:00:00,2,0.0,5
ORD-0006061,PRD-0453,2026-05-31 19:00:00,2,0.2,5
ORD-0006062,PRD-0438,2026-07-18 02:00:00,3,0.0,5
ORD-0006063,PRD-0356,2026-05-19 21:00:00,3,0.0,4
ORD-0006064,PRD-0030,2026-06-16 08:00:00,4,0.05,4
ORD-0006065,PRD-0045,2026-08-08 22:00:00,2,0.05,5
ORD-0006066,PRD-0275,2026-02-21 01:00:00,3,0.0,5
ORD-0006067,PRD-0471,2026-06-16 20:00:00,4,0.05,5
ORD-0006068,PRD-0034,2026-06-27 02:00:00,3,0.0,2
ORD-0006069,PRD-0141,2026-05-21 08:00:00,3,0.05,5
ORD-0006070,PRD-0427,2026-02-07 07:00:00,4,0.1,5
ORD-0006071,PRD-0318,2026-06-12 17:00:00,2,0.0,5
ORD-0006072,PRD-0374,2026-08-23 01:00:00,4,0.0,3
ORD-0006073,PRD-0221,2026-03-09 12:00:00,2,0.05,5
ORD-0006074,PRD-0356,2026-08-01 00:00:00,3,0.05,5
ORD-0006075,PRD-0022,2026-06-10 23:00:00,4,0.0,5
ORD-0006076,PRD-0180,2026-04-06 12:00:00,1,0.0,5
ORD-0006077,PRD-0436,2026-08-14 19:00:00,3,0.2,2
ORD-0006078,PRD-0367,2026-02-27 17:00:00,4,0.0,5
ORD-0006079,PRD-0420,2026-06-12 11:00:00,3,0.0,4
ORD-0006080,PRD-0329,2026-05-30 16:00:00,4,0.0,5
ORD-0006081,PRD-0231,2026-04-12 09:00:00,2,0.0,4
ORD-0006082,PRD-0499,2026-04-27 22:00:00,1,0.2,4
ORD-0006083,PRD-0403,2026-05-21 23:00:00,3,0.05,5
ORD-0006084,PRD-0038,2026-02-24 05:00:00,1,0.0,3
ORD-0006085,PRD-0070,2026-02-01 14:00:00,2,0.05,5
ORD-0006086,PRD-0116,2026-02-01 02:00:00,4,0.05,4
ORD-0006087,PRD-0239,2026-01-25 16:00:00,1,0.0,5
ORD-0006088,PRD-0335,2026-08-24 04:00:00,4,0.0,5
ORD-0006089,PRD-0441,2026-05-01 06:00:00,2,0.05,4
ORD-0006090,PRD-0148,2026-06-21 07:00:00,3,0.0,5
ORD-0006091,PRD-0009,2026-08-01 00:00:00,2,0.0,3
ORD-0006092,PRD-0288,2026-02-14 12:00:00,1,0.0,4
ORD-0006093,PRD-0388,2026-08-15 16:00:00,1,0.2,4
ORD-0006094,PRD-0050,2026-05-18 19:00:00,1,0.0,5
ORD-0006095,PRD-0338,2026-01-30 06:00:00,4,0.2,4
ORD-0006096,PRD-0005,2026-07-16 04:00:00,3,0.0,2
ORD-0006097,PRD-0404,2026-01-05 08:00:00,1,0.05,5
ORD-0006098,PRD-0343,2026-03-04 09:00:00,1,0.0,4
ORD-0006099,PRD-0126,2026-06-09 17:00:00,1,0.0,4
ORD-0006100,PRD-0075,2026-01-17 11:00:00,2,0.0,4
ORD-0006101,PRD-0165,2026-05-27 13:00:00,1,0.0,4
ORD-0006102,PRD-0278,2026-04-21 13:00:00,2,0.05,3
ORD-0006103,PRD-0442,2026-05-18 03:00:00,1,0.05,3
ORD-0006104,PRD-0324,2026-03-25 18:00:00,2,0.0,3
ORD-0006105,PRD-0477,2026-06-11 17:00:00,4,0.2,3
ORD-0006106,PRD-0300,2026-07-26 02:00:00,4,0.0,4
ORD-0006107,PRD-0290,2026-03-24 20:00:00,2,0.0,5
ORD-0006108,PRD-0077,2026-07-09 01:00:00,3,0.0,5
ORD-0006109,PRD-0298,2026-03-11 12:00:00,3,0.0,1
ORD-0006110,PRD-0137,2026-07-27 00:00:00,2,0.05,5
ORD-0006111,PRD-0106,2026-07-18 10:00:00,4,0.0,5
ORD-0006112,PRD-0095,2026-02-13 19:00:00,2,0.0,5
ORD-0006113,PRD-0135,2026-04-29 09:00:00,3,0.0,4
ORD-0006114,PRD-0068,2026-07-16 19:00:00,2,0.0,5
ORD-0006115,PRD-0147,2026-08-19 04:00:00,4,0.0,3
ORD-0006116,PRD-0490,2026-05-30 08:00:00,3,0.0,5
ORD-0006117,PRD-0478,2026-01-15 11:00:00,3,0.0,3
ORD-0006118,PRD-0159,2026-02-22 15:00:00,1,0.05,4
ORD-0006119,PRD-0384,2026-08-02 01:00:00,1,0.0,4
ORD-0006120,PRD-0163,2026-07-14 09:00:00,3,0.0,5
ORD-0006121,PRD-0441,2026-04-25 06:00:00,3,0.0,5
ORD-0006122,PRD-0341,2026-03-28 09:00:00,2,0.2,3
ORD-0006123,PRD-0189,2026-05-12 04:00:00,4,0.0,4
ORD-0006124,PRD-0415,2026-02-26 07:00:00,3,0.2,5
ORD-0006125,PRD-0339,2026-04-28 13:00:00,4,0.2,5
ORD-0006126,PRD-0095,2026-06-09 11:00:00,3,0.05,5
ORD-0006127,PRD-0181,2026-01-28 21:00:00,4,0.0,5
ORD-0006128,PRD-0288,2026-07-20 13:00:00,1,0.0,3
ORD-0006129,PRD-0322,2026-04-21 06:00:00,3,0.0,4
ORD-0006130,PRD-0187,2026-01-12 02:00:00,2,0.1,4
ORD-0006131,PRD-0372,2026-03-01 22:00:00,4,0.05,4
ORD-0006132,PRD-0138,2026-04-23 05:00:00,3,0.2,5
ORD-0006133,PRD-0130,2026-08-16 04:00:00,1,0.05,4
ORD-0006134,PRD-0194,2026-02-12 14:00:00,1,0.0,3
ORD-0006135,PRD-0316,2026-03-26 21:00:00,1,0.0,4
ORD-0006136,PRD-0472,2026-01-24 12:00:00,1,0.0,3
ORD-0006137,PRD-0273,2026-08-12 14:00:00,3,0.0,5
ORD-0006138,PRD-0352,2026-02-14 03:00:00,2,0.05,3
ORD-0006139,PRD-0144,2026-03-01 08:00:00,4,0.2,4
ORD-0006140,PRD-0016,2026-06-21 19:00:00,2,0.0,5
ORD-0006141,PRD-0302,2026-01-10 03:00:00,4,0.1,4
ORD-0006142,PRD-0423,2026-01-17 21:00:00,2,0.1,2
ORD-0006143,PRD-0245,2026-03-10 05:00:00,3,0.0,5
ORD-0006144,PRD-0415,2026-04-07 14:00:00,3,0.0,2
ORD-0006145,PRD-0107,2026-03-15 07:00:00,4,0.05,5
ORD-0006146,PRD-0088,2026-03-11 18:00:00,3,0.0,5
ORD-0006147,PRD-0129,2026-02-02 23:00:00,4,0.0,4
ORD-0006148,PRD-0395,2026-05-30 06:00:00,2,0.0,4
ORD-0006149,PRD-0375,2026-07-30 18:00:00,3,0.2,5
ORD-0006150,PRD-0341,2026-02-24 13:00:00,3,0.0,4
ORD-0006151,PRD-0004,2026-06-09 17:00:00,4,0.05,5
ORD-0006152,PRD-0327,2026-07-25 09:00:00,4,0.1,3
ORD-0006153,PRD-0410,2026-07-03 20:00:00,4,0.05,5
ORD-0006154,PRD-0367,2026-08-14 16:00:00,4,0.0,5
ORD-0006155,PRD-0306,2026-02-25 10:00:00,1,0.05,5
ORD-0006156,PRD-0396,2026-07-05 06:00:00,4,0.0,2
ORD-0006157,PRD-0095,2026-01-22 06:00:00,1,0.0,4
ORD-0006158,PRD-0209,2026-04-18 04:00:00,2,0.2,3
ORD-0006159,PRD-0225,2026-06-13 17:00:00,4,0.0,5
ORD-0006160,PRD-0459,2026-01-21 11:00:00,1,0.05,4
ORD-0006161,PRD-0348,2026-03-09 09:00:00,1,0.0,5
ORD-0006162,PRD-0480,2026-03-27 16:00:00,1,0.0,4
ORD-0006163,PRD-0321,2026-03-05 08:00:00,3,0.2,3
ORD-0006164,PRD-0047,2026-03-07 23:00:00,1,0.05,4
ORD-0006165,PRD-0476,2026-03-07 15:00:00,4,0.0,5
ORD-0006166,PRD-0181,2026-06-14 10:00:00,4,0.2,5
ORD-0006167,PRD-0106,2026-03-15 09:00:00,4,0.05,4
ORD-0006168,PRD-0199,2026-03-24 23:00:00,1,0.0,5
ORD-0006169,PRD-0386,2026-05-13 11:00:00,1,0.05,4
ORD-0006170,PRD-0106,2026-08-12 12:00:00,3,0.0,5
ORD-0006171,PRD-0280,2026-05-19 14:00:00,2,0.0,5
ORD-0006172,PRD-0260,2026-02-13 14:00:00,3,0.0,4
ORD-0006173,PRD-0108,2026-05-01 12:00:00,4,0.0,1
ORD-0006174,PRD-0019,2026-04-19 21:00:00,4,0.0,4
ORD-0006175,PRD-0410,2026-06-12 04:00:00,4,0.1,1
ORD-0006176,PRD-0459,2026-06-22 16:00:00,3,0.05,5
ORD-0006177,PRD-0296,2026-01-20 05:00:00,4,0.0,5
ORD-0006178,PRD-0306,2026-07-04 15:00:00,4,0.1,5
ORD-0006179,PRD-0171,2026-02-27 13:00:00,4,0.0,5
ORD-0006180,PRD-0331,2026-02-17 17:00:00,1,0.05,4
ORD-0006181,PRD-0493,2026-05-27 11:00:00,2,0.0,2
ORD-0006182,PRD-0195,2026-07-05 14:00:00,1,0.1,5
ORD-0006183,PRD-0012,2026-01-09 00:00:00,1,0.2,5
ORD-0006184,PRD-0195,2026-08-19 15:00:00,2,0.05,5
ORD-0006185,PRD-0490,2026-08-18 00:00:00,2,0.2,5
ORD-0006186,PRD-0283,2026-05-28 06:00:00,3,0.0,4
ORD-0006187,PRD-0369,2026-02-01 11:00:00,2,0.1,3
ORD-0006188,PRD-0182,2026-03-12 04:00:00,3,0.0,5
ORD-0006189,PRD-0450,2026-04-16 05:00:00,3,0.0,4
ORD-0006190,PRD-0305,2026-02-04 11:00:00,1,0.05,5
ORD-0006191,PRD-0144,2026-02-07 01:00:00,4,0.05,4
ORD-0006192,PRD-0386,2026-07-17 20:00:00,1,0.0,4
ORD-0006193,PRD-0316,2026-04-13 07:00:00,1,0.0,3
ORD-0006194,PRD-0182,2026-04-08 05:00:00,2,0.0,5
ORD-0006195,PRD-0030,2026-07-26 02:00:00,2,0.0,5
ORD-0006196,PRD-0084,2026-01-05 14:00:00,3,0.0,4
ORD-0006197,PRD-0166,2026-07-16 11:00:00,3,0.0,4
ORD-0006198,PRD-0284,2026-02-03 00:00:00,3,0.0,5
ORD-0006199,PRD-0281,2026-08-07 21:00:00,2,0.2,4
ORD-0006200,PRD-0096,2026-07-15 03:00:00,3,0.05,4
ORD-0006201,PRD-0381,2026-04-21 03:00:00,3,0.0,4
ORD-0006202,PRD-0266,2026-05-23 06:00:00,2,0.2,4
ORD-0006203,PRD-0444,2026-02-24 13:00:00,4,0.05,5
ORD-0006204,PRD-0298,2026-01-13 08:00:00,1,0.0,3
ORD-0006205,PRD-0296,2026-03-09 21:00:00,2,0.0,4
ORD-0006206,PRD-0225,2026-01-24 16:00:00,3,0.0,4
ORD-0006207,PRD-0333,2026-08-09 03:00:00,1,0.0,4
ORD-0006208,PRD-0361,2026-07-25 07:00:00,2,0.0,5
ORD-0006209,PRD-0374,2026-07-16 01:00:00,1,0.0,2
ORD-0006210,PRD-0042,2026-06-21 07:00:00,1,0.0,5
ORD-0006211,PRD-0303,2026-08-16 17:00:00,4,0.05,3
ORD-0006212,PRD-0421,2026-01-03 23:00:00,3,0.0,5
ORD-0006213,PRD-0246,2026-07-01 21:00:00,2,0.05,5
ORD-0006214,PRD-0208,2026-07-02 14:00:00,3,0.0,4
ORD-0006215,PRD-0237,2026-01-03 17:00:00,4,0.2,5
ORD-0006216,PRD-0022,2026-02-06 15:00:00,4,0.0,4
ORD-0006217,PRD-0185,2026-01-03 19:00:00,2,0.2,3
ORD-0006218,PRD-0468,2026-02-20 16:00:00,2,0.1,4
ORD-0006219,PRD-0242,2026-05-07 03:00:00,4,0.05,4
ORD-0006220,PRD-0363,2026-08-18 02:00:00,2,0.05,4
ORD-0006221,PRD-0283,2026-07-31 05:00:00,1,0.0,4
ORD-0006222,PRD-0041,2026-05-15 23:00:00,1,0.2,4
ORD-0006223,PRD-0336,2026-05-26 00:00:00,4,0.0,5
ORD-0006224,PRD-0162,2026-01-22 03:00:00,3,0.0,4
ORD-0006225,PRD-0160,2026-06-04 18:00:00,2,0.0,1
ORD-0006226,PRD-0474,2026-05-01 04:00:00,2,0.0,4
ORD-0006227,PRD-0089,2026-02-16 21:00:00,1,0.05,4
ORD-0006228,PRD-0322,2026-02-06 21:00:00,2,0.2,2
ORD-0006229,PRD-0012,2026-04-29 09:00:00,3,0.0,3
ORD-0006230,PRD-0424,2026-06-11 13:00:00,2,0.2,5
ORD-0006231,PRD-0073,2026-07-22 22:00:00,2,0.0,4
ORD-0006232,PRD-0076,2026-04-16 05:00:00,1,0.0,5
ORD-0006233,PRD-0346,2026-02-08 13:00:00,2,0.0,3
ORD-0006234,PRD-0201,2026-06-25 15:00:00,4,0.05,1
ORD-0006235,PRD-0010,2026-03-22 18:00:00,4,0.0,4
ORD-0006236,PRD-0352,2026-06-08 22:00:00,3,0.0,5
ORD-0006237,PRD-0226,2026-05-21 02:00:00,3,0.0,5
ORD-0006238,PRD-0176,2026-07-10 23:00:00,3,0.0,4
ORD-0006239,PRD-0276,2026-05-15 16:00:00,3,0.05,1
ORD-0006240,PRD-0039,2026-06-06 00:00:00,1,0.0,4
ORD-0006241,PRD-0060,2026-05-25 09:00:00,2,0.0,4
ORD-0006242,PRD-0066,2026-01-19 08:00:00,1,0.0,5
ORD-0006243,PRD-0321,2026-05-31 11:00:00,3,0.0,5
ORD-0006244,PRD-0435,2026-01-20 05:00:00,2,0.0,4
ORD-0006245,PRD-0124,2026-01-26 11:00:00,4,0.0,2
ORD-0006246,PRD-0164,2026-08-14 13:00:00,1,0.05,5
ORD-0006247,PRD-0408,2026-05-25 15:00:00,2,0.0,5
ORD-0006248,PRD-0411,2026-08-28 19:00:00,4,0.0,5
ORD-0006249,PRD-0386,2026-07-28 20:00:00,4,0.0,4
ORD-0006250,PRD-0159,2026-05-12 19:00:00,3,0.0,5
ORD-0006251,PRD-0057,2026-01-01 05:00:00,4,0.0,3
ORD-0006252,PRD-0078,2026-07-19 00:00:00,4,0.0,4
ORD-0006253,PRD-0194,2026-08-28 03:00:00,3,0.0,5
ORD-0006254,PRD-0285,2026-06-15 10:00:00,2,0.05,5
ORD-0006255,PRD-0015,2026-04-30 02:00:00,2,0.0,4
ORD-0006256,PRD-0012,2026-04-19 14:00:00,3,0.05,5
ORD-0006257,PRD-0101,2026-01-05 02:00:00,1,0.0,5
ORD-0006258,PRD-0156,2026-01-22 21:00:00,3,0.0,4
ORD-0006259,PRD-0340,2026-02-19 04:00:00,2,0.05,5
ORD-0006260,PRD-0125,2026-03-12 09:00:00,1,0.0,5
ORD-0006261,PRD-0359,2026-02-17 10:00:00,3,0.0,5
ORD-0006262,PRD-0280,2026-07-07 03:00:00,2,0.05,4
ORD-0006263,PRD-0405,2026-07-22 17:00:00,2,0.1,4
ORD-0006264,PRD-0394,2026-05-08 23:00:00,2,0.2,5
ORD-0006265,PRD-0110,2026-08-24 01:00:00,4,0.05,4
ORD-0006266,PRD-0334,2026-05-02 23:00:00,4,0.1,1
ORD-0006267,PRD-0357,2026-04-27 08:00:00,1,0.0,5
ORD-0006268,PRD-0146,2026-07-19 02:00:00,1,0.0,5
ORD-0006269,PRD-0216,2026-08-24 12:00:00,1,0.0,4
ORD-0006270,PRD-0398,2026-01-01 14:00:00,4,0.0,3
ORD-0006271,PRD-0162,2026-04-11 15:00:00,1,0.0,5
ORD-0006272,PRD-0128,2026-04-22 21:00:00,2,0.05,2
ORD-0006273,PRD-0314,2026-05-01 20:00:00,2,0.0,4
ORD-0006274,PRD-0332,2026-02-21 12:00:00,1,0.05,2
ORD-0006275,PRD-0150,2026-06-20 20:00:00,1,0.0,5
ORD-0006276,PRD-0454,2026-08-19 01:00:00,4,0.0,1
ORD-0006277,PRD-0036,2026-05-15 04:00:00,2,0.0,5
ORD-0006278,PRD-0173,2026-03-08 23:00:00,3,0.0,5
ORD-0006279,PRD-0420,2026-05-29 11:00:00,3,0.0,4
ORD-0006280,PRD-0022,2026-05-18 09:00:00,4,0.05,3
ORD-0006281,PRD-0206,2026-04-20 17:00:00,4,0.0,3
ORD-0006282,PRD-0127,2026-06-12 02:00:00,4,0.0,4
ORD-0006283,PRD-0336,2026-06-27 16:00:00,2,0.05,4
ORD-0006284,PRD-0445,2026-04-28 00:00:00,1,0.0,5
ORD-0006285,PRD-0356,2026-02-02 23:00:00,1,0.0,1
ORD-0006286,PRD-0440,2026-02-11 15:00:00,4,0.0,5
ORD-0006287,PRD-0217,2026-01-07 07:00:00,2,0.0,5
ORD-0006288,PRD-0096,2026-05-08 15:00:00,3,0.05,4
ORD-0006289,PRD-0417,2026-07-11 15:00:00,4,0.1,4
ORD-0006290,PRD-0429,2026-08-25 05:00:00,2,0.05,5
ORD-0006291,PRD-0164,2026-03-29 03:00:00,4,0.0,5
ORD-0006292,PRD-0148,2026-07-11 15:00:00,2,0.05,5
ORD-0006293,PRD-0018,2026-06-20 02:00:00,2,0.0,4
ORD-0006294,PRD-0294,2026-06-17 18:00:00,4,0.0,5
ORD-0006295,PRD-0195,2026-05-05 01:00:00,1,0.0,2
ORD-0006296,PRD-0151,2026-02-05 02:00:00,4,0.05,4
ORD-0006297,PRD-0480,2026-07-05 06:00:00,1,0.05,4
ORD-0006298,PRD-0365,2026-06-08 01:00:00,1,0.05,4
ORD-0006299,PRD-0123,2026-03-28 06:00:00,3,0.05,5
ORD-0006300,PRD-0400,2026-03-11 03:00:00,2,0.0,3
ORD-0006301,PRD-0187,2026-01-25 21:00:00,4,0.0,5
ORD-0006302,PRD-0453,2026-08-04 02:00:00,2,0.05,5
ORD-0006303,PRD-0452,2026-04-15 17:00:00,3,0.05,5
ORD-0006304,PRD-0149,2026-06-22 07:00:00,1,0.05,1
ORD-0006305,PRD-0104,2026-06-27 22:00:00,4,0.0,5
ORD-0006306,PRD-0243,2026-08-01 06:00:00,2,0.05,4
ORD-0006307,PRD-0462,2026-05-31 03:00:00,3,0.0,5
ORD-0006308,PRD-0231,2026-08-21 12:00:00,1,0.05,5
ORD-0006309,PRD-0479,2026-02-20 16:00:00,1,0.0,4
ORD-0006310,PRD-0206,2026-04-06 11:00:00,2,0.2,4
ORD-0006311,PRD-0198,2026-07-25 11:00:00,1,0.0,5
ORD-0006312,PRD-0396,2026-06-08 19:00:00,3,0.05,5
ORD-0006313,PRD-0400,2026-08-03 19:00:00,1,0.0,4
ORD-0006314,PRD-0337,2026-07-28 01:00:00,4,0.0,4
ORD-0006315,PRD-0493,2026-08-24 19:00:00,4,0.0,4
ORD-0006316,PRD-0087,2026-08-03 06:00:00,2,0.05,5
ORD-0006317,PRD-0142,2026-02-08 19:00:00,3,0.0,1
ORD-0006318,PRD-0317,2026-03-31 02:00:00,1,0.0,5
ORD-0006319,PRD-0199,2026-06-16 18:00:00,1,0.2,5
ORD-0006320,PRD-0046,2026-05-05 02:00:00,1,0.05,5
ORD-0006321,PRD-0288,2026-08-11 19:00:00,4,0.0,5
ORD-0006322,PRD-0015,2026-08-10 17:00:00,3,0.0,4
ORD-0006323,PRD-0044,2026-08-16 21:00:00,1,0.0,4
ORD-0006324,PRD-0401,2026-06-12 04:00:00,2,0.1,3
ORD-0006325,PRD-0169,2026-08-03 21:00:00,3,0.05,4
ORD-0006326,PRD-0310,2026-07-11 11:00:00,3,0.1,2
ORD-0006327,PRD-0495,2026-08-31 10:00:00,1,0.0,5
ORD-0006328,PRD-0044,2026-05-02 14:00:00,4,0.05,5
ORD-0006329,PRD-0098,2026-04-17 20:00:00,3,0.0,4
ORD-0006330,PRD-0261,2026-03-15 11:00:00,2,0.0,4
ORD-0006331,PRD-0109,2026-04-01 10:00:00,3,0.05,3
ORD-0006332,PRD-0283,2026-08-30 20:00:00,4,0.0,5
ORD-0006333,PRD-0372,2026-01-14 23:00:00,2,0.0,5
ORD-0006334,PRD-0343,2026-02-19 00:00:00,4,0.1,4
ORD-0006335,PRD-0104,2026-05-06 21:00:00,1,0.0,5
ORD-0006336,PRD-0256,2026-02-02 10:00:00,3,0.0,4
ORD-0006337,PRD-0379,2026-02-19 09:00:00,2,0.05,4
ORD-0006338,PRD-0206,2026-05-17 21:00:00,4,0.2,1
ORD-0006339,PRD-0335,2026-05-24 15:00:00,1,0.05,5
ORD-0006340,PRD-0043,2026-06-16 07:00:00,2,0.0,3
ORD-0006341,PRD-0353,2026-08-20 18:00:00,3,0.0,1
ORD-0006342,PRD-0245,2026-04-13 22:00:00,3,0.0,3
ORD-0006343,PRD-0287,2026-08-24 17:00:00,4,0.05,4
ORD-0006344,PRD-0355,2026-02-09 02:00:00,2,0.0,5
ORD-0006345,PRD-0273,2026-07-24 03:00:00,1,0.1,4
ORD-0006346,PRD-0476,2026-06-16 22:00:00,1,0.0,5
ORD-0006347,PRD-0083,2026-03-22 15:00:00,1,0.0,4
ORD-0006348,PRD-0110,2026-01-27 09:00:00,4,0.05,4
ORD-0006349,PRD-0438,2026-02-22 05:00:00,1,0.05,4
ORD-0006350,PRD-0190,2026-02-15 02:00:00,2,0.05,4
ORD-0006351,PRD-0471,2026-03-31 07:00:00,4,0.2,2
ORD-0006352,PRD-0288,2026-02-23 13:00:00,3,0.2,4
ORD-0006353,PRD-0424,2026-01-15 17:00:00,4,0.2,5
ORD-0006354,PRD-0397,2026-08-07 23:00:00,4,0.1,5
ORD-0006355,PRD-0251,2026-03-20 13:00:00,4,0.05,5
ORD-0006356,PRD-0212,2026-03-17 18:00:00,2,0.05,3
ORD-0006357,PRD-0291,2026-07-30 22:00:00,3,0.0,4
ORD-0006358,PRD-0133,2026-04-16 00:00:00,3,0.0,4
ORD-0006359,PRD-0201,2026-06-17 00:00:00,4,0.0,5
ORD-0006360,PRD-0285,2026-05-06 22:00:00,4,0.0,5
ORD-0006361,PRD-0326,2026-04-18 16:00:00,4,0.0,5
ORD-0006362,PRD-0409,2026-08-08 09:00:00,2,0.0,1
ORD-0006363,PRD-0095,2026-03-06 11:00:00,2,0.2,4
ORD-0006364,PRD-0278,2026-06-17 10:00:00,1,0.1,1
ORD-0006365,PRD-0450,2026-06-25 04:00:00,3,0.0,1
ORD-0006366,PRD-0429,2026-02-27 00:00:00,1,0.0,2
ORD-0006367,PRD-0325,2026-05-20 01:00:00,1,0.1,4
ORD-0006368,PRD-0219,2026-03-15 05:00:00,4,0.1,4
ORD-0006369,PRD-0089,2026-08-01 01:00:00,2,0.2,4
ORD-0006370,PRD-0072,2026-03-05 05:00:00,1,0.2,4
ORD-0006371,PRD-0247,2026-08-16 04:00:00,1,0.2,5
ORD-0006372,PRD-0129,2026-07-24 21:00:00,1,0.0,3
ORD-0006373,PRD-0212,2026-05-26 04:00:00,4,0.0,3
ORD-0006374,PRD-0428,2026-06-03 13:00:00,4,0.05,5
ORD-0006375,PRD-0343,2026-07-29 16:00:00,2,0.0,5
ORD-0006376,PRD-0096,2026-05-08 04:00:00,1,0.1,3
ORD-0006377,PRD-0075,2026-04-23 08:00:00,1,0.0,5
ORD-0006378,PRD-0423,2026-01-08 22:00:00,2,0.05,4
ORD-0006379,PRD-0495,2026-02-08 20:00:00,2,0.0,4
ORD-0006380,PRD-0054,2026-06-26 13:00:00,2,0.0,4
ORD-0006381,PRD-0344,2026-05-15 22:00:00,3,0.0,4
ORD-0006382,PRD-0459,2026-04-03 07:00:00,2,0.2,5
ORD-0006383,PRD-0413,2026-01-24 13:00:00,4,0.0,4
ORD-0006384,PRD-0054,2026-08-13 02:00:00,3,0.2,4
ORD-0006385,PRD-0218,2026-08-20 14:00:00,2,0.1,5
ORD-0006386,PRD-0016,2026-02-17 06:00:00,4,0.05,4
ORD-0006387,PRD-0099,2026-01-31 23:00:00,2,0.05,5
ORD-0006388,PRD-0020,2026-01-29 00:00:00,2,0.05,4
ORD-0006389,PRD-0046,2026-05-02 07:00:00,3,0.0,4
ORD-0006390,PRD-0451,2026-01-23 02:00:00,4,0.0,4
ORD-0006391,PRD-0193,2026-08-14 09:00:00,1,0.1,5
ORD-0006392,PRD-0383,2026-05-06 21:00:00,2,0.05,5
ORD-0006393,PRD-0058,2026-01-24 09:00:00,3,0.0,1
ORD-0006394,PRD-0437,2026-08-23 13:00:00,4,0.05,2
ORD-0006395,PRD-0111,2026-01-13 13:00:00,2,0.0,5
ORD-0006396,PRD-0129,2026-06-06 23:00:00,1,0.0,5
ORD-0006397,PRD-0337,2026-06-28 08:00:00,4,0.0,5
ORD-0006398,PRD-0194,2026-01-22 05:00:00,4,0.0,4
ORD-0006399,PRD-0413,2026-08-15 05:00:00,3,0.0,5
ORD-0006400,PRD-0340,2026-08-16 17:00:00,2,0.0,3
ORD-0006401,PRD-0326,2026-05-24 13:00:00,2,0.0,5
ORD-0006402,PRD-0008,2026-04-02 19:00:00,4,0.0,4
ORD-0006403,PRD-0029,2026-04-29 02:00:00,2,0.0,5
ORD-0006404,PRD-0112,2026-02-03 02:00:00,4,0.0,1
ORD-0006405,PRD-0435,2026-04-14 07:00:00,1,0.0,5
ORD-0006406,PRD-0161,2026-03-05 11:00:00,3,0.0,5
ORD-0006407,PRD-0131,2026-07-22 08:00:00,2,0.0,5
ORD-0006408,PRD-0188,2026-04-02 10:00:00,2,0.0,5
ORD-0006409,PRD-0163,2026-04-16 08:00:00,3,0.1,5
ORD-0006410,PRD-0197,2026-01-19 02:00:00,1,0.0,5
ORD-0006411,PRD-0475,2026-08-23 22:00:00,1,0.0,4
ORD-0006412,PRD-0364,2026-03-26 22:00:00,1,0.0,3
ORD-0006413,PRD-0204,2026-03-13 02:00:00,1,0.0,5
ORD-0006414,PRD-0212,2026-01-03 20:00:00,1,0.05,5
ORD-0006415,PRD-0109,2026-08-27 13:00:00,4,0.0,2
ORD-0006416,PRD-0276,2026-03-21 08:00:00,2,0.0,5
ORD-0006417,PRD-0073,2026-06-14 23:00:00,2,0.0,3
ORD-0006418,PRD-0167,2026-05-03 23:00:00,2,0.0,1
ORD-0006419,PRD-0260,2026-07-13 17:00:00,4,0.0,5
ORD-0006420,PRD-0243,2026-04-24 01:00:00,3,0.05,5
ORD-0006421,PRD-0275,2026-08-13 17:00:00,1,0.0,5
ORD-0006422,PRD-0102,2026-05-21 09:00:00,3,0.0,5
ORD-0006423,PRD-0475,2026-07-11 11:00:00,1,0.05,2
ORD-0006424,PRD-0173,2026-06-05 07:00:00,1,0.05,3
ORD-0006425,PRD-0171,2026-04-11 04:00:00,3,0.05,5
ORD-0006426,PRD-0141,2026-05-19 13:00:00,2,0.0,5
ORD-0006427,PRD-0397,2026-05-28 18:00:00,4,0.0,4
ORD-0006428,PRD-0188,2026-08-23 09:00:00,3,0.0,5
ORD-0006429,PRD-0441,2026-04-06 23:00:00,2,0.05,5
ORD-0006430,PRD-0086,2026-06-03 09:00:00,1,0.0,5
ORD-0006431,PRD-0476,2026-05-15 05:00:00,2,0.0,5
ORD-0006432,PRD-0052,2026-08-22 15:00:00,1,0.05,4
ORD-0006433,PRD-0111,2026-07-02 06:00:00,1,0.05,4
ORD-0006434,PRD-0437,2026-02-15 02:00:00,2,0.0,5
ORD-0006435,PRD-0365,2026-01-19 13:00:00,1,0.1,5
ORD-0006436,PRD-0342,2026-07-25 11:00:00,4,0.1,4
ORD-0006437,PRD-0043,2026-07-22 02:00:00,2,0.0,5
ORD-0006438,PRD-0211,2026-03-08 08:00:00,3,0.2,5
ORD-0006439,PRD-0456,2026-08-22 16:00:00,1,0.0,4
ORD-0006440,PRD-0500,2026-08-19 06:00:00,1,0.05,5
ORD-0006441,PRD-0200,2026-08-04 19:00:00,4,0.1,1
ORD-0006442,PRD-0298,2026-04-26 15:00:00,4,0.0,4
ORD-0006443,PRD-0346,2026-06-09 00:00:00,3,0.0,5
ORD-0006444,PRD-0240,2026-05-08 05:00:00,1,0.2,3
ORD-0006445,PRD-0115,2026-03-08 06:00:00,3,0.0,4
ORD-0006446,PRD-0026,2026-04-03 23:00:00,3,0.0,5
ORD-0006447,PRD-0407,2026-08-02 06:00:00,1,0.0,5
ORD-0006448,PRD-0299,2026-03-07 01:00:00,3,0.1,4
ORD-0006449,PRD-0077,2026-06-28 00:00:00,3,0.2,4
ORD-0006450,PRD-0412,2026-06-01 22:00:00,4,0.0,4
ORD-0006451,PRD-0137,2026-07-25 22:00:00,4,0.1,5
ORD-0006452,PRD-0020,2026-05-15 22:00:00,3,0.0,3
ORD-0006453,PRD-0440,2026-08-11 16:00:00,1,0.2,4
ORD-0006454,PRD-0211,2026-03-08 16:00:00,4,0.0,4
ORD-0006455,PRD-0240,2026-08-26 12:00:00,3,0.0,4
ORD-0006456,PRD-0039,2026-03-27 16:00:00,2,0.0,3
ORD-0006457,PRD-0435,2026-06-30 11:00:00,2,0.0,3
ORD-0006458,PRD-0268,2026-01-30 13:00:00,3,0.0,5
ORD-0006459,PRD-0207,2026-05-04 19:00:00,2,0.05,5
ORD-0006460,PRD-0479,2026-04-24 20:00:00,4,0.0,4
ORD-0006461,PRD-0439,2026-02-03 01:00:00,1,0.2,5
ORD-0006462,PRD-0462,2026-05-10 03:00:00,3,0.05,5
ORD-0006463,PRD-0267,2026-04-29 23:00:00,4,0.05,3
ORD-0006464,PRD-0154,2026-08-29 05:00:00,1,0.0,4
ORD-0006465,PRD-0042,2026-01-02 02:00:00,2,0.1,4
ORD-0006466,PRD-0411,2026-05-17 03:00:00,2,0.05,5
ORD-0006467,PRD-0011,2026-08-10 18:00:00,2,0.1,5
ORD-0006468,PRD-0294,2026-01-04 12:00:00,2,0.2,5
ORD-0006469,PRD-0098,2026-05-10 05:00:00,4,0.0,5
ORD-0006470,PRD-0427,2026-02-16 18:00:00,4,0.0,5
ORD-0006471,PRD-0275,2026-08-10 05:00:00,1,0.1,5
ORD-0006472,PRD-0448,2026-01-01 11:00:00,3,0.1,5
ORD-0006473,PRD-0390,2026-08-01 20:00:00,1,0.0,4
ORD-0006474,PRD-0430,2026-03-14 20:00:00,3,0.0,4
ORD-0006475,PRD-0372,2026-05-10 13:00:00,2,0.05,5
ORD-0006476,PRD-0230,2026-03-20 04:00:00,2,0.0,5
ORD-0006477,PRD-0369,2026-04-20 03:00:00,2,0.0,4
ORD-0006478,PRD-0426,2026-08-14 13:00:00,2,0.0,5
ORD-0006479,PRD-0220,2026-08-17 07:00:00,4,0.0,5
ORD-0006480,PRD-0065,2026-08-29 14:00:00,1,0.0,5
ORD-0006481,PRD-0355,2026-01-08 11:00:00,3,0.2,4
ORD-0006482,PRD-0232,2026-02-03 04:00:00,3,0.1,5
ORD-0006483,PRD-0328,2026-06-08 21:00:00,4,0.2,1
ORD-0006484,PRD-0443,2026-08-20 19:00:00,2,0.1,3
ORD-0006485,PRD-0052,2026-03-26 08:00:00,1,0.0,5
ORD-0006486,PRD-0374,2026-05-15 01:00:00,2,0.1,5
ORD-0006487,PRD-0431,2026-02-06 22:00:00,4,0.2,4
ORD-0006488,PRD-0376,2026-04-13 20:00:00,3,0.2,5
ORD-0006489,PRD-0263,2026-05-22 03:00:00,4,0.05,4
ORD-0006490,PRD-0267,2026-08-09 05:00:00,3,0.0,5
ORD-0006491,PRD-0359,2026-08-29 11:00:00,1,0.0,5
ORD-0006492,PRD-0317,2026-03-05 07:00:00,3,0.0,3
ORD-0006493,PRD-0324,2026-04-12 08:00:00,1,0.2,4
ORD-0006494,PRD-0409,2026-07-22 18:00:00,2,0.0,5
ORD-0006495,PRD-0396,2026-08-12 22:00:00,2,0.1,3
ORD-0006496,PRD-0154,2026-07-30 14:00:00,4,0.0,3
ORD-0006497,PRD-0358,2026-02-08 04:00:00,1,0.05,4
ORD-0006498,PRD-0366,2026-03-28 06:00:00,2,0.0,2
ORD-0006499,PRD-0140,2026-06-15 16:00:00,1,0.0,5
ORD-0006500,PRD-0427,2026-03-16 05:00:00,2,0.0,3
ORD-0006501,PRD-0051,2026-01-15 02:00:00,2,0.05,5
ORD-0006502,PRD-0117,2026-03-05 04:00:00,3,0.0,4
ORD-0006503,PRD-0421,2026-04-30 14:00:00,4,0.05,5
ORD-0006504,PRD-0046,2026-05-30 06:00:00,3,0.0,5
ORD-0006505,PRD-0309,2026-08-17 19:00:00,1,0.1,4
ORD-0006506,PRD-0088,2026-02-08 02:00:00,2,0.0,5
ORD-0006507,PRD-0208,2026-05-18 02:00:00,4,0.05,2
ORD-0006508,PRD-0377,2026-07-10 10:00:00,2,0.0,5
ORD-0006509,PRD-0269,2026-03-02 06:00:00,2,0.05,5
ORD-0006510,PRD-0089,2026-02-27 11:00:00,3,0.0,5
ORD-0006511,PRD-0381,2026-03-03 19:00:00,1,0.05,5
ORD-0006512,PRD-0118,2026-03-28 10:00:00,4,0.2,1
ORD-0006513,PRD-0054,2026-02-03 08:00:00,4,0.0,1
ORD-0006514,PRD-0441,2026-02-21 22:00:00,4,0.0,1
ORD-0006515,PRD-0116,2026-07-26 15:00:00,1,0.05,5
ORD-0006516,PRD-0118,2026-04-25 01:00:00,4,0.05,5
ORD-0006517,PRD-0260,2026-08-08 11:00:00,1,0.0,4
ORD-0006518,PRD-0075,2026-05-26 15:00:00,4,0.0,4
ORD-0006519,PRD-0480,2026-07-21 10:00:00,2,0.0,3
ORD-0006520,PRD-0305,2026-08-16 22:00:00,1,0.0,4
ORD-0006521,PRD-0007,2026-05-16 17:00:00,3,0.0,4
ORD-0006522,PRD-0366,2026-06-11 13:00:00,4,0.1,5
ORD-0006523,PRD-0122,2026-02-10 21:00:00,3,0.0,5
ORD-0006524,PRD-0011,2026-04-14 04:00:00,1,0.0,5
ORD-0006525,PRD-0348,2026-03-29 00:00:00,2,0.1,5
ORD-0006526,PRD-0438,2026-05-04 00:00:00,3,0.0,5
ORD-0006527,PRD-0489,2026-02-12 03:00:00,3,0.05,5
ORD-0006528,PRD-0215,2026-05-25 08:00:00,2,0.1,4
ORD-0006529,PRD-0429,2026-04-25 14:00:00,2,0.0,4
ORD-0006530,PRD-0279,2026-03-30 14:00:00,1,0.0,4
ORD-0006531,PRD-0498,2026-07-20 12:00:00,4,0.2,5
ORD-0006532,PRD-0028,2026-06-10 21:00:00,3,0.2,5
ORD-0006533,PRD-0235,2026-04-18 23:00:00,3,0.0,5
ORD-0006534,PRD-0367,2026-03-03 09:00:00,1,0.0,5
ORD-0006535,PRD-0313,2026-04-16 01:00:00,4,0.0,1
ORD-0006536,PRD-0026,2026-02-18 13:00:00,1,0.0,5
ORD-0006537,PRD-0409,2026-05-19 10:00:00,3,0.0,5
ORD-0006538,PRD-0054,2026-01-26 09:00:00,3,0.05,5
ORD-0006539,PRD-0029,2026-04-01 23:00:00,2,0.1,5
ORD-0006540,PRD-0467,2026-04-16 11:00:00,2,0.0,5
ORD-0006541,PRD-0353,2026-08-15 07:00:00,4,0.1,4
ORD-0006542,PRD-0164,2026-04-30 05:00:00,3,0.0,4
ORD-0006543,PRD-0270,2026-07-13 18:00:00,3,0.0,5
ORD-0006544,PRD-0334,2026-03-10 23:00:00,2,0.0,5
ORD-0006545,PRD-0035,2026-03-15 03:00:00,1,0.0,2
ORD-0006546,PRD-0286,2026-01-02 21:00:00,1,0.0,5
ORD-0006547,PRD-0348,2026-02-22 11:00:00,3,0.1,5
ORD-0006548,PRD-0273,2026-08-04 07:00:00,3,0.0,3
ORD-0006549,PRD-0451,2026-07-13 06:00:00,4,0.05,3
ORD-0006550,PRD-0208,2026-05-15 16:00:00,4,0.0,4
ORD-0006551,PRD-0238,2026-03-02 11:00:00,2,0.0,4
ORD-0006552,PRD-0414,2026-03-30 06:00:00,3,0.0,3
ORD-0006553,PRD-0500,2026-04-17 23:00:00,1,0.1,3
ORD-0006554,PRD-0093,2026-03-25 00:00:00,4,0.0,3
ORD-0006555,PRD-0173,2026-07-28 16:00:00,2,0.05,5
ORD-0006556,PRD-0079,2026-05-11 03:00:00,2,0.2,5
ORD-0006557,PRD-0110,2026-08-04 04:00:00,1,0.05,5
ORD-0006558,PRD-0217,2026-04-08 12:00:00,4,0.0,5
ORD-0006559,PRD-0435,2026-07-24 11:00:00,1,0.05,5
ORD-0006560,PRD-0358,2026-03-04 00:00:00,2,0.0,5
ORD-0006561,PRD-0106,2026-03-07 13:00:00,3,0.05,5
ORD-0006562,PRD-0047,2026-07-26 18:00:00,1,0.0,4
ORD-0006563,PRD-0181,2026-04-12 03:00:00,2,0.0,5
ORD-0006564,PRD-0064,2026-03-15 14:00:00,3,0.0,5
ORD-0006565,PRD-0246,2026-05-28 21:00:00,3,0.0,4
ORD-0006566,PRD-0244,2026-04-07 05:00:00,4,0.0,3
ORD-0006567,PRD-0422,2026-07-14 19:00:00,4,0.1,5
ORD-0006568,PRD-0320,2026-04-11 04:00:00,2,0.1,3
ORD-0006569,PRD-0087,2026-03-02 02:00:00,1,0.0,4
ORD-0006570,PRD-0217,2026-07-19 17:00:00,3,0.0,5
ORD-0006571,PRD-0490,2026-03-24 08:00:00,4,0.0,5
ORD-0006572,PRD-0007,2026-06-15 13:00:00,4,0.0,5
ORD-0006573,PRD-0278,2026-04-14 18:00:00,1,0.2,5
ORD-0006574,PRD-0337,2026-01-31 05:00:00,4,0.05,5
ORD-0006575,PRD-0210,2026-06-08 11:00:00,2,0.0,4
ORD-0006576,PRD-0497,2026-07-02 13:00:00,1,0.0,5
ORD-0006577,PRD-0169,2026-06-09 11:00:00,3,0.05,4
ORD-0006578,PRD-0330,2026-07-14 09:00:00,2,0.05,5
ORD-0006579,PRD-0138,2026-05-31 19:00:00,3,0.0,4
ORD-0006580,PRD-0441,2026-05-01 07:00:00,3,0.0,4
ORD-0006581,PRD-0391,2026-08-22 17:00:00,4,0.0,4
ORD-0006582,PRD-0496,2026-01-21 17:00:00,2,0.0,5
ORD-0006583,PRD-0381,2026-06-15 16:00:00,2,0.0,5
ORD-0006584,PRD-0306,2026-01-30 08:00:00,1,0.0,4
ORD-0006585,PRD-0230,2026-08-16 04:00:00,2,0.1,4
ORD-0006586,PRD-0475,2026-07-14 01:00:00,1,0.0,5
ORD-0006587,PRD-0308,2026-06-21 23:00:00,2,0.2,5
ORD-0006588,PRD-0161,2026-06-03 09:00:00,3,0.0,4
ORD-0006589,PRD-0001,2026-06-22 10:00:00,1,0.0,3
ORD-0006590,PRD-0236,2026-03-21 20:00:00,2,0.0,4
ORD-0006591,PRD-0437,2026-02-27 06:00:00,1,0.0,5
ORD-0006592,PRD-0188,2026-03-18 21:00:00,4,0.2,4
ORD-0006593,PRD-0418,2026-07-13 22:00:00,4,0.0,3
ORD-0006594,PRD-0004,2026-03-01 20:00:00,1,0.0,1
ORD-0006595,PRD-0401,2026-07-29 22:00:00,1,0.2,5
ORD-0006596,PRD-0132,2026-08-26 06:00:00,3,0.0,5
ORD-0006597,PRD-0427,2026-05-09 18:00:00,2,0.0,5
ORD-0006598,PRD-0218,2026-02-27 02:00:00,4,0.0,5
ORD-0006599,PRD-0260,2026-03-22 08:00:00,4,0.0,5
ORD-0006600,PRD-0001,2026-03-10 04:00:00,2,0.0,4
ORD-0006601,PRD-0071,2026-01-04 19:00:00,4,0.0,5
ORD-0006602,PRD-0478,2026-03-18 19:00:00,4,0.1,2
ORD-0006603,PRD-0178,2026-01-08 16:00:00,1,0.1,5
ORD-0006604,PRD-0457,2026-07-20 23:00:00,4,0.0,5
ORD-0006605,PRD-0189,2026-08-03 11:00:00,4,0.0,5
ORD-0006606,PRD-0291,2026-03-07 11:00:00,4,0.0,5
ORD-0006607,PRD-0008,2026-02-04 15:00:00,2,0.0,5
ORD-0006608,PRD-0253,2026-07-05 00:00:00,3,0.0,5
ORD-0006609,PRD-0408,2026-08-19 18:00:00,1,0.1,4
ORD-0006610,PRD-0467,2026-08-10 11:00:00,3,0.05,5
ORD-0006611,PRD-0292,2026-03-30 13:00:00,4,0.0,4
ORD-0006612,PRD-0434,2026-06-27 14:00:00,4,0.05,5
ORD-0006613,PRD-0244,2026-01-11 23:00:00,4,0.0,2
ORD-0006614,PRD-0123,2026-08-21 23:00:00,3,0.0,3
ORD-0006615,PRD-0299,2026-08-10 23:00:00,2,0.0,5
ORD-0006616,PRD-0283,2026-02-23 14:00:00,2,0.0,3
ORD-0006617,PRD-0032,2026-03-05 17:00:00,1,0.05,3
ORD-0006618,PRD-0334,2026-03-17 08:00:00,3,0.0,5
ORD-0006619,PRD-0377,2026-03-20 05:00:00,2,0.0,5
ORD-0006620,PRD-0146,2026-03-14 21:00:00,1,0.2,4
ORD-0006621,PRD-0156,2026-03-21 13:00:00,4,0.0,5
ORD-0006622,PRD-0413,2026-04-20 07:00:00,4,0.0,5
ORD-0006623,PRD-0016,2026-08-15 07:00:00,1,0.0,5
ORD-0006624,PRD-0355,2026-02-19 21:00:00,2,0.0,5
ORD-0006625,PRD-0047,2026-04-14 06:00:00,3,0.2,1
ORD-0006626,PRD-0251,2026-07-22 15:00:00,1,0.0,4
ORD-0006627,PRD-0187,2026-04-15 14:00:00,2,0.2,4
ORD-0006628,PRD-0031,2026-01-05 04:00:00,1,0.0,3
ORD-0006629,PRD-0260,2026-05-09 15:00:00,2,0.0,4
ORD-0006630,PRD-0421,2026-08-31 20:00:00,4,0.0,4
ORD-0006631,PRD-0017,2026-03-21 23:00:00,1,0.05,5
ORD-0006632,PRD-0039,2026-04-06 11:00:00,3,0.0,5
ORD-0006633,PRD-0304,2026-08-16 19:00:00,1,0.1,5
ORD-0006634,PRD-0430,2026-05-19 08:00:00,4,0.0,3
ORD-0006635,PRD-0474,2026-01-05 08:00:00,4,0.0,2
ORD-0006636,PRD-0432,2026-01-29 21:00:00,2,0.0,5
ORD-0006637,PRD-0039,2026-08-30 02:00:00,4,0.05,1
ORD-0006638,PRD-0489,2026-08-14 06:00:00,2,0.0,5
ORD-0006639,PRD-0132,2026-05-16 00:00:00,4,0.0,5
ORD-0006640,PRD-0030,2026-05-26 11:00:00,2,0.0,4
ORD-0006641,PRD-0158,2026-08-04 06:00:00,3,0.05,4
ORD-0006642,PRD-0278,2026-08-04 02:00:00,2,0.05,4
ORD-0006643,PRD-0203,2026-05-22 08:00:00,2,0.05,4
ORD-0006644,PRD-0066,2026-07-24 17:00:00,3,0.0,1
ORD-0006645,PRD-0108,2026-04-05 12:00:00,2,0.2,2
ORD-0006646,PRD-0268,2026-08-23 16:00:00,2,0.1,5
ORD-0006647,PRD-0222,2026-06-07 15:00:00,3,0.0,3
ORD-0006648,PRD-0292,2026-05-27 08:00:00,4,0.0,5
ORD-0006649,PRD-0018,2026-02-07 01:00:00,1,0.0,4
ORD-0006650,PRD-0090,2026-02-02 21:00:00,2,0.0,2
ORD-0006651,PRD-0181,2026-07-13 16:00:00,4,0.1,4
ORD-0006652,PRD-0255,2026-07-25 19:00:00,1,0.05,4
ORD-0006653,PRD-0455,2026-01-28 10:00:00,3,0.1,1
ORD-0006654,PRD-0253,2026-02-12 10:00:00,2,0.0,3
ORD-0006655,PRD-0257,2026-03-23 09:00:00,2,0.0,4
ORD-0006656,PRD-0383,2026-02-19 14:00:00,3,0.0,4
ORD-0006657,PRD-0442,2026-06-04 10:00:00,2,0.0,5
ORD-0006658,PRD-0346,2026-06-02 09:00:00,1,0.05,5
ORD-0006659,PRD-0087,2026-07-21 22:00:00,1,0.0,3
ORD-0006660,PRD-0090,2026-04-06 16:00:00,3,0.05,3
ORD-0006661,PRD-0237,2026-02-02 06:00:00,2,0.05,5
ORD-0006662,PRD-0390,2026-04-28 03:00:00,4,0.1,5
ORD-0006663,PRD-0070,2026-02-27 12:00:00,2,0.0,5
ORD-0006664,PRD-0044,2026-05-13 14:00:00,3,0.05,1
ORD-0006665,PRD-0200,2026-07-19 11:00:00,4,0.2,4
ORD-0006666,PRD-0152,2026-07-20 14:00:00,1,0.1,5
ORD-0006667,PRD-0086,2026-06-30 09:00:00,1,0.05,5
ORD-0006668,PRD-0019,2026-05-10 01:00:00,4,0.05,2
ORD-0006669,PRD-0101,2026-02-28 12:00:00,4,0.0,5
ORD-0006670,PRD-0402,2026-06-08 09:00:00,3,0.05,4
ORD-0006671,PRD-0095,2026-08-01 13:00:00,2,0.05,2
ORD-0006672,PRD-0254,2026-02-27 01:00:00,1,0.05,4
ORD-0006673,PRD-0357,2026-08-18 01:00:00,2,0.05,3
ORD-0006674,PRD-0030,2026-03-28 00:00:00,1,0.0,5
ORD-0006675,PRD-0249,2026-04-06 12:00:00,2,0.0,5
ORD-0006676,PRD-0426,2026-04-26 05:00:00,1,0.0,5
ORD-0006677,PRD-0033,2026-04-28 09:00:00,2,0.0,4
ORD-0006678,PRD-0458,2026-01-30 20:00:00,3,0.0,1
ORD-0006679,PRD-0229,2026-08-24 18:00:00,1,0.0,4
ORD-0006680,PRD-0012,2026-06-18 08:00:00,3,0.0,4
ORD-0006681,PRD-0118,2026-03-13 07:00:00,1,0.1,5
ORD-0006682,PRD-0350,2026-02-21 01:00:00,1,0.0,4
ORD-0006683,PRD-0155,2026-08-12 15:00:00,1,0.0,5
ORD-0006684,PRD-0423,2026-01-01 08:00:00,2,0.0,5
ORD-0006685,PRD-0393,2026-01-25 21:00:00,1,0.0,3
ORD-0006686,PRD-0246,2026-06-21 14:00:00,3,0.0,5
ORD-0006687,PRD-0405,2026-03-09 00:00:00,2,0.0,4
ORD-0006688,PRD-0332,2026-05-07 07:00:00,2,0.2,5
ORD-0006689,PRD-0247,2026-08-05 16:00:00,1,0.0,5
ORD-0006690,PRD-0029,2026-06-02 19:00:00,4,0.05,3
ORD-0006691,PRD-0161,2026-04-04 14:00:00,2,0.1,4
ORD-0006692,PRD-0235,2026-06-01 02:00:00,1,0.2,5
ORD-0006693,PRD-0190,2026-06-19 15:00:00,3,0.0,2
ORD-0006694,PRD-0117,2026-04-28 14:00:00,4,0.0,5
ORD-0006695,PRD-0271,2026-01-04 19:00:00,2,0.0,4
ORD-0006696,PRD-0258,2026-02-05 10:00:00,4,0.0,5
ORD-0006697,PRD-0180,2026-02-16 03:00:00,2,0.0,5
ORD-0006698,PRD-0487,2026-01-13 11:00:00,4,0.1,5
ORD-0006699,PRD-0373,2026-04-08 15:00:00,4,0.0,4
ORD-0006700,PRD-0172,2026-03-03 13:00:00,3,0.0,1
ORD-0006701,PRD-0438,2026-08-14 00:00:00,4,0.0,3
ORD-0006702,PRD-0274,2026-08-01 08:00:00,3,0.2,5
ORD-0006703,PRD-0259,2026-02-15 02:00:00,1,0.05,4
ORD-0006704,PRD-0135,2026-05-04 04:00:00,2,0.0,4
ORD-0006705,PRD-0171,2026-05-02 14:00:00,3,0.0,5
ORD-0006706,PRD-0210,2026-02-26 21:00:00,2,0.0,4
ORD-0006707,PRD-0236,2026-04-27 16:00:00,3,0.05,5
ORD-0006708,PRD-0422,2026-05-28 08:00:00,2,0.05,5
ORD-0006709,PRD-0421,2026-06-14 15:00:00,3,0.05,5
ORD-0006710,PRD-0186,2026-03-29 21:00:00,2,0.0,4
ORD-0006711,PRD-0417,2026-02-02 07:00:00,1,0.05,4
ORD-0006712,PRD-0364,2026-03-02 12:00:00,2,0.05,5
ORD-0006713,PRD-0443,2026-03-12 01:00:00,1,0.2,4
ORD-0006714,PRD-0095,2026-04-06 23:00:00,1,0.0,5
ORD-0006715,PRD-0378,2026-03-19 03:00:00,1,0.0,5
ORD-0006716,PRD-0011,2026-03-21 01:00:00,4,0.0,2
ORD-0006717,PRD-0068,2026-08-31 17:00:00,2,0.0,5
ORD-0006718,PRD-0379,2026-05-23 10:00:00,4,0.05,5
ORD-0006719,PRD-0210,2026-05-30 21:00:00,4,0.05,5
ORD-0006720,PRD-0196,2026-02-25 07:00:00,2,0.0,5
ORD-0006721,PRD-0369,2026-01-26 14:00:00,1,0.0,5
ORD-0006722,PRD-0098,2026-01-11 04:00:00,4,0.0,4
ORD-0006723,PRD-0093,2026-02-01 12:00:00,4,0.2,5
ORD-0006724,PRD-0472,2026-02-04 07:00:00,3,0.0,4
ORD-0006725,PRD-0022,2026-04-28 19:00:00,2,0.0,5
ORD-0006726,PRD-0450,2026-06-08 15:00:00,4,0.0,3
ORD-0006727,PRD-0172,2026-04-26 19:00:00,2,0.0,1
ORD-0006728,PRD-0383,2026-03-18 22:00:00,2,0.05,2
ORD-0006729,PRD-0134,2026-08-19 11:00:00,4,0.1,4
ORD-0006730,PRD-0426,2026-02-21 16:00:00,2,0.0,1
ORD-0006731,PRD-0025,2026-07-12 03:00:00,1,0.05,5
ORD-0006732,PRD-0185,2026-01-20 17:00:00,4,0.0,4
ORD-0006733,PRD-0085,2026-06-22 03:00:00,4,0.2,5
ORD-0006734,PRD-0055,2026-05-16 09:00:00,4,0.0,1
ORD-0006735,PRD-0251,2026-08-18 10:00:00,3,0.0,4
ORD-0006736,PRD-0144,2026-03-16 16:00:00,3,0.0,4
ORD-0006737,PRD-0351,2026-03-14 06:00:00,3,0.0,4
ORD-0006738,PRD-0398,2026-07-25 05:00:00,3,0.0,3
ORD-0006739,PRD-0167,2026-08-05 04:00:00,4,0.05,5
ORD-0006740,PRD-0412,2026-06-14 06:00:00,1,0.05,4
ORD-0006741,PRD-0224,2026-08-09 01:00:00,2,0.0,5
ORD-0006742,PRD-0220,2026-02-09 08:00:00,2,0.05,4
ORD-0006743,PRD-0179,2026-03-04 23:00:00,4,0.0,5
ORD-0006744,PRD-0119,2026-06-20 01:00:00,1,0.05,4
ORD-0006745,PRD-0433,2026-07-08 14:00:00,2,0.0,5
ORD-0006746,PRD-0265,2026-02-05 18:00:00,1,0.05,4
ORD-0006747,PRD-0442,2026-05-29 08:00:00,4,0.0,1
ORD-0006748,PRD-0429,2026-01-10 13:00:00,3,0.0,5
ORD-0006749,PRD-0150,2026-04-11 17:00:00,1,0.0,5
ORD-0006750,PRD-0416,2026-01-08 09:00:00,2,0.0,3
ORD-0006751,PRD-0453,2026-06-13 16:00:00,2,0.05,4
ORD-0006752,PRD-0215,2026-08-19 09:00:00,2,0.0,5
ORD-0006753,PRD-0197,2026-04-19 23:00:00,3,0.0,1
ORD-0006754,PRD-0042,2026-03-09 05:00:00,1,0.0,4
ORD-0006755,PRD-0053,2026-04-29 08:00:00,1,0.0,5
ORD-0006756,PRD-0480,2026-05-03 19:00:00,2,0.05,5
ORD-0006757,PRD-0443,2026-03-15 22:00:00,1,0.0,1
ORD-0006758,PRD-0330,2026-07-31 06:00:00,2,0.05,5
ORD-0006759,PRD-0251,2026-06-11 07:00:00,1,0.0,1
ORD-0006760,PRD-0295,2026-01-04 09:00:00,3,0.1,4
ORD-0006761,PRD-0378,2026-02-05 05:00:00,3,0.2,4
ORD-0006762,PRD-0271,2026-04-28 01:00:00,4,0.05,5
ORD-0006763,PRD-0455,2026-02-20 16:00:00,4,0.1,3
ORD-0006764,PRD-0413,2026-07-16 09:00:00,4,0.0,3
ORD-0006765,PRD-0123,2026-05-16 20:00:00,1,0.2,5
ORD-0006766,PRD-0367,2026-05-12 01:00:00,3,0.1,4
ORD-0006767,PRD-0387,2026-04-05 07:00:00,3,0.2,5
ORD-0006768,PRD-0339,2026-04-08 09:00:00,3,0.05,5
ORD-0006769,PRD-0266,2026-01-19 12:00:00,2,0.05,5
ORD-0006770,PRD-0348,2026-02-08 10:00:00,1,0.0,4
ORD-0006771,PRD-0029,2026-06-28 16:00:00,1,0.0,5
ORD-0006772,PRD-0463,2026-08-28 22:00:00,4,0.0,5
ORD-0006773,PRD-0035,2026-07-02 16:00:00,2,0.1,2
ORD-0006774,PRD-0006,2026-04-20 14:00:00,2,0.0,4
ORD-0006775,PRD-0396,2026-02-18 15:00:00,3,0.0,4
ORD-0006776,PRD-0111,2026-06-15 03:00:00,4,0.0,4
ORD-0006777,PRD-0294,2026-08-19 06:00:00,1,0.0,5
ORD-0006778,PRD-0077,2026-05-24 09:00:00,2,0.1,5
ORD-0006779,PRD-0349,2026-05-27 08:00:00,3,0.1,4
ORD-0006780,PRD-0147,2026-02-07 07:00:00,1,0.0,5
ORD-0006781,PRD-0067,2026-07-28 23:00:00,3,0.0,4
ORD-0006782,PRD-0392,2026-06-05 02:00:00,1,0.0,5
ORD-0006783,PRD-0008,2026-08-24 08:00:00,3,0.0,4
ORD-0006784,PRD-0122,2026-08-30 12:00:00,1,0.0,4
ORD-0006785,PRD-0340,2026-03-27 20:00:00,4,0.0,4
ORD-0006786,PRD-0175,2026-08-31 13:00:00,1,0.0,5
ORD-0006787,PRD-0388,2026-05-07 10:00:00,1,0.0,4
ORD-0006788,PRD-0179,2026-04-10 11:00:00,1,0.05,3
ORD-0006789,PRD-0085,2026-03-21 01:00:00,3,0.0,5
ORD-0006790,PRD-0451,2026-03-16 23:00:00,2,0.0,5
ORD-0006791,PRD-0045,2026-07-03 15:00:00,1,0.0,5
ORD-0006792,PRD-0136,2026-04-26 20:00:00,1,0.2,5
ORD-0006793,PRD-0343,2026-02-16 23:00:00,4,0.0,5
ORD-0006794,PRD-0016,2026-01-15 02:00:00,1,0.0,5
ORD-0006795,PRD-0333,2026-07-05 14:00:00,4,0.0,5
ORD-0006796,PRD-0195,2026-02-18 20:00:00,1,0.1,5
ORD-0006797,PRD-0496,2026-04-28 00:00:00,3,0.05,5
ORD-0006798,PRD-0009,2026-07-22 15:00:00,2,0.05,3
ORD-0006799,PRD-0316,2026-05-07 05:00:00,2,0.0,4
ORD-0006800,PRD-0334,2026-03-29 01:00:00,2,0.05,4
ORD-0006801,PRD-0333,2026-06-29 01:00:00,3,0.05,5
ORD-0006802,PRD-0327,2026-05-06 17:00:00,4,0.0,5
ORD-0006803,PRD-0015,2026-08-30 04:00:00,2,0.1,5
ORD-0006804,PRD-0327,2026-07-09 23:00:00,3,0.0,5
ORD-0006805,PRD-0102,2026-01-19 16:00:00,3,0.0,4
ORD-0006806,PRD-0226,2026-07-28 16:00:00,1,0.1,5
ORD-0006807,PRD-0425,2026-07-23 21:00:00,4,0.05,3
ORD-0006808,PRD-0278,2026-02-03 01:00:00,3,0.0,4
ORD-0006809,PRD-0408,2026-01-19 04:00:00,4,0.0,5
ORD-0006810,PRD-0113,2026-07-12 18:00:00,2,0.1,5
ORD-0006811,PRD-0485,2026-07-14 04:00:00,2,0.0,5
ORD-0006812,PRD-0428,2026-03-09 12:00:00,2,0.0,4
ORD-0006813,PRD-0001,2026-08-13 16:00:00,1,0.0,5
ORD-0006814,PRD-0266,2026-05-26 21:00:00,1,0.2,4
ORD-0006815,PRD-0491,2026-05-02 15:00:00,4,0.2,5
ORD-0006816,PRD-0208,2026-06-29 12:00:00,4,0.0,4
ORD-0006817,PRD-0110,2026-02-09 12:00:00,1,0.0,5
ORD-0006818,PRD-0200,2026-06-14 08:00:00,3,0.0,3
ORD-0006819,PRD-0440,2026-02-16 23:00:00,4,0.0,4
ORD-0006820,PRD-0369,2026-01-08 23:00:00,4,0.1,5
ORD-0006821,PRD-0473,2026-06-17 04:00:00,2,0.0,5
ORD-0006822,PRD-0306,2026-06-06 16:00:00,4,0.0,5
ORD-0006823,PRD-0012,2026-06-05 10:00:00,4,0.05,5
ORD-0006824,PRD-0345,2026-02-28 11:00:00,3,0.0,5
ORD-0006825,PRD-0465,2026-03-24 22:00:00,4,0.0,5
ORD-0006826,PRD-0188,2026-02-16 00:00:00,3,0.0,4
ORD-0006827,PRD-0154,2026-07-20 00:00:00,2,0.05,4
ORD-0006828,PRD-0494,2026-01-23 20:00:00,1,0.0,5
ORD-0006829,PRD-0368,2026-05-24 16:00:00,2,0.0,2
ORD-0006830,PRD-0334,2026-03-19 13:00:00,3,0.0,4
ORD-0006831,PRD-0425,2026-06-27 01:00:00,3,0.2,4
ORD-0006832,PRD-0420,2026-08-29 01:00:00,4,0.0,4
ORD-0006833,PRD-0377,2026-01-24 18:00:00,4,0.2,5
ORD-0006834,PRD-0279,2026-03-16 08:00:00,1,0.05,4
ORD-0006835,PRD-0171,2026-04-06 07:00:00,3,0.1,3
ORD-0006836,PRD-0134,2026-04-11 21:00:00,3,0.0,5
ORD-0006837,PRD-0495,2026-06-15 12:00:00,2,0.0,5
ORD-0006838,PRD-0453,2026-02-03 12:00:00,1,0.0,5
ORD-0006839,PRD-0427,2026-02-03 06:00:00,2,0.0,4
ORD-0006840,PRD-0025,2026-05-17 11:00:00,4,0.2,2
ORD-0006841,PRD-0018,2026-01-26 10:00:00,4,0.0,3
ORD-0006842,PRD-0190,2026-03-17 06:00:00,2,0.0,4
ORD-0006843,PRD-0141,2026-06-26 14:00:00,4,0.0,4
ORD-0006844,PRD-0043,2026-05-16 20:00:00,2,0.05,5
ORD-0006845,PRD-0334,2026-07-01 23:00:00,3,0.0,5
ORD-0006846,PRD-0284,2026-08-24 11:00:00,3,0.0,5
ORD-0006847,PRD-0146,2026-05-21 11:00:00,4,0.0,5
ORD-0006848,PRD-0315,2026-04-14 01:00:00,1,0.05,5
ORD-0006849,PRD-0444,2026-03-29 05:00:00,3,0.0,5
ORD-0006850,PRD-0319,2026-03-31 06:00:00,4,0.0,5
ORD-0006851,PRD-0441,2026-06-16 17:00:00,1,0.0,5
ORD-0006852,PRD-0092,2026-05-09 08:00:00,4,0.2,3
ORD-0006853,PRD-0179,2026-07-09 18:00:00,2,0.0,3
ORD-0006854,PRD-0056,2026-03-01 16:00:00,4,0.05,5
ORD-0006855,PRD-0155,2026-04-15 21:00:00,2,0.05,4
ORD-0006856,PRD-0160,2026-04-30 01:00:00,3,0.0,5
ORD-0006857,PRD-0111,2026-01-22 01:00:00,3,0.0,5
ORD-0006858,PRD-0137,2026-08-30 21:00:00,4,0.0,5
ORD-0006859,PRD-0232,2026-02-15 16:00:00,1,0.0,1
ORD-0006860,PRD-0480,2026-06-24 03:00:00,4,0.0,4
ORD-0006861,PRD-0468,2026-06-23 02:00:00,4,0.0,4
ORD-0006862,PRD-0220,2026-02-13 12:00:00,3,0.0,5
ORD-0006863,PRD-0481,2026-08-21 09:00:00,3,0.0,4
ORD-0006864,PRD-0068,2026-04-02 20:00:00,4,0.05,5
ORD-0006865,PRD-0302,2026-06-12 14:00:00,3,0.05,5
ORD-0006866,PRD-0249,2026-02-26 08:00:00,2,0.0,5
ORD-0006867,PRD-0482,2026-03-08 12:00:00,4,0.0,5
ORD-0006868,PRD-0496,2026-01-24 23:00:00,3,0.1,5
ORD-0006869,PRD-0323,2026-01-29 07:00:00,4,0.05,3
ORD-0006870,PRD-0410,2026-06-29 02:00:00,3,0.2,5
ORD-0006871,PRD-0392,2026-06-04 16:00:00,2,0.0,3
ORD-0006872,PRD-0006,2026-06-09 12:00:00,2,0.0,4
ORD-0006873,PRD-0464,2026-02-17 01:00:00,4,0.0,3
ORD-0006874,PRD-0280,2026-06-12 16:00:00,2,0.05,5
ORD-0006875,PRD-0432,2026-05-14 01:00:00,2,0.0,4
ORD-0006876,PRD-0487,2026-01-14 05:00:00,3,0.0,5
ORD-0006877,PRD-0094,2026-08-09 21:00:00,4,0.0,5
ORD-0006878,PRD-0429,2026-08-27 22:00:00,3,0.05,5
ORD-0006879,PRD-0269,2026-06-04 00:00:00,3,0.0,4
ORD-0006880,PRD-0197,2026-07-07 13:00:00,1,0.05,5
ORD-0006881,PRD-0025,2026-05-05 20:00:00,2,0.1,5
ORD-0006882,PRD-0148,2026-05-30 18:00:00,3,0.05,4
ORD-0006883,PRD-0118,2026-05-14 17:00:00,3,0.0,5
ORD-0006884,PRD-0338,2026-04-16 22:00:00,3,0.2,4
ORD-0006885,PRD-0367,2026-01-29 06:00:00,2,0.0,5
ORD-0006886,PRD-0338,2026-08-12 14:00:00,2,0.0,5
ORD-0006887,PRD-0066,2026-03-20 17:00:00,2,0.2,3
ORD-0006888,PRD-0458,2026-08-24 03:00:00,4,0.0,4
ORD-0006889,PRD-0301,2026-03-10 11:00:00,3,0.0,5
ORD-0006890,PRD-0370,2026-08-16 07:00:00,2,0.0,4
ORD-0006891,PRD-0175,2026-08-19 21:00:00,3,0.0,4
ORD-0006892,PRD-0319,2026-02-04 18:00:00,4,0.0,5
ORD-0006893,PRD-0076,2026-04-04 09:00:00,1,0.0,5
ORD-0006894,PRD-0495,2026-04-09 03:00:00,4,0.0,5
ORD-0006895,PRD-0461,2026-03-11 12:00:00,2,0.05,5
ORD-0006896,PRD-0114,2026-04-17 09:00:00,2,0.0,4
ORD-0006897,PRD-0111,2026-01-12 16:00:00,4,0.0,5
ORD-0006898,PRD-0249,2026-07-29 12:00:00,3,0.0,5
ORD-0006899,PRD-0439,2026-04-26 02:00:00,2,0.1,4
ORD-0006900,PRD-0203,2026-07-15 23:00:00,2,0.05,5
ORD-0006901,PRD-0147,2026-07-10 18:00:00,4,0.1,5
ORD-0006902,PRD-0035,2026-02-21 22:00:00,3,0.0,4
ORD-0006903,PRD-0487,2026-03-15 20:00:00,4,0.0,5
ORD-0006904,PRD-0309,2026-04-01 04:00:00,4,0.0,5
ORD-0006905,PRD-0026,2026-01-08 23:00:00,3,0.0,4
ORD-0006906,PRD-0238,2026-04-29 03:00:00,3,0.0,5
ORD-0006907,PRD-0014,2026-04-22 01:00:00,1,0.2,5
ORD-0006908,PRD-0374,2026-04-17 19:00:00,4,0.0,5
ORD-0006909,PRD-0045,2026-01-13 18:00:00,3,0.2,4
ORD-0006910,PRD-0428,2026-01-23 03:00:00,2,0.0,4
ORD-0006911,PRD-0216,2026-06-25 17:00:00,1,0.2,4
ORD-0006912,PRD-0233,2026-04-23 08:00:00,4,0.0,5
ORD-0006913,PRD-0193,2026-07-15 07:00:00,3,0.2,5
ORD-0006914,PRD-0051,2026-08-21 03:00:00,1,0.0,2
ORD-0006915,PRD-0427,2026-01-03 10:00:00,1,0.2,4
ORD-0006916,PRD-0375,2026-03-07 13:00:00,2,0.0,4
ORD-0006917,PRD-0214,2026-02-17 12:00:00,1,0.0,5
ORD-0006918,PRD-0151,2026-03-17 10:00:00,4,0.0,5
ORD-0006919,PRD-0440,2026-05-14 06:00:00,3,0.0,4
ORD-0006920,PRD-0275,2026-05-25 20:00:00,1,0.05,3
ORD-0006921,PRD-0338,2026-07-07 06:00:00,1,0.2,4
ORD-0006922,PRD-0076,2026-04-17 18:00:00,4,0.05,4
ORD-0006923,PRD-0439,2026-04-29 20:00:00,2,0.05,5
ORD-0006924,PRD-0220,2026-02-09 05:00:00,2,0.0,3
ORD-0006925,PRD-0348,2026-07-12 15:00:00,3,0.05,4
ORD-0006926,PRD-0444,2026-03-15 22:00:00,4,0.0,5
ORD-0006927,PRD-0187,2026-03-01 05:00:00,2,0.1,5
ORD-0006928,PRD-0289,2026-08-29 05:00:00,3,0.0,5
ORD-0006929,PRD-0403,2026-08-24 06:00:00,3,0.05,5
ORD-0006930,PRD-0028,2026-01-19 03:00:00,2,0.0,5
ORD-0006931,PRD-0379,2026-02-04 23:00:00,4,0.0,5
ORD-0006932,PRD-0180,2026-06-16 17:00:00,1,0.0,5
ORD-0006933,PRD-0253,2026-07-05 15:00:00,2,0.0,5
ORD-0006934,PRD-0126,2026-08-07 16:00:00,1,0.0,5
ORD-0006935,PRD-0177,2026-07-26 15:00:00,1,0.0,4
ORD-0006936,PRD-0037,2026-04-22 17:00:00,4,0.1,4
ORD-0006937,PRD-0410,2026-03-10 18:00:00,4,0.0,4
ORD-0006938,PRD-0099,2026-08-31 20:00:00,3,0.1,5
ORD-0006939,PRD-0098,2026-02-21 21:00:00,4,0.0,5
ORD-0006940,PRD-0127,2026-04-05 05:00:00,3,0.0,5
ORD-0006941,PRD-0483,2026-02-08 03:00:00,2,0.0,4
ORD-0006942,PRD-0168,2026-04-20 23:00:00,1,0.0,4
ORD-0006943,PRD-0080,2026-06-12 01:00:00,4,0.0,5
ORD-0006944,PRD-0294,2026-07-06 17:00:00,2,0.0,4
ORD-0006945,PRD-0333,2026-02-25 06:00:00,3,0.0,4
ORD-0006946,PRD-0126,2026-05-20 22:00:00,4,0.05,5
ORD-0006947,PRD-0343,2026-03-08 01:00:00,1,0.0,3
ORD-0006948,PRD-0310,2026-08-10 04:00:00,2,0.0,4
ORD-0006949,PRD-0150,2026-05-21 08:00:00,4,0.1,4
ORD-0006950,PRD-0016,2026-08-24 05:00:00,4,0.05,3
ORD-0006951,PRD-0028,2026-01-17 04:00:00,2,0.0,5
ORD-0006952,PRD-0496,2026-04-27 07:00:00,3,0.1,4
ORD-0006953,PRD-0419,2026-05-19 20:00:00,3,0.2,4
ORD-0006954,PRD-0444,2026-01-30 07:00:00,4,0.0,3
ORD-0006955,PRD-0173,2026-04-28 12:00:00,3,0.0,5
ORD-0006956,PRD-0046,2026-07-26 15:00:00,3,0.2,4
ORD-0006957,PRD-0328,2026-02-14 03:00:00,2,0.0,4
ORD-0006958,PRD-0236,2026-06-23 22:00:00,3,0.0,4
ORD-0006959,PRD-0439,2026-02-24 02:00:00,3,0.0,4
ORD-0006960,PRD-0214,2026-02-24 05:00:00,2,0.05,4
ORD-0006961,PRD-0085,2026-01-29 01:00:00,4,0.2,5
ORD-0006962,PRD-0282,2026-04-09 07:00:00,4,0.05,5
ORD-0006963,PRD-0232,2026-06-29 03:00:00,2,0.2,5
ORD-0006964,PRD-0085,2026-07-31 16:00:00,1,0.0,5
ORD-0006965,PRD-0409,2026-06-21 08:00:00,2,0.0,1
ORD-0006966,PRD-0489,2026-07-10 11:00:00,1,0.05,5
ORD-0006967,PRD-0065,2026-05-30 06:00:00,3,0.2,2
ORD-0006968,PRD-0134,2026-02-12 08:00:00,4,0.0,5
ORD-0006969,PRD-0151,2026-01-09 17:00:00,1,0.0,4
ORD-0006970,PRD-0115,2026-01-21 18:00:00,1,0.0,5
ORD-0006971,PRD-0064,2026-01-18 20:00:00,3,0.0,5
ORD-0006972,PRD-0343,2026-06-01 15:00:00,4,0.0,4
ORD-0006973,PRD-0427,2026-05-12 07:00:00,3,0.0,4
ORD-0006974,PRD-0363,2026-08-15 01:00:00,4,0.2,5
ORD-0006975,PRD-0407,2026-03-29 17:00:00,4,0.0,3
ORD-0006976,PRD-0352,2026-03-06 17:00:00,3,0.05,5
ORD-0006977,PRD-0158,2026-08-10 23:00:00,1,0.0,4
ORD-0006978,PRD-0077,2026-08-23 14:00:00,2,0.0,3
ORD-0006979,PRD-0491,2026-05-14 14:00:00,4,0.0,5
ORD-0006980,PRD-0146,2026-04-18 01:00:00,4,0.1,4
ORD-0006981,PRD-0343,2026-04-20 12:00:00,2,0.0,3
ORD-0006982,PRD-0463,2026-03-20 04:00:00,2,0.1,5
ORD-0006983,PRD-0225,2026-07-28 02:00:00,3,0.1,5
ORD-0006984,PRD-0405,2026-08-05 18:00:00,4,0.0,5
ORD-0006985,PRD-0313,2026-02-14 11:00:00,3,0.0,5
ORD-0006986,PRD-0103,2026-03-04 18:00:00,2,0.05,3
ORD-0006987,PRD-0407,2026-05-06 13:00:00,3,0.0,4
ORD-0006988,PRD-0347,2026-03-11 11:00:00,4,0.0,4
ORD-0006989,PRD-0301,2026-07-11 04:00:00,1,0.0,5
ORD-0006990,PRD-0428,2026-07-15 20:00:00,1,0.0,1
ORD-0006991,PRD-0466,2026-06-19 10:00:00,4,0.2,4
ORD-0006992,PRD-0088,2026-02-09 11:00:00,3,0.0,5
ORD-0006993,PRD-0371,2026-07-02 21:00:00,2,0.0,5
ORD-0006994,PRD-0303,2026-02-18 19:00:00,2,0.0,5
ORD-0006995,PRD-0168,2026-01-08 03:00:00,1,0.05,2
ORD-0006996,PRD-0435,2026-08-25 18:00:00,3,0.05,5
ORD-0006997,PRD-0170,2026-07-12 18:00:00,2,0.2,4
ORD-0006998,PRD-0135,2026-02-17 15:00:00,2,0.05,5
ORD-0006999,PRD-0050,2026-03-19 11:00:00,4,0.0,2
ORD-0007000,PRD-0432,2026-04-02 04:00:00,3,0.0,3
ORD-0007001,PRD-0340,2026-04-14 21:00:00,3,0.0,4
ORD-0007002,PRD-0347,2026-05-30 01:00:00,2,0.05,3
ORD-0007003,PRD-0134,2026-01-08 20:00:00,3,0.1,5
ORD-0007004,PRD-0347,2026-06-19 20:00:00,3,0.2,5
ORD-0007005,PRD-0137,2026-01-07 13:00:00,3,0.05,5
ORD-0007006,PRD-0245,2026-04-24 05:00:00,4,0.0,4
ORD-0007007,PRD-0109,2026-03-24 02:00:00,2,0.0,5
ORD-0007008,PRD-0313,2026-01-11 05:00:00,1,0.0,3
ORD-0007009,PRD-0287,2026-05-01 23:00:00,3,0.0,4
ORD-0007010,PRD-0021,2026-04-27 11:00:00,2,0.0,4
ORD-0007011,PRD-0090,2026-06-09 08:00:00,1,0.0,2
ORD-0007012,PRD-0296,2026-04-10 01:00:00,4,0.0,2
ORD-0007013,PRD-0112,2026-02-05 09:00:00,2,0.05,4
ORD-0007014,PRD-0301,2026-03-17 10:00:00,4,0.0,5
ORD-0007015,PRD-0077,2026-08-05 06:00:00,2,0.0,5
ORD-0007016,PRD-0177,2026-08-15 08:00:00,4,0.0,4
ORD-0007017,PRD-0343,2026-06-16 02:00:00,2,0.0,3
ORD-0007018,PRD-0148,2026-03-30 14:00:00,4,0.2,3
ORD-0007019,PRD-0101,2026-06-27 16:00:00,1,0.0,4
ORD-0007020,PRD-0246,2026-05-07 06:00:00,2,0.2,4
ORD-0007021,PRD-0117,2026-08-28 11:00:00,1,0.0,2
ORD-0007022,PRD-0092,2026-04-07 03:00:00,3,0.0,5
ORD-0007023,PRD-0401,2026-08-22 13:00:00,1,0.0,5
ORD-0007024,PRD-0028,2026-05-09 04:00:00,2,0.0,4
ORD-0007025,PRD-0425,2026-04-08 16:00:00,1,0.0,5
ORD-0007026,PRD-0450,2026-01-26 19:00:00,2,0.05,5
ORD-0007027,PRD-0025,2026-05-01 22:00:00,4,0.0,4
ORD-0007028,PRD-0058,2026-04-11 07:00:00,3,0.0,2
ORD-0007029,PRD-0498,2026-07-05 12:00:00,1,0.0,5
ORD-0007030,PRD-0297,2026-05-06 04:00:00,3,0.0,5
ORD-0007031,PRD-0134,2026-06-13 02:00:00,1,0.2,4
ORD-0007032,PRD-0331,2026-04-14 14:00:00,2,0.1,5
ORD-0007033,PRD-0249,2026-05-22 18:00:00,1,0.0,4
ORD-0007034,PRD-0038,2026-05-30 20:00:00,3,0.0,5
ORD-0007035,PRD-0390,2026-03-11 21:00:00,1,0.0,4
ORD-0007036,PRD-0429,2026-08-10 03:00:00,3,0.2,4
ORD-0007037,PRD-0075,2026-06-18 07:00:00,3,0.0,5
ORD-0007038,PRD-0142,2026-02-24 08:00:00,2,0.1,5
ORD-0007039,PRD-0322,2026-08-23 14:00:00,4,0.0,2
ORD-0007040,PRD-0168,2026-06-20 13:00:00,4,0.2,2
ORD-0007041,PRD-0259,2026-08-21 17:00:00,1,0.0,4
ORD-0007042,PRD-0373,2026-03-23 19:00:00,3,0.0,4
ORD-0007043,PRD-0355,2026-05-18 19:00:00,2,0.05,4
ORD-0007044,PRD-0225,2026-02-26 17:00:00,4,0.2,5
ORD-0007045,PRD-0152,2026-06-28 22:00:00,2,0.2,3
ORD-0007046,PRD-0019,2026-03-16 11:00:00,2,0.05,5
ORD-0007047,PRD-0146,2026-02-14 17:00:00,3,0.05,5
ORD-0007048,PRD-0448,2026-02-18 13:00:00,1,0.0,3
ORD-0007049,PRD-0241,2026-05-30 23:00:00,3,0.05,5
ORD-0007050,PRD-0372,2026-08-23 17:00:00,4,0.1,5
ORD-0007051,PRD-0381,2026-04-24 05:00:00,4,0.0,3
ORD-0007052,PRD-0344,2026-05-12 09:00:00,2,0.05,5
ORD-0007053,PRD-0237,2026-06-21 22:00:00,3,0.0,5
ORD-0007054,PRD-0035,2026-05-08 07:00:00,3,0.0,5
ORD-0007055,PRD-0190,2026-01-28 11:00:00,2,0.1,2
ORD-0007056,PRD-0001,2026-07-13 10:00:00,1,0.0,5
ORD-0007057,PRD-0484,2026-04-18 14:00:00,2,0.0,4
ORD-0007058,PRD-0153,2026-02-17 01:00:00,2,0.0,5
ORD-0007059,PRD-0429,2026-04-05 18:00:00,4,0.0,5
ORD-0007060,PRD-0433,2026-07-06 02:00:00,3,0.0,5
ORD-0007061,PRD-0126,2026-08-06 11:00:00,4,0.2,4
ORD-0007062,PRD-0491,2026-03-03 04:00:00,2,0.05,3
ORD-0007063,PRD-0482,2026-08-21 19:00:00,3,0.1,3
ORD-0007064,PRD-0345,2026-03-29 14:00:00,2,0.0,5
ORD-0007065,PRD-0400,2026-05-17 02:00:00,2,0.2,3
ORD-0007066,PRD-0226,2026-04-13 23:00:00,1,0.05,4
ORD-0007067,PRD-0221,2026-02-17 23:00:00,4,0.0,4
ORD-0007068,PRD-0403,2026-01-04 20:00:00,4,0.05,5
ORD-0007069,PRD-0407,2026-04-17 22:00:00,2,0.2,4
ORD-0007070,PRD-0211,2026-02-23 09:00:00,1,0.0,5
ORD-0007071,PRD-0025,2026-05-01 20:00:00,2,0.0,5
ORD-0007072,PRD-0016,2026-08-11 11:00:00,2,0.2,5
ORD-0007073,PRD-0182,2026-04-27 15:00:00,2,0.0,2
ORD-0007074,PRD-0499,2026-05-13 09:00:00,1,0.05,4
ORD-0007075,PRD-0329,2026-08-25 03:00:00,3,0.0,3
ORD-0007076,PRD-0129,2026-07-07 23:00:00,1,0.0,4
ORD-0007077,PRD-0042,2026-04-19 12:00:00,2,0.05,5
ORD-0007078,PRD-0403,2026-06-11 17:00:00,3,0.0,3
ORD-0007079,PRD-0481,2026-04-11 13:00:00,2,0.05,3
ORD-0007080,PRD-0418,2026-03-06 08:00:00,1,0.0,5
ORD-0007081,PRD-0336,2026-05-28 02:00:00,1,0.0,4
ORD-0007082,PRD-0236,2026-04-21 06:00:00,3,0.0,4
ORD-0007083,PRD-0360,2026-07-19 08:00:00,1,0.0,2
ORD-0007084,PRD-0439,2026-08-29 01:00:00,2,0.0,5
ORD-0007085,PRD-0402,2026-03-27 18:00:00,3,0.1,5
ORD-0007086,PRD-0034,2026-08-23 10:00:00,4,0.2,5
ORD-0007087,PRD-0345,2026-07-08 02:00:00,2,0.1,4
ORD-0007088,PRD-0381,2026-02-17 17:00:00,4,0.0,4
ORD-0007089,PRD-0045,2026-02-07 22:00:00,3,0.1,5
ORD-0007090,PRD-0134,2026-05-18 18:00:00,3,0.2,5
ORD-0007091,PRD-0021,2026-08-16 02:00:00,2,0.0,5
ORD-0007092,PRD-0122,2026-03-07 06:00:00,1,0.0,5
ORD-0007093,PRD-0070,2026-04-10 19:00:00,2,0.0,2
ORD-0007094,PRD-0352,2026-05-06 05:00:00,1,0.0,5
ORD-0007095,PRD-0361,2026-07-07 19:00:00,1,0.2,5
ORD-0007096,PRD-0048,2026-08-11 15:00:00,2,0.0,5
ORD-0007097,PRD-0491,2026-06-27 00:00:00,3,0.05,5
ORD-0007098,PRD-0039,2026-08-11 03:00:00,2,0.0,3
ORD-0007099,PRD-0287,2026-01-04 19:00:00,4,0.0,5
ORD-0007100,PRD-0490,2026-06-16 08:00:00,3,0.0,5
ORD-0007101,PRD-0010,2026-01-14 18:00:00,1,0.2,4
ORD-0007102,PRD-0030,2026-08-29 00:00:00,3,0.0,1
ORD-0007103,PRD-0244,2026-02-09 18:00:00,2,0.1,5
ORD-0007104,PRD-0274,2026-06-07 12:00:00,3,0.0,1
ORD-0007105,PRD-0444,2026-04-19 09:00:00,1,0.05,5
ORD-0007106,PRD-0088,2026-05-05 01:00:00,1,0.05,2
ORD-0007107,PRD-0244,2026-08-11 19:00:00,3,0.1,5
ORD-0007108,PRD-0381,2026-06-28 17:00:00,4,0.0,4
ORD-0007109,PRD-0329,2026-01-23 01:00:00,1,0.0,4
ORD-0007110,PRD-0479,2026-05-01 12:00:00,4,0.0,5
ORD-0007111,PRD-0015,2026-02-22 18:00:00,1,0.2,5
ORD-0007112,PRD-0004,2026-03-03 09:00:00,3,0.0,4
ORD-0007113,PRD-0191,2026-07-17 06:00:00,1,0.0,4
ORD-0007114,PRD-0168,2026-08-26 18:00:00,4,0.0,5
ORD-0007115,PRD-0009,2026-03-08 13:00:00,4,0.0,5
ORD-0007116,PRD-0109,2026-04-16 05:00:00,3,0.1,5
ORD-0007117,PRD-0137,2026-07-19 17:00:00,4,0.2,5
ORD-0007118,PRD-0154,2026-06-06 17:00:00,4,0.0,4
ORD-0007119,PRD-0388,2026-08-30 13:00:00,3,0.2,5
ORD-0007120,PRD-0209,2026-04-25 06:00:00,1,0.05,5
ORD-0007121,PRD-0272,2026-07-13 03:00:00,3,0.0,5
ORD-0007122,PRD-0143,2026-07-04 09:00:00,1,0.2,5
ORD-0007123,PRD-0099,2026-01-20 13:00:00,1,0.05,5
ORD-0007124,PRD-0377,2026-06-09 14:00:00,1,0.0,5
ORD-0007125,PRD-0308,2026-01-23 05:00:00,2,0.05,5
ORD-0007126,PRD-0069,2026-07-10 02:00:00,1,0.0,5
ORD-0007127,PRD-0247,2026-06-18 23:00:00,3,0.0,5
ORD-0007128,PRD-0261,2026-06-03 07:00:00,3,0.05,5
ORD-0007129,PRD-0276,2026-06-20 07:00:00,3,0.1,5
ORD-0007130,PRD-0079,2026-02-01 17:00:00,2,0.05,4
ORD-0007131,PRD-0146,2026-08-01 13:00:00,4,0.0,4
ORD-0007132,PRD-0111,2026-02-07 02:00:00,2,0.2,5
ORD-0007133,PRD-0258,2026-04-09 03:00:00,3,0.0,5
ORD-0007134,PRD-0093,2026-03-23 11:00:00,3,0.0,1
ORD-0007135,PRD-0013,2026-05-04 19:00:00,4,0.0,4
ORD-0007136,PRD-0260,2026-07-30 09:00:00,2,0.0,4
ORD-0007137,PRD-0426,2026-08-19 19:00:00,3,0.0,4
ORD-0007138,PRD-0109,2026-03-11 16:00:00,1,0.05,4
ORD-0007139,PRD-0330,2026-04-29 04:00:00,1,0.1,5
ORD-0007140,PRD-0189,2026-07-25 07:00:00,3,0.2,5
ORD-0007141,PRD-0095,2026-07-25 19:00:00,1,0.1,5
ORD-0007142,PRD-0105,2026-06-01 20:00:00,4,0.0,4
ORD-0007143,PRD-0008,2026-04-06 17:00:00,3,0.05,5
ORD-0007144,PRD-0067,2026-06-19 05:00:00,2,0.1,5
ORD-0007145,PRD-0496,2026-05-12 22:00:00,3,0.0,4
ORD-0007146,PRD-0191,2026-02-24 23:00:00,4,0.05,4
ORD-0007147,PRD-0366,2026-01-08 15:00:00,2,0.0,5
ORD-0007148,PRD-0256,2026-02-23 11:00:00,4,0.0,5
ORD-0007149,PRD-0009,2026-04-29 14:00:00,1,0.0,5
ORD-0007150,PRD-0478,2026-08-30 02:00:00,1,0.05,3
ORD-0007151,PRD-0117,2026-04-04 01:00:00,1,0.05,5
ORD-0007152,PRD-0267,2026-06-20 08:00:00,4,0.0,4
ORD-0007153,PRD-0099,2026-03-01 16:00:00,4,0.0,5
ORD-0007154,PRD-0485,2026-05-11 20:00:00,3,0.2,5
ORD-0007155,PRD-0298,2026-03-16 20:00:00,2,0.2,4
ORD-0007156,PRD-0397,2026-07-16 18:00:00,2,0.0,4
ORD-0007157,PRD-0164,2026-03-27 15:00:00,4,0.0,3
ORD-0007158,PRD-0376,2026-05-20 00:00:00,4,0.05,4
ORD-0007159,PRD-0141,2026-02-02 14:00:00,1,0.0,3
ORD-0007160,PRD-0268,2026-03-04 19:00:00,4,0.0,5
ORD-0007161,PRD-0037,2026-07-22 22:00:00,1,0.0,5
ORD-0007162,PRD-0074,2026-08-01 14:00:00,4,0.1,5
ORD-0007163,PRD-0073,2026-06-10 14:00:00,2,0.05,5
ORD-0007164,PRD-0308,2026-01-29 04:00:00,3,0.0,5
ORD-0007165,PRD-0199,2026-03-18 06:00:00,4,0.0,5
ORD-0007166,PRD-0130,2026-06-20 10:00:00,1,0.0,4
ORD-0007167,PRD-0246,2026-06-29 10:00:00,3,0.0,5
ORD-0007168,PRD-0312,2026-08-15 08:00:00,1,0.0,2
ORD-0007169,PRD-0060,2026-08-27 11:00:00,1,0.0,3
ORD-0007170,PRD-0279,2026-02-26 16:00:00,3,0.0,5
ORD-0007171,PRD-0103,2026-07-11 01:00:00,3,0.0,4
ORD-0007172,PRD-0296,2026-08-19 02:00:00,3,0.05,5
ORD-0007173,PRD-0320,2026-04-22 22:00:00,4,0.05,4
ORD-0007174,PRD-0487,2026-01-08 22:00:00,3,0.0,3
ORD-0007175,PRD-0341,2026-02-05 02:00:00,4,0.0,5
ORD-0007176,PRD-0151,2026-01-14 22:00:00,2,0.0,2
ORD-0007177,PRD-0157,2026-08-28 02:00:00,2,0.05,3
ORD-0007178,PRD-0206,2026-02-16 06:00:00,1,0.0,4
ORD-0007179,PRD-0474,2026-01-25 02:00:00,1,0.0,5
ORD-0007180,PRD-0179,2026-01-03 13:00:00,4,0.05,4
ORD-0007181,PRD-0197,2026-01-17 02:00:00,1,0.05,5
ORD-0007182,PRD-0223,2026-02-18 17:00:00,2,0.0,5
ORD-0007183,PRD-0089,2026-04-02 16:00:00,4,0.0,5
ORD-0007184,PRD-0287,2026-07-16 10:00:00,4,0.2,5
ORD-0007185,PRD-0434,2026-03-12 03:00:00,3,0.2,4
ORD-0007186,PRD-0276,2026-01-21 06:00:00,4,0.0,5
ORD-0007187,PRD-0236,2026-06-05 12:00:00,1,0.1,5
ORD-0007188,PRD-0183,2026-08-12 21:00:00,2,0.0,4
ORD-0007189,PRD-0209,2026-01-23 12:00:00,1,0.2,4
ORD-0007190,PRD-0493,2026-08-23 15:00:00,2,0.0,5
ORD-0007191,PRD-0130,2026-03-27 20:00:00,3,0.05,5
ORD-0007192,PRD-0153,2026-06-26 22:00:00,2,0.05,5
ORD-0007193,PRD-0013,2026-08-04 09:00:00,3,0.0,5
ORD-0007194,PRD-0122,2026-02-21 14:00:00,1,0.05,5
ORD-0007195,PRD-0359,2026-02-11 06:00:00,3,0.0,3
ORD-0007196,PRD-0220,2026-07-06 03:00:00,4,0.0,4
ORD-0007197,PRD-0106,2026-08-07 00:00:00,4,0.0,5
ORD-0007198,PRD-0375,2026-04-06 19:00:00,2,0.2,1
ORD-0007199,PRD-0070,2026-08-07 17:00:00,1,0.0,4
ORD-0007200,PRD-0195,2026-06-12 19:00:00,1,0.05,5
ORD-0007201,PRD-0186,2026-06-28 16:00:00,2,0.05,3
ORD-0007202,PRD-0099,2026-02-15 00:00:00,4,0.0,2
ORD-0007203,PRD-0082,2026-01-09 05:00:00,3,0.0,5
ORD-0007204,PRD-0075,2026-04-02 10:00:00,2,0.05,5
ORD-0007205,PRD-0374,2026-03-08 14:00:00,3,0.2,3
ORD-0007206,PRD-0340,2026-03-08 16:00:00,3,0.0,5
ORD-0007207,PRD-0192,2026-06-03 20:00:00,1,0.0,5
ORD-0007208,PRD-0325,2026-06-11 01:00:00,4,0.0,4
ORD-0007209,PRD-0467,2026-01-29 11:00:00,3,0.0,4
ORD-0007210,PRD-0214,2026-05-09 11:00:00,4,0.0,3
ORD-0007211,PRD-0315,2026-06-16 05:00:00,1,0.0,5
ORD-0007212,PRD-0444,2026-01-14 20:00:00,2,0.0,5
ORD-0007213,PRD-0467,2026-08-11 11:00:00,2,0.0,5
ORD-0007214,PRD-0382,2026-08-18 21:00:00,1,0.05,5
ORD-0007215,PRD-0367,2026-08-16 13:00:00,1,0.2,1
ORD-0007216,PRD-0318,2026-08-21 19:00:00,3,0.0,2
ORD-0007217,PRD-0144,2026-03-15 19:00:00,1,0.05,3
ORD-0007218,PRD-0384,2026-08-10 04:00:00,2,0.0,1
ORD-0007219,PRD-0216,2026-08-07 07:00:00,4,0.2,5
ORD-0007220,PRD-0361,2026-06-25 00:00:00,4,0.05,5
ORD-0007221,PRD-0324,2026-04-24 09:00:00,4,0.1,4
ORD-0007222,PRD-0015,2026-02-03 14:00:00,4,0.0,3
ORD-0007223,PRD-0217,2026-02-14 08:00:00,1,0.0,3
ORD-0007224,PRD-0492,2026-02-07 00:00:00,1,0.0,5
ORD-0007225,PRD-0439,2026-05-02 19:00:00,4,0.0,5
ORD-0007226,PRD-0035,2026-01-14 08:00:00,1,0.0,5
ORD-0007227,PRD-0183,2026-06-14 21:00:00,3,0.0,4
ORD-0007228,PRD-0270,2026-04-10 06:00:00,1,0.05,4
ORD-0007229,PRD-0433,2026-05-15 15:00:00,3,0.0,2
ORD-0007230,PRD-0467,2026-04-07 07:00:00,3,0.0,5
ORD-0007231,PRD-0358,2026-05-31 01:00:00,1,0.0,5
ORD-0007232,PRD-0100,2026-03-04 12:00:00,4,0.0,5
ORD-0007233,PRD-0007,2026-03-07 08:00:00,3,0.05,5
ORD-0007234,PRD-0030,2026-05-17 17:00:00,1,0.0,5
ORD-0007235,PRD-0467,2026-03-05 07:00:00,2,0.0,4
ORD-0007236,PRD-0305,2026-03-21 22:00:00,4,0.0,4
ORD-0007237,PRD-0473,2026-06-20 09:00:00,2,0.05,5
ORD-0007238,PRD-0144,2026-03-19 17:00:00,3,0.0,2
ORD-0007239,PRD-0111,2026-02-28 13:00:00,2,0.2,2
ORD-0007240,PRD-0232,2026-04-24 11:00:00,1,0.0,5
ORD-0007241,PRD-0179,2026-08-22 08:00:00,4,0.05,5
ORD-0007242,PRD-0072,2026-01-01 04:00:00,3,0.0,5
ORD-0007243,PRD-0210,2026-02-18 16:00:00,1,0.0,1
ORD-0007244,PRD-0220,2026-04-10 22:00:00,4,0.0,3
ORD-0007245,PRD-0080,2026-04-20 14:00:00,3,0.0,5
ORD-0007246,PRD-0500,2026-01-15 11:00:00,3,0.0,5
ORD-0007247,PRD-0083,2026-06-25 20:00:00,3,0.0,5
ORD-0007248,PRD-0042,2026-03-17 13:00:00,3,0.0,5
ORD-0007249,PRD-0273,2026-05-20 06:00:00,2,0.0,5
ORD-0007250,PRD-0191,2026-04-18 06:00:00,2,0.05,4
ORD-0007251,PRD-0173,2026-06-09 09:00:00,2,0.05,2
ORD-0007252,PRD-0461,2026-07-11 09:00:00,3,0.0,1
ORD-0007253,PRD-0007,2026-08-08 16:00:00,2,0.0,5
ORD-0007254,PRD-0155,2026-01-03 04:00:00,4,0.0,1
ORD-0007255,PRD-0010,2026-01-07 04:00:00,3,0.0,5
ORD-0007256,PRD-0034,2026-01-21 22:00:00,4,0.05,5
ORD-0007257,PRD-0036,2026-02-06 05:00:00,4,0.05,2
ORD-0007258,PRD-0409,2026-05-27 17:00:00,2,0.0,5
ORD-0007259,PRD-0006,2026-06-29 18:00:00,3,0.0,5
ORD-0007260,PRD-0408,2026-06-11 07:00:00,2,0.1,5
ORD-0007261,PRD-0402,2026-02-24 04:00:00,2,0.0,5
ORD-0007262,PRD-0215,2026-04-15 03:00:00,2,0.0,3
ORD-0007263,PRD-0134,2026-06-18 01:00:00,3,0.05,4
ORD-0007264,PRD-0285,2026-05-18 01:00:00,3,0.0,3
ORD-0007265,PRD-0126,2026-07-21 09:00:00,2,0.0,5
ORD-0007266,PRD-0409,2026-06-10 13:00:00,4,0.1,5
ORD-0007267,PRD-0439,2026-04-13 03:00:00,4,0.0,5
ORD-0007268,PRD-0337,2026-07-02 17:00:00,3,0.05,4
ORD-0007269,PRD-0174,2026-01-15 02:00:00,1,0.0,5
ORD-0007270,PRD-0152,2026-04-28 16:00:00,2,0.05,5
ORD-0007271,PRD-0331,2026-03-12 13:00:00,2,0.1,5
ORD-0007272,PRD-0026,2026-02-11 02:00:00,1,0.0,2
ORD-0007273,PRD-0383,2026-07-30 14:00:00,3,0.05,5
ORD-0007274,PRD-0115,2026-05-26 10:00:00,4,0.1,3
ORD-0007275,PRD-0382,2026-08-10 22:00:00,3,0.0,1
ORD-0007276,PRD-0482,2026-04-24 21:00:00,4,0.05,4
ORD-0007277,PRD-0284,2026-06-06 23:00:00,4,0.2,4
ORD-0007278,PRD-0387,2026-08-13 08:00:00,3,0.0,5
ORD-0007279,PRD-0075,2026-06-19 20:00:00,2,0.0,4
ORD-0007280,PRD-0166,2026-03-25 14:00:00,2,0.0,5
ORD-0007281,PRD-0189,2026-05-10 11:00:00,2,0.0,1
ORD-0007282,PRD-0078,2026-07-06 04:00:00,4,0.0,1
ORD-0007283,PRD-0435,2026-08-22 15:00:00,2,0.0,1
ORD-0007284,PRD-0090,2026-05-19 18:00:00,4,0.0,4
ORD-0007285,PRD-0176,2026-05-07 17:00:00,2,0.0,4
ORD-0007286,PRD-0021,2026-01-23 02:00:00,3,0.0,5
ORD-0007287,PRD-0054,2026-02-08 11:00:00,1,0.0,5
ORD-0007288,PRD-0184,2026-06-21 14:00:00,4,0.0,4
ORD-0007289,PRD-0359,2026-01-11 00:00:00,3,0.05,2
ORD-0007290,PRD-0222,2026-08-01 12:00:00,4,0.0,3
ORD-0007291,PRD-0315,2026-03-21 00:00:00,4,0.0,5
ORD-0007292,PRD-0328,2026-05-19 12:00:00,3,0.0,5
ORD-0007293,PRD-0179,2026-08-08 05:00:00,2,0.0,5
ORD-0007294,PRD-0276,2026-02-03 21:00:00,4,0.0,3
ORD-0007295,PRD-0112,2026-07-17 22:00:00,1,0.05,3
ORD-0007296,PRD-0224,2026-02-02 14:00:00,1,0.0,3
ORD-0007297,PRD-0214,2026-06-18 23:00:00,3,0.2,5
ORD-0007298,PRD-0059,2026-01-01 07:00:00,1,0.0,4
ORD-0007299,PRD-0327,2026-06-07 05:00:00,3,0.0,5
ORD-0007300,PRD-0393,2026-08-31 02:00:00,3,0.05,5
ORD-0007301,PRD-0109,2026-07-14 14:00:00,4,0.05,5
ORD-0007302,PRD-0385,2026-05-11 19:00:00,3,0.05,3
ORD-0007303,PRD-0157,2026-06-07 21:00:00,3,0.2,5
ORD-0007304,PRD-0191,2026-07-28 15:00:00,2,0.0,1
ORD-0007305,PRD-0200,2026-06-18 19:00:00,4,0.1,5
ORD-0007306,PRD-0312,2026-01-22 13:00:00,1,0.0,1
ORD-0007307,PRD-0196,2026-05-13 22:00:00,2,0.1,2
ORD-0007308,PRD-0035,2026-05-10 06:00:00,2,0.0,4
ORD-0007309,PRD-0379,2026-08-23 21:00:00,4,0.0,5
ORD-0007310,PRD-0387,2026-07-10 18:00:00,4,0.05,4
ORD-0007311,PRD-0246,2026-04-24 04:00:00,2,0.0,4
ORD-0007312,PRD-0237,2026-01-25 02:00:00,4,0.0,1
ORD-0007313,PRD-0104,2026-07-06 18:00:00,4,0.0,2
ORD-0007314,PRD-0007,2026-07-07 19:00:00,3,0.05,5
ORD-0007315,PRD-0283,2026-03-19 17:00:00,4,0.1,3
ORD-0007316,PRD-0001,2026-08-17 17:00:00,3,0.05,5
ORD-0007317,PRD-0219,2026-02-27 08:00:00,2,0.1,5
ORD-0007318,PRD-0464,2026-08-16 07:00:00,2,0.0,5
ORD-0007319,PRD-0230,2026-05-03 10:00:00,1,0.0,3
ORD-0007320,PRD-0455,2026-02-07 17:00:00,4,0.0,4
ORD-0007321,PRD-0172,2026-08-14 08:00:00,2,0.0,5
ORD-0007322,PRD-0087,2026-07-30 18:00:00,3,0.0,5
ORD-0007323,PRD-0041,2026-02-10 04:00:00,2,0.0,3
ORD-0007324,PRD-0123,2026-03-24 08:00:00,4,0.0,5
ORD-0007325,PRD-0331,2026-08-02 20:00:00,1,0.05,5
ORD-0007326,PRD-0298,2026-07-18 07:00:00,1,0.0,4
ORD-0007327,PRD-0373,2026-07-25 00:00:00,2,0.1,5
ORD-0007328,PRD-0417,2026-03-20 15:00:00,1,0.05,4
ORD-0007329,PRD-0178,2026-04-12 23:00:00,4,0.05,3
ORD-0007330,PRD-0063,2026-02-11 07:00:00,4,0.2,3
ORD-0007331,PRD-0484,2026-08-06 20:00:00,1,0.0,1
ORD-0007332,PRD-0165,2026-05-29 04:00:00,3,0.05,3
ORD-0007333,PRD-0489,2026-06-14 23:00:00,1,0.1,5
ORD-0007334,PRD-0187,2026-05-31 04:00:00,1,0.0,5
ORD-0007335,PRD-0383,2026-02-15 03:00:00,2,0.05,5
ORD-0007336,PRD-0209,2026-01-19 02:00:00,3,0.0,5
ORD-0007337,PRD-0227,2026-01-01 20:00:00,1,0.0,4
ORD-0007338,PRD-0432,2026-05-02 18:00:00,2,0.0,4
ORD-0007339,PRD-0389,2026-03-22 05:00:00,2,0.2,5
ORD-0007340,PRD-0048,2026-03-03 08:00:00,2,0.1,5
ORD-0007341,PRD-0224,2026-02-15 19:00:00,4,0.1,4
ORD-0007342,PRD-0003,2026-04-20 21:00:00,2,0.05,5
ORD-0007343,PRD-0372,2026-01-17 05:00:00,2,0.0,4
ORD-0007344,PRD-0175,2026-05-23 05:00:00,4,0.0,5
ORD-0007345,PRD-0446,2026-04-19 23:00:00,4,0.1,5
ORD-0007346,PRD-0099,2026-02-26 10:00:00,2,0.0,4
ORD-0007347,PRD-0116,2026-07-08 09:00:00,1,0.0,2
ORD-0007348,PRD-0270,2026-08-31 13:00:00,3,0.0,5
ORD-0007349,PRD-0447,2026-08-02 13:00:00,4,0.0,4
ORD-0007350,PRD-0368,2026-01-01 05:00:00,3,0.05,1
ORD-0007351,PRD-0253,2026-01-08 22:00:00,4,0.0,4
ORD-0007352,PRD-0317,2026-01-07 03:00:00,2,0.05,5
ORD-0007353,PRD-0415,2026-07-07 12:00:00,4,0.1,5
ORD-0007354,PRD-0095,2026-07-01 09:00:00,2,0.0,5
ORD-0007355,PRD-0273,2026-05-28 22:00:00,3,0.0,5
ORD-0007356,PRD-0380,2026-07-24 23:00:00,1,0.0,5
ORD-0007357,PRD-0024,2026-06-21 01:00:00,2,0.2,1
ORD-0007358,PRD-0116,2026-02-16 06:00:00,3,0.0,5
ORD-0007359,PRD-0151,2026-06-09 17:00:00,3,0.0,4
ORD-0007360,PRD-0338,2026-07-25 13:00:00,4,0.05,3
ORD-0007361,PRD-0050,2026-07-31 19:00:00,2,0.0,5
ORD-0007362,PRD-0206,2026-01-27 00:00:00,3,0.2,4
ORD-0007363,PRD-0498,2026-06-21 21:00:00,1,0.1,5
ORD-0007364,PRD-0335,2026-04-01 15:00:00,4,0.0,1
ORD-0007365,PRD-0079,2026-05-12 05:00:00,4,0.05,5
ORD-0007366,PRD-0070,2026-02-14 22:00:00,3,0.0,3
ORD-0007367,PRD-0027,2026-05-28 23:00:00,2,0.05,3
ORD-0007368,PRD-0271,2026-04-09 00:00:00,4,0.05,4
ORD-0007369,PRD-0050,2026-01-23 17:00:00,2,0.0,4
ORD-0007370,PRD-0292,2026-08-06 16:00:00,3,0.0,4
ORD-0007371,PRD-0247,2026-02-19 19:00:00,3,0.2,5
ORD-0007372,PRD-0264,2026-08-23 02:00:00,2,0.0,5
ORD-0007373,PRD-0079,2026-03-28 05:00:00,1,0.05,4
ORD-0007374,PRD-0387,2026-05-20 22:00:00,4,0.0,3
ORD-0007375,PRD-0190,2026-04-12 14:00:00,3,0.0,4
ORD-0007376,PRD-0047,2026-01-26 16:00:00,1,0.1,4
ORD-0007377,PRD-0461,2026-06-26 20:00:00,1,0.0,5
ORD-0007378,PRD-0361,2026-05-20 07:00:00,2,0.05,4
ORD-0007379,PRD-0354,2026-03-17 11:00:00,2,0.0,5
ORD-0007380,PRD-0472,2026-01-08 03:00:00,2,0.0,2
ORD-0007381,PRD-0488,2026-06-22 14:00:00,1,0.2,5
ORD-0007382,PRD-0352,2026-01-27 01:00:00,4,0.0,5
ORD-0007383,PRD-0189,2026-06-19 07:00:00,2,0.2,4
ORD-0007384,PRD-0416,2026-04-04 22:00:00,4,0.2,5
ORD-0007385,PRD-0256,2026-01-19 20:00:00,2,0.2,5
ORD-0007386,PRD-0222,2026-03-01 02:00:00,1,0.1,5
ORD-0007387,PRD-0372,2026-02-01 09:00:00,4,0.0,4
ORD-0007388,PRD-0241,2026-05-21 12:00:00,4,0.2,5
ORD-0007389,PRD-0269,2026-08-01 16:00:00,1,0.0,5
ORD-0007390,PRD-0001,2026-04-24 11:00:00,4,0.0,4
ORD-0007391,PRD-0034,2026-08-06 21:00:00,1,0.0,4
ORD-0007392,PRD-0446,2026-05-06 10:00:00,1,0.0,2
ORD-0007393,PRD-0079,2026-05-02 07:00:00,3,0.05,3
ORD-0007394,PRD-0236,2026-02-21 01:00:00,2,0.0,5
ORD-0007395,PRD-0334,2026-01-07 23:00:00,3,0.0,4
ORD-0007396,PRD-0377,2026-06-03 13:00:00,1,0.0,5
ORD-0007397,PRD-0349,2026-01-04 13:00:00,1,0.0,3
ORD-0007398,PRD-0098,2026-03-11 21:00:00,4,0.05,4
ORD-0007399,PRD-0082,2026-03-24 14:00:00,1,0.0,5
ORD-0007400,PRD-0455,2026-07-26 00:00:00,1,0.0,2
ORD-0007401,PRD-0477,2026-03-03 22:00:00,1,0.0,5
ORD-0007402,PRD-0415,2026-01-19 09:00:00,2,0.0,5
ORD-0007403,PRD-0192,2026-01-12 06:00:00,3,0.0,5
ORD-0007404,PRD-0253,2026-08-26 08:00:00,3,0.0,5
ORD-0007405,PRD-0409,2026-01-15 07:00:00,2,0.0,5
ORD-0007406,PRD-0038,2026-02-20 06:00:00,2,0.0,5
ORD-0007407,PRD-0014,2026-05-09 09:00:00,2,0.0,4
ORD-0007408,PRD-0392,2026-02-22 09:00:00,3,0.2,5
ORD-0007409,PRD-0347,2026-04-06 11:00:00,3,0.0,5
ORD-0007410,PRD-0310,2026-03-05 20:00:00,1,0.1,5
ORD-0007411,PRD-0386,2026-05-23 14:00:00,3,0.05,4
ORD-0007412,PRD-0209,2026-07-01 18:00:00,4,0.0,5
ORD-0007413,PRD-0357,2026-03-10 21:00:00,3,0.2,5
ORD-0007414,PRD-0462,2026-07-27 20:00:00,2,0.05,4
ORD-0007415,PRD-0089,2026-01-10 22:00:00,3,0.05,5
ORD-0007416,PRD-0056,2026-02-08 02:00:00,1,0.0,5
ORD-0007417,PRD-0094,2026-03-01 22:00:00,3,0.0,5
ORD-0007418,PRD-0093,2026-05-06 16:00:00,2,0.0,4
ORD-0007419,PRD-0340,2026-03-02 20:00:00,4,0.0,3
ORD-0007420,PRD-0085,2026-05-09 07:00:00,2,0.1,5
ORD-0007421,PRD-0445,2026-08-18 15:00:00,4,0.1,5
ORD-0007422,PRD-0245,2026-04-05 02:00:00,1,0.0,4
ORD-0007423,PRD-0022,2026-01-16 06:00:00,1,0.05,4
ORD-0007424,PRD-0291,2026-05-05 15:00:00,3,0.05,4
ORD-0007425,PRD-0485,2026-06-05 21:00:00,1,0.0,4
ORD-0007426,PRD-0272,2026-08-26 01:00:00,1,0.0,5
ORD-0007427,PRD-0306,2026-01-04 13:00:00,2,0.0,5
ORD-0007428,PRD-0122,2026-09-01 00:00:00,2,0.05,5
ORD-0007429,PRD-0128,2026-08-28 17:00:00,3,0.1,5
ORD-0007430,PRD-0113,2026-04-14 21:00:00,3,0.0,5
ORD-0007431,PRD-0427,2026-07-16 11:00:00,3,0.0,4
ORD-0007432,PRD-0273,2026-01-06 11:00:00,3,0.05,5
ORD-0007433,PRD-0336,2026-02-07 15:00:00,2,0.05,4
ORD-0007434,PRD-0442,2026-05-25 00:00:00,3,0.0,5
ORD-0007435,PRD-0130,2026-07-31 19:00:00,3,0.0,4
ORD-0007436,PRD-0132,2026-02-20 21:00:00,1,0.1,3
ORD-0007437,PRD-0085,2026-03-15 11:00:00,3,0.0,3
ORD-0007438,PRD-0423,2026-04-27 20:00:00,4,0.0,5
ORD-0007439,PRD-0482,2026-02-21 02:00:00,1,0.1,4
ORD-0007440,PRD-0350,2026-02-23 12:00:00,2,0.0,4
ORD-0007441,PRD-0390,2026-01-29 17:00:00,4,0.1,5
ORD-0007442,PRD-0081,2026-08-03 07:00:00,3,0.0,5
ORD-0007443,PRD-0487,2026-07-19 06:00:00,1,0.0,3
ORD-0007444,PRD-0473,2026-07-23 09:00:00,3,0.0,3
ORD-0007445,PRD-0325,2026-07-04 19:00:00,1,0.0,4
ORD-0007446,PRD-0069,2026-07-07 19:00:00,3,0.0,5
ORD-0007447,PRD-0148,2026-03-25 04:00:00,4,0.05,5
ORD-0007448,PRD-0448,2026-07-02 13:00:00,2,0.0,4
ORD-0007449,PRD-0016,2026-02-16 05:00:00,4,0.2,5
ORD-0007450,PRD-0307,2026-07-26 01:00:00,4,0.0,3
ORD-0007451,PRD-0105,2026-01-18 21:00:00,2,0.0,4
ORD-0007452,PRD-0165,2026-08-26 12:00:00,1,0.0,5
ORD-0007453,PRD-0488,2026-06-21 22:00:00,1,0.05,3
ORD-0007454,PRD-0201,2026-06-07 13:00:00,2,0.0,5
ORD-0007455,PRD-0197,2026-01-26 02:00:00,3,0.0,5
ORD-0007456,PRD-0426,2026-01-19 07:00:00,1,0.1,2
ORD-0007457,PRD-0185,2026-02-11 00:00:00,4,0.0,4
ORD-0007458,PRD-0322,2026-08-16 20:00:00,2,0.0,5
ORD-0007459,PRD-0265,2026-03-21 22:00:00,4,0.0,5
ORD-0007460,PRD-0363,2026-07-07 19:00:00,1,0.05,4
ORD-0007461,PRD-0100,2026-01-22 23:00:00,2,0.0,4
ORD-0007462,PRD-0342,2026-07-03 13:00:00,2,0.1,3
ORD-0007463,PRD-0320,2026-05-05 20:00:00,1,0.05,5
ORD-0007464,PRD-0214,2026-05-25 11:00:00,1,0.05,4
ORD-0007465,PRD-0278,2026-02-26 17:00:00,2,0.0,2
ORD-0007466,PRD-0162,2026-01-30 07:00:00,3,0.2,5
ORD-0007467,PRD-0439,2026-01-28 14:00:00,2,0.0,4
ORD-0007468,PRD-0157,2026-01-16 04:00:00,3,0.0,3
ORD-0007469,PRD-0422,2026-02-08 10:00:00,4,0.0,5
ORD-0007470,PRD-0251,2026-06-10 16:00:00,3,0.05,5
ORD-0007471,PRD-0366,2026-01-08 07:00:00,3,0.0,2
ORD-0007472,PRD-0097,2026-08-08 12:00:00,1,0.0,3
ORD-0007473,PRD-0018,2026-08-09 17:00:00,2,0.1,2
ORD-0007474,PRD-0327,2026-02-08 23:00:00,4,0.0,1
ORD-0007475,PRD-0449,2026-01-16 21:00:00,2,0.0,5
ORD-0007476,PRD-0383,2026-08-13 02:00:00,3,0.05,5
ORD-0007477,PRD-0097,2026-08-10 04:00:00,3,0.05,5
ORD-0007478,PRD-0001,2026-01-13 17:00:00,3,0.0,5
ORD-0007479,PRD-0216,2026-08-18 01:00:00,2,0.0,5
ORD-0007480,PRD-0132,2026-07-15 17:00:00,3,0.2,5
ORD-0007481,PRD-0260,2026-04-10 14:00:00,2,0.0,5
ORD-0007482,PRD-0125,2026-04-02 19:00:00,4,0.0,4
ORD-0007483,PRD-0082,2026-07-20 07:00:00,4,0.1,5
ORD-0007484,PRD-0283,2026-03-03 01:00:00,2,0.0,4
ORD-0007485,PRD-0171,2026-05-17 07:00:00,4,0.0,4
ORD-0007486,PRD-0059,2026-01-17 18:00:00,1,0.0,5
ORD-0007487,PRD-0032,2026-07-16 05:00:00,3,0.0,3
ORD-0007488,PRD-0161,2026-04-22 06:00:00,3,0.1,5
ORD-0007489,PRD-0284,2026-03-17 01:00:00,3,0.0,5
ORD-0007490,PRD-0106,2026-04-21 10:00:00,1,0.0,5
ORD-0007491,PRD-0105,2026-01-08 08:00:00,3,0.1,5
ORD-0007492,PRD-0439,2026-07-09 08:00:00,2,0.0,4
ORD-0007493,PRD-0228,2026-01-31 22:00:00,3,0.05,4
ORD-0007494,PRD-0188,2026-08-24 20:00:00,2,0.0,5
ORD-0007495,PRD-0070,2026-04-08 20:00:00,4,0.05,4
ORD-0007496,PRD-0318,2026-07-03 10:00:00,2,0.0,5
ORD-0007497,PRD-0464,2026-02-01 06:00:00,2,0.0,1
ORD-0007498,PRD-0290,2026-02-06 04:00:00,2,0.0,4
ORD-0007499,PRD-0087,2026-06-19 06:00:00,3,0.05,4
ORD-0007500,PRD-0370,2026-06-15 07:00:00,1,0.05,5
ORD-0007501,PRD-0362,2026-01-09 21:00:00,1,0.05,4
ORD-0007502,PRD-0472,2026-03-09 09:00:00,2,0.0,1
ORD-0007503,PRD-0056,2026-08-28 23:00:00,3,0.0,3
ORD-0007504,PRD-0113,2026-04-16 10:00:00,1,0.05,4
ORD-0007505,PRD-0013,2026-05-19 21:00:00,4,0.05,3
ORD-0007506,PRD-0440,2026-03-08 13:00:00,4,0.05,4
ORD-0007507,PRD-0018,2026-08-29 08:00:00,3,0.0,5
ORD-0007508,PRD-0182,2026-01-22 07:00:00,4,0.0,4
ORD-0007509,PRD-0461,2026-07-31 18:00:00,4,0.0,4
ORD-0007510,PRD-0113,2026-01-11 12:00:00,4,0.0,5
ORD-0007511,PRD-0229,2026-06-22 05:00:00,1,0.2,4
ORD-0007512,PRD-0171,2026-01-27 04:00:00,4,0.05,5
ORD-0007513,PRD-0295,2026-05-25 20:00:00,2,0.0,4
ORD-0007514,PRD-0189,2026-02-11 02:00:00,2,0.0,4
ORD-0007515,PRD-0426,2026-03-13 21:00:00,4,0.0,4
ORD-0007516,PRD-0465,2026-03-29 05:00:00,2,0.1,5
ORD-0007517,PRD-0079,2026-08-21 05:00:00,1,0.1,5
ORD-0007518,PRD-0146,2026-03-12 21:00:00,3,0.0,4
ORD-0007519,PRD-0407,2026-01-13 16:00:00,2,0.05,5
ORD-0007520,PRD-0182,2026-06-19 22:00:00,4,0.0,4
ORD-0007521,PRD-0499,2026-04-06 00:00:00,3,0.0,1
ORD-0007522,PRD-0286,2026-06-30 20:00:00,3,0.05,5
ORD-0007523,PRD-0250,2026-04-27 23:00:00,4,0.05,5
ORD-0007524,PRD-0354,2026-05-01 06:00:00,2,0.05,4
ORD-0007525,PRD-0314,2026-05-24 22:00:00,1,0.0,1
ORD-0007526,PRD-0196,2026-02-12 16:00:00,2,0.0,5
ORD-0007527,PRD-0323,2026-06-29 16:00:00,2,0.0,5
ORD-0007528,PRD-0071,2026-05-04 23:00:00,1,0.0,2
ORD-0007529,PRD-0248,2026-01-22 02:00:00,3,0.0,5
ORD-0007530,PRD-0146,2026-07-22 08:00:00,1,0.0,4
ORD-0007531,PRD-0106,2026-05-03 23:00:00,1,0.0,5
ORD-0007532,PRD-0263,2026-02-13 21:00:00,4,0.0,5
ORD-0007533,PRD-0296,2026-04-22 10:00:00,4,0.05,5
ORD-0007534,PRD-0070,2026-04-17 23:00:00,2,0.05,5
ORD-0007535,PRD-0470,2026-03-21 08:00:00,4,0.05,1
ORD-0007536,PRD-0193,2026-07-02 02:00:00,1,0.0,2
ORD-0007537,PRD-0068,2026-07-11 03:00:00,1,0.0,5
ORD-0007538,PRD-0494,2026-07-25 02:00:00,4,0.0,3
ORD-0007539,PRD-0305,2026-07-30 06:00:00,4,0.0,4
ORD-0007540,PRD-0052,2026-05-01 14:00:00,4,0.0,5
ORD-0007541,PRD-0370,2026-08-08 18:00:00,1,0.0,4
ORD-0007542,PRD-0363,2026-02-15 20:00:00,3,0.05,4
ORD-0007543,PRD-0285,2026-06-02 13:00:00,3,0.2,4
ORD-0007544,PRD-0405,2026-03-10 04:00:00,4,0.0,5
ORD-0007545,PRD-0474,2026-03-02 15:00:00,2,0.1,3
ORD-0007546,PRD-0334,2026-05-31 13:00:00,2,0.0,4
ORD-0007547,PRD-0009,2026-01-02 14:00:00,3,0.05,5
ORD-0007548,PRD-0251,2026-05-09 12:00:00,4,0.05,5
ORD-0007549,PRD-0431,2026-06-26 15:00:00,1,0.2,5
ORD-0007550,PRD-0332,2026-04-24 19:00:00,2,0.0,5
ORD-0007551,PRD-0298,2026-04-11 15:00:00,2,0.0,4
ORD-0007552,PRD-0435,2026-02-01 14:00:00,1,0.0,5
ORD-0007553,PRD-0184,2026-06-30 22:00:00,1,0.0,4
ORD-0007554,PRD-0179,2026-05-10 20:00:00,4,0.2,3
ORD-0007555,PRD-0198,2026-02-01 20:00:00,1,0.05,4
ORD-0007556,PRD-0128,2026-04-11 22:00:00,1,0.05,3
ORD-0007557,PRD-0020,2026-02-24 18:00:00,1,0.0,4
ORD-0007558,PRD-0472,2026-06-29 06:00:00,3,0.1,4
ORD-0007559,PRD-0411,2026-06-16 11:00:00,1,0.0,5
ORD-0007560,PRD-0422,2026-06-17 21:00:00,2,0.0,4
ORD-0007561,PRD-0328,2026-06-03 21:00:00,4,0.1,5
ORD-0007562,PRD-0065,2026-05-13 17:00:00,4,0.0,5
ORD-0007563,PRD-0182,2026-04-30 10:00:00,4,0.0,5
ORD-0007564,PRD-0241,2026-02-24 21:00:00,3,0.0,2
ORD-0007565,PRD-0369,2026-01-30 04:00:00,2,0.05,5
ORD-0007566,PRD-0024,2026-07-02 15:00:00,1,0.05,5
ORD-0007567,PRD-0384,2026-04-02 17:00:00,2,0.0,5
ORD-0007568,PRD-0431,2026-03-08 09:00:00,4,0.05,4
ORD-0007569,PRD-0455,2026-06-16 03:00:00,1,0.05,4
ORD-0007570,PRD-0083,2026-07-26 01:00:00,4,0.2,3
ORD-0007571,PRD-0470,2026-06-22 17:00:00,4,0.0,4
ORD-0007572,PRD-0319,2026-02-21 06:00:00,4,0.05,5
ORD-0007573,PRD-0185,2026-04-19 20:00:00,2,0.05,5
ORD-0007574,PRD-0439,2026-05-11 17:00:00,2,0.0,4
ORD-0007575,PRD-0316,2026-03-21 12:00:00,4,0.0,3
ORD-0007576,PRD-0099,2026-08-29 22:00:00,4,0.0,4
ORD-0007577,PRD-0062,2026-08-15 15:00:00,1,0.0,3
ORD-0007578,PRD-0286,2026-03-16 14:00:00,4,0.0,5
ORD-0007579,PRD-0477,2026-05-03 00:00:00,4,0.0,5
ORD-0007580,PRD-0022,2026-02-15 08:00:00,4,0.0,4
ORD-0007581,PRD-0459,2026-08-07 19:00:00,4,0.0,4
ORD-0007582,PRD-0212,2026-04-10 05:00:00,2,0.0,5
ORD-0007583,PRD-0126,2026-06-21 23:00:00,4,0.05,1
ORD-0007584,PRD-0413,2026-07-26 19:00:00,3,0.1,5
ORD-0007585,PRD-0499,2026-05-03 17:00:00,4,0.0,5
ORD-0007586,PRD-0425,2026-05-29 17:00:00,2,0.0,5
ORD-0007587,PRD-0042,2026-08-12 10:00:00,3,0.0,1
ORD-0007588,PRD-0098,2026-08-10 07:00:00,3,0.0,4
ORD-0007589,PRD-0449,2026-02-18 13:00:00,4,0.0,5
ORD-0007590,PRD-0031,2026-08-29 19:00:00,4,0.05,1
ORD-0007591,PRD-0158,2026-01-26 00:00:00,2,0.0,4
ORD-0007592,PRD-0112,2026-03-26 09:00:00,3,0.05,5
ORD-0007593,PRD-0402,2026-03-08 00:00:00,3,0.05,5
ORD-0007594,PRD-0247,2026-02-11 03:00:00,2,0.0,4
ORD-0007595,PRD-0122,2026-08-10 06:00:00,4,0.0,4
ORD-0007596,PRD-0273,2026-03-23 21:00:00,1,0.0,5
ORD-0007597,PRD-0294,2026-03-01 23:00:00,1,0.0,4
ORD-0007598,PRD-0398,2026-07-12 07:00:00,3,0.0,4
ORD-0007599,PRD-0471,2026-02-06 04:00:00,3,0.2,5
ORD-0007600,PRD-0473,2026-03-27 23:00:00,4,0.1,3
ORD-0007601,PRD-0207,2026-02-17 01:00:00,1,0.2,1
ORD-0007602,PRD-0110,2026-07-02 10:00:00,3,0.0,4
ORD-0007603,PRD-0440,2026-07-05 16:00:00,4,0.0,4
ORD-0007604,PRD-0278,2026-06-05 09:00:00,1,0.0,5
ORD-0007605,PRD-0451,2026-08-03 18:00:00,2,0.0,5
ORD-0007606,PRD-0056,2026-03-22 14:00:00,3,0.0,5
ORD-0007607,PRD-0375,2026-07-30 14:00:00,2,0.05,5
ORD-0007608,PRD-0403,2026-02-14 20:00:00,1,0.0,5
ORD-0007609,PRD-0057,2026-08-05 16:00:00,4,0.2,4
ORD-0007610,PRD-0428,2026-03-10 07:00:00,4,0.2,4
ORD-0007611,PRD-0482,2026-02-28 00:00:00,1,0.0,5
ORD-0007612,PRD-0291,2026-01-02 06:00:00,2,0.1,2
ORD-0007613,PRD-0114,2026-01-30 07:00:00,4,0.0,4
ORD-0007614,PRD-0381,2026-02-06 04:00:00,3,0.0,4
ORD-0007615,PRD-0385,2026-08-17 08:00:00,2,0.05,5
ORD-0007616,PRD-0308,2026-01-10 16:00:00,2,0.0,4
ORD-0007617,PRD-0341,2026-08-03 17:00:00,3,0.1,5
ORD-0007618,PRD-0477,2026-08-12 10:00:00,1,0.05,4
ORD-0007619,PRD-0198,2026-02-09 14:00:00,4,0.1,5
ORD-0007620,PRD-0421,2026-01-03 10:00:00,2,0.2,4
ORD-0007621,PRD-0321,2026-04-28 10:00:00,4,0.0,5
ORD-0007622,PRD-0179,2026-05-31 00:00:00,4,0.0,1
ORD-0007623,PRD-0385,2026-05-12 05:00:00,2,0.0,4
ORD-0007624,PRD-0219,2026-01-13 13:00:00,1,0.0,5
ORD-0007625,PRD-0277,2026-04-29 18:00:00,2,0.0,4
ORD-0007626,PRD-0437,2026-05-03 16:00:00,1,0.1,4
ORD-0007627,PRD-0016,2026-03-22 03:00:00,3,0.0,5
ORD-0007628,PRD-0492,2026-01-14 04:00:00,1,0.2,2
ORD-0007629,PRD-0379,2026-03-20 16:00:00,1,0.05,5
ORD-0007630,PRD-0061,2026-08-08 08:00:00,2,0.0,4
ORD-0007631,PRD-0054,2026-04-24 03:00:00,4,0.0,4
ORD-0007632,PRD-0168,2026-07-19 09:00:00,4,0.0,5
ORD-0007633,PRD-0026,2026-03-20 09:00:00,1,0.0,5
ORD-0007634,PRD-0336,2026-06-12 10:00:00,1,0.0,4
ORD-0007635,PRD-0476,2026-06-21 09:00:00,2,0.0,5
ORD-0007636,PRD-0065,2026-02-19 02:00:00,1,0.05,5
ORD-0007637,PRD-0100,2026-06-10 15:00:00,2,0.0,5
ORD-0007638,PRD-0074,2026-08-23 09:00:00,3,0.05,3
ORD-0007639,PRD-0192,2026-07-23 01:00:00,1,0.1,4
ORD-0007640,PRD-0171,2026-07-05 15:00:00,3,0.0,4
ORD-0007641,PRD-0273,2026-01-14 19:00:00,1,0.0,3
ORD-0007642,PRD-0377,2026-01-22 23:00:00,1,0.05,1
ORD-0007643,PRD-0187,2026-03-27 19:00:00,3,0.2,3
ORD-0007644,PRD-0023,2026-02-15 18:00:00,3,0.0,5
ORD-0007645,PRD-0391,2026-01-09 19:00:00,2,0.0,5
ORD-0007646,PRD-0428,2026-03-13 10:00:00,2,0.0,4
ORD-0007647,PRD-0181,2026-04-23 00:00:00,3,0.0,5
ORD-0007648,PRD-0327,2026-04-08 02:00:00,1,0.0,5
ORD-0007649,PRD-0108,2026-05-17 02:00:00,2,0.0,4
ORD-0007650,PRD-0335,2026-08-03 13:00:00,1,0.05,4
ORD-0007651,PRD-0162,2026-02-13 00:00:00,4,0.0,2
ORD-0007652,PRD-0302,2026-02-25 12:00:00,2,0.0,5
ORD-0007653,PRD-0493,2026-08-15 05:00:00,2,0.0,4
ORD-0007654,PRD-0452,2026-03-18 16:00:00,2,0.1,4
ORD-0007655,PRD-0206,2026-08-31 15:00:00,4,0.0,4
ORD-0007656,PRD-0078,2026-07-15 06:00:00,3,0.2,5
ORD-0007657,PRD-0016,2026-08-31 02:00:00,1,0.0,5
ORD-0007658,PRD-0327,2026-03-31 02:00:00,4,0.0,4
ORD-0007659,PRD-0096,2026-07-09 15:00:00,3,0.0,1
ORD-0007660,PRD-0147,2026-06-20 11:00:00,2,0.05,5
ORD-0007661,PRD-0002,2026-01-19 11:00:00,3,0.0,5
ORD-0007662,PRD-0010,2026-06-23 22:00:00,3,0.05,5
ORD-0007663,PRD-0434,2026-03-04 10:00:00,3,0.05,5
ORD-0007664,PRD-0125,2026-02-08 14:00:00,1,0.05,3
ORD-0007665,PRD-0081,2026-01-26 22:00:00,3,0.0,4
ORD-0007666,PRD-0485,2026-03-03 15:00:00,3,0.1,5
ORD-0007667,PRD-0140,2026-05-07 13:00:00,3,0.0,4
ORD-0007668,PRD-0326,2026-05-22 01:00:00,3,0.0,1
ORD-0007669,PRD-0150,2026-05-19 06:00:00,4,0.0,4
ORD-0007670,PRD-0288,2026-01-10 17:00:00,4,0.05,4
ORD-0007671,PRD-0361,2026-03-09 09:00:00,3,0.0,4
ORD-0007672,PRD-0340,2026-04-23 03:00:00,3,0.0,5
ORD-0007673,PRD-0129,2026-03-26 14:00:00,3,0.0,4
ORD-0007674,PRD-0438,2026-01-17 02:00:00,2,0.0,3
ORD-0007675,PRD-0239,2026-03-10 02:00:00,3,0.0,3
ORD-0007676,PRD-0058,2026-06-22 05:00:00,3,0.0,5
ORD-0007677,PRD-0198,2026-02-19 08:00:00,4,0.0,5
ORD-0007678,PRD-0211,2026-08-21 13:00:00,4,0.0,3
ORD-0007679,PRD-0402,2026-03-23 23:00:00,4,0.1,4
ORD-0007680,PRD-0390,2026-08-21 00:00:00,1,0.0,5
ORD-0007681,PRD-0045,2026-01-11 00:00:00,2,0.0,4
ORD-0007682,PRD-0097,2026-08-03 09:00:00,3,0.0,5
ORD-0007683,PRD-0279,2026-08-29 07:00:00,4,0.05,5
ORD-0007684,PRD-0023,2026-01-24 09:00:00,1,0.0,3
ORD-0007685,PRD-0410,2026-03-25 07:00:00,3,0.0,5
ORD-0007686,PRD-0461,2026-07-24 05:00:00,3,0.0,4
ORD-0007687,PRD-0391,2026-03-22 09:00:00,4,0.2,4
ORD-0007688,PRD-0335,2026-07-24 04:00:00,3,0.0,4
ORD-0007689,PRD-0044,2026-04-26 19:00:00,3,0.0,5
ORD-0007690,PRD-0027,2026-03-11 19:00:00,3,0.0,3
ORD-0007691,PRD-0282,2026-04-15 19:00:00,4,0.0,4
ORD-0007692,PRD-0097,2026-03-11 21:00:00,1,0.0,1
ORD-0007693,PRD-0463,2026-06-22 13:00:00,3,0.05,5
ORD-0007694,PRD-0036,2026-06-06 02:00:00,1,0.0,4
ORD-0007695,PRD-0109,2026-05-20 20:00:00,3,0.05,4
ORD-0007696,PRD-0055,2026-03-10 19:00:00,4,0.0,5
ORD-0007697,PRD-0192,2026-06-24 01:00:00,1,0.0,5
ORD-0007698,PRD-0219,2026-06-10 01:00:00,4,0.0,5
ORD-0007699,PRD-0185,2026-04-12 17:00:00,2,0.0,4
ORD-0007700,PRD-0069,2026-07-23 13:00:00,3,0.05,5
ORD-0007701,PRD-0317,2026-01-25 18:00:00,2,0.0,4
ORD-0007702,PRD-0130,2026-04-19 20:00:00,2,0.05,3
ORD-0007703,PRD-0055,2026-06-20 16:00:00,2,0.1,5
ORD-0007704,PRD-0378,2026-03-04 08:00:00,3,0.0,5
ORD-0007705,PRD-0097,2026-05-29 03:00:00,4,0.1,5
ORD-0007706,PRD-0336,2026-07-22 13:00:00,2,0.0,5
ORD-0007707,PRD-0087,2026-07-18 14:00:00,1,0.0,5
ORD-0007708,PRD-0294,2026-05-20 22:00:00,3,0.05,1
ORD-0007709,PRD-0119,2026-03-08 17:00:00,4,0.0,5
ORD-0007710,PRD-0208,2026-02-08 02:00:00,4,0.0,4
ORD-0007711,PRD-0334,2026-03-18 20:00:00,2,0.05,5
ORD-0007712,PRD-0413,2026-03-25 03:00:00,3,0.2,4
ORD-0007713,PRD-0154,2026-01-04 22:00:00,2,0.0,4
ORD-0007714,PRD-0035,2026-01-21 12:00:00,1,0.1,5
ORD-0007715,PRD-0079,2026-05-08 21:00:00,4,0.0,4
ORD-0007716,PRD-0067,2026-01-07 05:00:00,4,0.2,5
ORD-0007717,PRD-0343,2026-02-13 14:00:00,3,0.0,5
ORD-0007718,PRD-0413,2026-04-27 19:00:00,4,0.05,4
ORD-0007719,PRD-0034,2026-08-11 06:00:00,3,0.0,5
ORD-0007720,PRD-0097,2026-01-17 14:00:00,2,0.1,5
ORD-0007721,PRD-0169,2026-07-26 06:00:00,1,0.05,5
ORD-0007722,PRD-0169,2026-07-06 12:00:00,3,0.0,5
ORD-0007723,PRD-0151,2026-01-23 23:00:00,2,0.0,4
ORD-0007724,PRD-0071,2026-01-13 06:00:00,1,0.1,4
ORD-0007725,PRD-0003,2026-02-17 15:00:00,4,0.05,4
ORD-0007726,PRD-0314,2026-01-19 23:00:00,1,0.0,4
ORD-0007727,PRD-0032,2026-03-06 17:00:00,1,0.0,5
ORD-0007728,PRD-0287,2026-01-08 00:00:00,1,0.1,3
ORD-0007729,PRD-0082,2026-07-20 05:00:00,4,0.0,5
ORD-0007730,PRD-0043,2026-03-23 02:00:00,3,0.0,5
ORD-0007731,PRD-0391,2026-08-31 09:00:00,3,0.2,4
ORD-0007732,PRD-0105,2026-08-13 04:00:00,1,0.0,1
ORD-0007733,PRD-0001,2026-01-11 13:00:00,2,0.0,5
ORD-0007734,PRD-0061,2026-04-10 00:00:00,2,0.0,5
ORD-0007735,PRD-0270,2026-02-25 00:00:00,1,0.1,5
ORD-0007736,PRD-0180,2026-05-01 03:00:00,1,0.0,4
ORD-0007737,PRD-0224,2026-05-31 07:00:00,2,0.05,2
ORD-0007738,PRD-0006,2026-03-30 13:00:00,1,0.1,5
ORD-0007739,PRD-0103,2026-05-26 16:00:00,1,0.0,4
ORD-0007740,PRD-0010,2026-04-04 08:00:00,3,0.1,5
ORD-0007741,PRD-0071,2026-01-17 16:00:00,3,0.0,2
ORD-0007742,PRD-0090,2026-03-31 20:00:00,1,0.05,5
ORD-0007743,PRD-0226,2026-04-10 00:00:00,1,0.0,3
ORD-0007744,PRD-0158,2026-01-16 02:00:00,4,0.05,5
ORD-0007745,PRD-0228,2026-06-14 02:00:00,3,0.0,5
ORD-0007746,PRD-0405,2026-06-10 11:00:00,1,0.0,5
ORD-0007747,PRD-0126,2026-05-23 04:00:00,4,0.2,1
ORD-0007748,PRD-0444,2026-04-07 02:00:00,4,0.0,4
ORD-0007749,PRD-0209,2026-08-16 06:00:00,4,0.1,2
ORD-0007750,PRD-0097,2026-01-04 12:00:00,4,0.0,5
ORD-0007751,PRD-0074,2026-08-24 01:00:00,3,0.0,5
ORD-0007752,PRD-0115,2026-03-18 00:00:00,4,0.1,5
ORD-0007753,PRD-0191,2026-06-11 21:00:00,3,0.0,3
ORD-0007754,PRD-0495,2026-01-13 19:00:00,4,0.1,4
ORD-0007755,PRD-0170,2026-07-01 13:00:00,4,0.0,4
ORD-0007756,PRD-0307,2026-03-22 01:00:00,2,0.0,4
ORD-0007757,PRD-0448,2026-01-27 06:00:00,3,0.05,5
ORD-0007758,PRD-0204,2026-07-18 23:00:00,2,0.0,2
ORD-0007759,PRD-0056,2026-07-26 16:00:00,2,0.0,5
ORD-0007760,PRD-0208,2026-04-09 19:00:00,4,0.05,5
ORD-0007761,PRD-0041,2026-05-18 12:00:00,3,0.0,5
ORD-0007762,PRD-0032,2026-08-31 13:00:00,1,0.0,5
ORD-0007763,PRD-0015,2026-06-02 19:00:00,4,0.1,4
ORD-0007764,PRD-0062,2026-01-31 06:00:00,3,0.1,5
ORD-0007765,PRD-0155,2026-08-12 04:00:00,2,0.0,3
ORD-0007766,PRD-0284,2026-03-10 16:00:00,3,0.0,3
ORD-0007767,PRD-0209,2026-06-29 16:00:00,4,0.05,5
ORD-0007768,PRD-0320,2026-02-22 21:00:00,3,0.0,5
ORD-0007769,PRD-0494,2026-07-09 07:00:00,2,0.0,2
ORD-0007770,PRD-0187,2026-01-14 06:00:00,3,0.2,3
ORD-0007771,PRD-0498,2026-05-25 19:00:00,3,0.0,5
ORD-0007772,PRD-0442,2026-04-26 18:00:00,2,0.0,4
ORD-0007773,PRD-0130,2026-05-08 10:00:00,4,0.1,5
ORD-0007774,PRD-0127,2026-08-03 17:00:00,1,0.05,4
ORD-0007775,PRD-0292,2026-06-22 06:00:00,2,0.1,3
ORD-0007776,PRD-0114,2026-03-08 18:00:00,2,0.0,5
ORD-0007777,PRD-0199,2026-04-05 00:00:00,4,0.0,5
ORD-0007778,PRD-0013,2026-02-04 13:00:00,4,0.1,5
ORD-0007779,PRD-0271,2026-02-05 15:00:00,3,0.0,5
ORD-0007780,PRD-0089,2026-04-21 08:00:00,2,0.05,4
ORD-0007781,PRD-0215,2026-03-19 10:00:00,3,0.0,5
ORD-0007782,PRD-0444,2026-02-15 22:00:00,3,0.05,4
ORD-0007783,PRD-0278,2026-08-22 04:00:00,4,0.0,5
ORD-0007784,PRD-0447,2026-04-14 09:00:00,4,0.0,4
ORD-0007785,PRD-0474,2026-03-17 20:00:00,3,0.0,4
ORD-0007786,PRD-0481,2026-07-25 17:00:00,2,0.05,4
ORD-0007787,PRD-0203,2026-03-28 15:00:00,2,0.0,5
ORD-0007788,PRD-0074,2026-05-12 14:00:00,3,0.05,2
ORD-0007789,PRD-0025,2026-04-12 16:00:00,1,0.0,5
ORD-0007790,PRD-0101,2026-06-03 12:00:00,1,0.0,4
ORD-0007791,PRD-0176,2026-02-22 07:00:00,4,0.05,4
ORD-0007792,PRD-0427,2026-05-04 05:00:00,2,0.0,4
ORD-0007793,PRD-0117,2026-06-02 03:00:00,3,0.0,1
ORD-0007794,PRD-0166,2026-04-04 07:00:00,3,0.0,5
ORD-0007795,PRD-0041,2026-03-22 19:00:00,2,0.05,5
ORD-0007796,PRD-0429,2026-01-12 05:00:00,4,0.2,5
ORD-0007797,PRD-0344,2026-07-21 06:00:00,4,0.0,1
ORD-0007798,PRD-0424,2026-06-19 08:00:00,1,0.0,5
ORD-0007799,PRD-0366,2026-07-27 11:00:00,2,0.0,4
ORD-0007800,PRD-0120,2026-06-07 07:00:00,2,0.05,5
ORD-0007801,PRD-0097,2026-02-16 08:00:00,3,0.0,3
ORD-0007802,PRD-0145,2026-01-28 00:00:00,2,0.05,5
ORD-0007803,PRD-0216,2026-02-19 03:00:00,1,0.0,5
ORD-0007804,PRD-0229,2026-03-31 06:00:00,2,0.1,4
ORD-0007805,PRD-0313,2026-01-01 16:00:00,3,0.0,2
ORD-0007806,PRD-0130,2026-01-05 20:00:00,1,0.2,5
ORD-0007807,PRD-0352,2026-07-31 14:00:00,3,0.0,1
ORD-0007808,PRD-0377,2026-03-06 09:00:00,2,0.0,5
ORD-0007809,PRD-0318,2026-05-12 07:00:00,4,0.05,5
ORD-0007810,PRD-0472,2026-04-23 05:00:00,2,0.05,5
ORD-0007811,PRD-0137,2026-06-20 09:00:00,2,0.0,5
ORD-0007812,PRD-0324,2026-07-30 18:00:00,3,0.2,4
ORD-0007813,PRD-0337,2026-02-23 04:00:00,4,0.0,4
ORD-0007814,PRD-0273,2026-05-16 00:00:00,2,0.0,4
ORD-0007815,PRD-0117,2026-07-25 22:00:00,1,0.0,5
ORD-0007816,PRD-0306,2026-06-07 20:00:00,1,0.0,5
ORD-0007817,PRD-0368,2026-01-16 11:00:00,3,0.05,5
ORD-0007818,PRD-0094,2026-04-27 23:00:00,3,0.0,5
ORD-0007819,PRD-0168,2026-08-26 14:00:00,4,0.0,5
ORD-0007820,PRD-0442,2026-01-07 11:00:00,3,0.0,5
ORD-0007821,PRD-0203,2026-04-21 21:00:00,4,0.0,4
ORD-0007822,PRD-0341,2026-01-20 08:00:00,2,0.2,5
ORD-0007823,PRD-0149,2026-07-23 06:00:00,1,0.1,5
ORD-0007824,PRD-0402,2026-07-24 03:00:00,1,0.0,3
ORD-0007825,PRD-0183,2026-06-29 19:00:00,1,0.0,1
ORD-0007826,PRD-0413,2026-03-15 21:00:00,3,0.2,4
ORD-0007827,PRD-0152,2026-01-05 20:00:00,3,0.0,5
ORD-0007828,PRD-0074,2026-03-29 15:00:00,2,0.0,5
ORD-0007829,PRD-0365,2026-02-27 06:00:00,3,0.0,4
ORD-0007830,PRD-0401,2026-05-14 11:00:00,4,0.0,5
ORD-0007831,PRD-0274,2026-07-03 11:00:00,1,0.1,3
ORD-0007832,PRD-0042,2026-05-28 18:00:00,2,0.0,5
ORD-0007833,PRD-0496,2026-06-15 17:00:00,4,0.2,5
ORD-0007834,PRD-0212,2026-06-29 21:00:00,4,0.0,5
ORD-0007835,PRD-0101,2026-02-19 20:00:00,3,0.0,3
ORD-0007836,PRD-0045,2026-05-23 03:00:00,3,0.2,5
ORD-0007837,PRD-0082,2026-02-03 04:00:00,1,0.1,4
ORD-0007838,PRD-0017,2026-08-23 09:00:00,2,0.05,4
ORD-0007839,PRD-0073,2026-06-12 04:00:00,4,0.0,4
ORD-0007840,PRD-0014,2026-01-07 06:00:00,3,0.05,5
ORD-0007841,PRD-0433,2026-08-31 08:00:00,3,0.0,5
ORD-0007842,PRD-0157,2026-05-16 09:00:00,2,0.0,5
ORD-0007843,PRD-0223,2026-08-24 12:00:00,2,0.05,5
ORD-0007844,PRD-0132,2026-01-05 15:00:00,3,0.05,4
ORD-0007845,PRD-0338,2026-01-29 10:00:00,3,0.05,4
ORD-0007846,PRD-0404,2026-02-18 09:00:00,1,0.05,5
ORD-0007847,PRD-0376,2026-04-10 03:00:00,2,0.0,4
ORD-0007848,PRD-0376,2026-08-24 21:00:00,4,0.0,5
ORD-0007849,PRD-0047,2026-07-27 20:00:00,3,0.05,5
ORD-0007850,PRD-0107,2026-08-15 02:00:00,3,0.0,4
ORD-0007851,PRD-0108,2026-01-07 16:00:00,3,0.0,5
ORD-0007852,PRD-0265,2026-03-01 09:00:00,3,0.0,4
ORD-0007853,PRD-0205,2026-06-02 13:00:00,1,0.0,1
ORD-0007854,PRD-0079,2026-01-12 13:00:00,2,0.2,5
ORD-0007855,PRD-0155,2026-05-22 07:00:00,3,0.0,5
ORD-0007856,PRD-0271,2026-03-06 20:00:00,2,0.0,5
ORD-0007857,PRD-0476,2026-07-11 08:00:00,4,0.05,1
ORD-0007858,PRD-0485,2026-08-17 19:00:00,4,0.0,5
ORD-0007859,PRD-0247,2026-03-21 19:00:00,4,0.2,2
ORD-0007860,PRD-0019,2026-07-17 22:00:00,4,0.0,3
ORD-0007861,PRD-0346,2026-05-10 11:00:00,2,0.1,5
ORD-0007862,PRD-0436,2026-01-13 14:00:00,4,0.0,4
ORD-0007863,PRD-0026,2026-07-08 21:00:00,4,0.0,5
ORD-0007864,PRD-0217,2026-04-26 13:00:00,3,0.0,5
ORD-0007865,PRD-0154,2026-06-28 09:00:00,3,0.0,4
ORD-0007866,PRD-0154,2026-05-16 05:00:00,3,0.1,4
ORD-0007867,PRD-0174,2026-08-25 21:00:00,1,0.0,1
ORD-0007868,PRD-0092,2026-07-18 16:00:00,3,0.05,5
ORD-0007869,PRD-0433,2026-08-12 17:00:00,4,0.0,1
ORD-0007870,PRD-0338,2026-02-11 16:00:00,2,0.1,1
ORD-0007871,PRD-0480,2026-06-09 18:00:00,4,0.05,5
ORD-0007872,PRD-0181,2026-06-16 22:00:00,2,0.0,5
ORD-0007873,PRD-0131,2026-07-19 02:00:00,4,0.0,5
ORD-0007874,PRD-0450,2026-03-13 14:00:00,1,0.05,4
ORD-0007875,PRD-0481,2026-06-09 14:00:00,3,0.0,3
ORD-0007876,PRD-0298,2026-07-29 04:00:00,4,0.0,5
ORD-0007877,PRD-0275,2026-05-13 13:00:00,3,0.05,5
ORD-0007878,PRD-0273,2026-05-01 02:00:00,1,0.2,4
ORD-0007879,PRD-0492,2026-02-11 14:00:00,1,0.1,4
ORD-0007880,PRD-0417,2026-01-12 20:00:00,3,0.0,3
ORD-0007881,PRD-0076,2026-01-18 12:00:00,3,0.0,3
ORD-0007882,PRD-0177,2026-04-01 00:00:00,2,0.2,5
ORD-0007883,PRD-0184,2026-05-08 17:00:00,3,0.0,3
ORD-0007884,PRD-0319,2026-04-05 19:00:00,3,0.0,4
ORD-0007885,PRD-0131,2026-03-04 06:00:00,2,0.2,4
ORD-0007886,PRD-0363,2026-06-11 20:00:00,4,0.0,4
ORD-0007887,PRD-0049,2026-07-12 15:00:00,2,0.0,1
ORD-0007888,PRD-0055,2026-04-16 23:00:00,4,0.05,4
ORD-0007889,PRD-0154,2026-06-21 22:00:00,4,0.0,5
ORD-0007890,PRD-0355,2026-06-27 09:00:00,4,0.0,1
ORD-0007891,PRD-0200,2026-03-18 17:00:00,2,0.0,5
ORD-0007892,PRD-0308,2026-07-20 00:00:00,2,0.0,5
ORD-0007893,PRD-0356,2026-01-31 01:00:00,1,0.2,4
ORD-0007894,PRD-0373,2026-02-28 09:00:00,4,0.0,3
ORD-0007895,PRD-0118,2026-01-19 13:00:00,2,0.0,1
ORD-0007896,PRD-0263,2026-04-27 07:00:00,1,0.0,5
ORD-0007897,PRD-0046,2026-07-08 10:00:00,4,0.05,5
ORD-0007898,PRD-0302,2026-06-06 23:00:00,2,0.05,4
ORD-0007899,PRD-0356,2026-04-17 07:00:00,2,0.0,5
ORD-0007900,PRD-0400,2026-08-24 06:00:00,2,0.0,5
ORD-0007901,PRD-0408,2026-03-23 23:00:00,3,0.05,4
ORD-0007902,PRD-0189,2026-06-12 00:00:00,1,0.0,5
ORD-0007903,PRD-0310,2026-07-20 16:00:00,2,0.0,4
ORD-0007904,PRD-0318,2026-04-24 19:00:00,3,0.0,5
ORD-0007905,PRD-0129,2026-04-20 13:00:00,1,0.0,3
ORD-0007906,PRD-0049,2026-03-23 20:00:00,1,0.2,5
ORD-0007907,PRD-0025,2026-02-14 01:00:00,3,0.1,4
ORD-0007908,PRD-0266,2026-07-21 07:00:00,1,0.05,5
ORD-0007909,PRD-0118,2026-02-01 13:00:00,3,0.1,3
ORD-0007910,PRD-0464,2026-03-16 19:00:00,4,0.05,5
ORD-0007911,PRD-0144,2026-03-10 11:00:00,2,0.2,2
ORD-0007912,PRD-0442,2026-07-22 01:00:00,3,0.0,3
ORD-0007913,PRD-0200,2026-01-01 23:00:00,1,0.0,3
ORD-0007914,PRD-0157,2026-02-21 15:00:00,1,0.05,1
ORD-0007915,PRD-0487,2026-06-22 22:00:00,4,0.0,5
ORD-0007916,PRD-0348,2026-05-10 01:00:00,4,0.0,5
ORD-0007917,PRD-0134,2026-02-24 08:00:00,4,0.0,5
ORD-0007918,PRD-0400,2026-07-31 01:00:00,4,0.0,5
ORD-0007919,PRD-0148,2026-04-16 22:00:00,4,0.0,1
ORD-0007920,PRD-0336,2026-06-04 16:00:00,2,0.0,3
ORD-0007921,PRD-0071,2026-06-14 19:00:00,3,0.0,5
ORD-0007922,PRD-0233,2026-07-08 17:00:00,4,0.1,5
ORD-0007923,PRD-0334,2026-06-29 07:00:00,4,0.05,5
ORD-0007924,PRD-0299,2026-06-26 04:00:00,2,0.1,4
ORD-0007925,PRD-0154,2026-08-16 10:00:00,3,0.1,3
ORD-0007926,PRD-0090,2026-08-10 11:00:00,4,0.0,3
ORD-0007927,PRD-0334,2026-08-13 05:00:00,3,0.0,4
ORD-0007928,PRD-0199,2026-02-24 09:00:00,3,0.0,5
ORD-0007929,PRD-0161,2026-07-06 00:00:00,2,0.2,1
ORD-0007930,PRD-0026,2026-05-13 06:00:00,2,0.0,5
ORD-0007931,PRD-0121,2026-08-09 22:00:00,4,0.05,5
ORD-0007932,PRD-0301,2026-06-01 04:00:00,1,0.0,5
ORD-0007933,PRD-0212,2026-02-02 13:00:00,2,0.2,5
ORD-0007934,PRD-0063,2026-01-24 14:00:00,3,0.0,1
ORD-0007935,PRD-0451,2026-07-12 14:00:00,3,0.1,5
ORD-0007936,PRD-0436,2026-06-22 04:00:00,4,0.0,4
ORD-0007937,PRD-0068,2026-06-28 01:00:00,4,0.0,5
ORD-0007938,PRD-0253,2026-01-27 14:00:00,4,0.0,3
ORD-0007939,PRD-0410,2026-06-04 04:00:00,3,0.2,4
ORD-0007940,PRD-0459,2026-06-23 15:00:00,2,0.0,1
ORD-0007941,PRD-0002,2026-04-10 23:00:00,1,0.2,1
ORD-0007942,PRD-0398,2026-04-22 06:00:00,2,0.05,5
ORD-0007943,PRD-0108,2026-02-18 20:00:00,1,0.05,5
ORD-0007944,PRD-0286,2026-03-13 16:00:00,2,0.0,5
ORD-0007945,PRD-0049,2026-01-05 08:00:00,4,0.0,5
ORD-0007946,PRD-0140,2026-03-12 02:00:00,3,0.0,5
ORD-0007947,PRD-0218,2026-06-29 20:00:00,1,0.2,4
ORD-0007948,PRD-0044,2026-03-19 01:00:00,2,0.2,5
ORD-0007949,PRD-0417,2026-02-05 22:00:00,3,0.05,4
ORD-0007950,PRD-0269,2026-05-24 13:00:00,1,0.0,5
ORD-0007951,PRD-0078,2026-04-17 21:00:00,1,0.0,5
ORD-0007952,PRD-0216,2026-01-13 10:00:00,3,0.2,4
ORD-0007953,PRD-0382,2026-05-02 04:00:00,4,0.0,4
ORD-0007954,PRD-0098,2026-06-22 09:00:00,3,0.1,5
ORD-0007955,PRD-0236,2026-02-02 02:00:00,4,0.0,5
ORD-0007956,PRD-0282,2026-04-16 19:00:00,2,0.0,5
ORD-0007957,PRD-0149,2026-03-02 22:00:00,2,0.1,5
ORD-0007958,PRD-0412,2026-06-10 14:00:00,3,0.0,4
ORD-0007959,PRD-0304,2026-05-10 22:00:00,4,0.0,4
ORD-0007960,PRD-0484,2026-03-30 20:00:00,2,0.2,1
ORD-0007961,PRD-0424,2026-03-13 05:00:00,4,0.05,5
ORD-0007962,PRD-0066,2026-02-11 06:00:00,4,0.05,4
ORD-0007963,PRD-0234,2026-01-30 14:00:00,4,0.05,5
ORD-0007964,PRD-0457,2026-06-29 08:00:00,3,0.0,5
ORD-0007965,PRD-0087,2026-08-12 15:00:00,4,0.0,5
ORD-0007966,PRD-0079,2026-08-11 02:00:00,3,0.0,1
ORD-0007967,PRD-0205,2026-01-02 14:00:00,2,0.0,4
ORD-0007968,PRD-0279,2026-02-23 03:00:00,2,0.0,5
ORD-0007969,PRD-0337,2026-07-22 09:00:00,1,0.05,5
ORD-0007970,PRD-0254,2026-03-01 20:00:00,1,0.0,5
ORD-0007971,PRD-0304,2026-05-05 17:00:00,2,0.05,5
ORD-0007972,PRD-0380,2026-03-03 05:00:00,4,0.0,4
ORD-0007973,PRD-0130,2026-03-29 11:00:00,4,0.0,4
ORD-0007974,PRD-0084,2026-01-16 13:00:00,2,0.0,4
ORD-0007975,PRD-0276,2026-07-29 10:00:00,2,0.1,5
ORD-0007976,PRD-0187,2026-06-27 03:00:00,1,0.0,4
ORD-0007977,PRD-0046,2026-06-17 17:00:00,4,0.0,5
ORD-0007978,PRD-0387,2026-08-24 21:00:00,2,0.05,5
ORD-0007979,PRD-0183,2026-02-16 09:00:00,1,0.0,4
ORD-0007980,PRD-0268,2026-04-24 14:00:00,1,0.0,5
ORD-0007981,PRD-0296,2026-04-10 22:00:00,4,0.2,5
ORD-0007982,PRD-0322,2026-05-15 18:00:00,1,0.0,5
ORD-0007983,PRD-0100,2026-02-22 17:00:00,1,0.0,3
ORD-0007984,PRD-0078,2026-05-11 03:00:00,3,0.05,4
ORD-0007985,PRD-0272,2026-01-28 05:00:00,2,0.0,4
ORD-0007986,PRD-0339,2026-06-23 06:00:00,4,0.0,4
ORD-0007987,PRD-0162,2026-01-22 04:00:00,2,0.0,3
ORD-0007988,PRD-0044,2026-04-08 11:00:00,3,0.0,5
ORD-0007989,PRD-0238,2026-05-12 18:00:00,4,0.0,4
ORD-0007990,PRD-0134,2026-03-12 07:00:00,2,0.0,5
ORD-0007991,PRD-0461,2026-08-19 23:00:00,1,0.0,5
ORD-0007992,PRD-0192,2026-08-30 04:00:00,4,0.0,3
ORD-0007993,PRD-0356,2026-02-27 20:00:00,3,0.1,5
ORD-0007994,PRD-0278,2026-04-02 13:00:00,1,0.05,5
ORD-0007995,PRD-0018,2026-06-12 23:00:00,3,0.1,5
ORD-0007996,PRD-0012,2026-08-13 14:00:00,1,0.0,1
ORD-0007997,PRD-0180,2026-05-03 00:00:00,2,0.0,5
ORD-0007998,PRD-0123,2026-08-26 12:00:00,2,0.0,4
ORD-0007999,PRD-0246,2026-08-07 03:00:00,2,0.1,5
ORD-0008000,PRD-0222,2026-07-19 23:00:00,3,0.0,5
ORD-0008001,PRD-0373,2026-01-22 11:00:00,4,0.0,4
ORD-0008002,PRD-0051,2026-06-02 10:00:00,2,0.0,4
ORD-0008003,PRD-0488,2026-03-18 09:00:00,3,0.0,5
ORD-0008004,PRD-0071,2026-08-12 08:00:00,1,0.0,5
ORD-0008005,PRD-0480,2026-01-02 05:00:00,2,0.0,5
ORD-0008006,PRD-0048,2026-05-14 22:00:00,1,0.0,4
ORD-0008007,PRD-0019,2026-01-14 13:00:00,2,0.05,3
ORD-0008008,PRD-0262,2026-06-06 22:00:00,1,0.0,3
ORD-0008009,PRD-0084,2026-06-21 07:00:00,3,0.05,5
ORD-0008010,PRD-0155,2026-01-05 14:00:00,2,0.0,4
ORD-0008011,PRD-0053,2026-01-05 10:00:00,3,0.0,1
ORD-0008012,PRD-0107,2026-04-12 02:00:00,3,0.0,4
ORD-0008013,PRD-0357,2026-07-02 10:00:00,1,0.0,5
ORD-0008014,PRD-0304,2026-07-01 20:00:00,2,0.0,5
ORD-0008015,PRD-0135,2026-04-16 11:00:00,4,0.0,5
ORD-0008016,PRD-0443,2026-05-12 00:00:00,4,0.0,5
ORD-0008017,PRD-0069,2026-08-10 12:00:00,3,0.0,4
ORD-0008018,PRD-0011,2026-08-12 10:00:00,1,0.0,4
ORD-0008019,PRD-0143,2026-07-15 13:00:00,1,0.0,5
ORD-0008020,PRD-0192,2026-02-03 06:00:00,1,0.0,5
ORD-0008021,PRD-0387,2026-08-13 02:00:00,2,0.0,4
ORD-0008022,PRD-0378,2026-08-08 12:00:00,2,0.2,5
ORD-0008023,PRD-0069,2026-04-12 13:00:00,1,0.0,5
ORD-0008024,PRD-0023,2026-03-25 19:00:00,4,0.0,5
ORD-0008025,PRD-0181,2026-01-18 17:00:00,4,0.05,5
ORD-0008026,PRD-0293,2026-05-07 20:00:00,2,0.05,5
ORD-0008027,PRD-0009,2026-08-31 13:00:00,1,0.2,3
ORD-0008028,PRD-0271,2026-05-18 00:00:00,4,0.1,5
ORD-0008029,PRD-0387,2026-05-02 10:00:00,4,0.05,5
ORD-0008030,PRD-0093,2026-02-21 15:00:00,2,0.2,4
ORD-0008031,PRD-0454,2026-05-22 07:00:00,2,0.0,4
ORD-0008032,PRD-0017,2026-06-25 13:00:00,4,0.05,5
ORD-0008033,PRD-0154,2026-06-16 13:00:00,1,0.1,4
ORD-0008034,PRD-0405,2026-05-06 06:00:00,4,0.05,5
ORD-0008035,PRD-0328,2026-05-07 15:00:00,4,0.2,3
ORD-0008036,PRD-0149,2026-01-25 22:00:00,1,0.0,5
ORD-0008037,PRD-0377,2026-03-28 23:00:00,2,0.0,5
ORD-0008038,PRD-0267,2026-02-19 08:00:00,1,0.2,4
ORD-0008039,PRD-0422,2026-04-25 14:00:00,1,0.0,4
ORD-0008040,PRD-0328,2026-04-18 16:00:00,1,0.05,4
ORD-0008041,PRD-0106,2026-07-18 07:00:00,1,0.0,4
ORD-0008042,PRD-0472,2026-05-27 09:00:00,2,0.05,4
ORD-0008043,PRD-0381,2026-08-25 13:00:00,4,0.2,4
ORD-0008044,PRD-0035,2026-07-17 17:00:00,3,0.0,5
ORD-0008045,PRD-0119,2026-06-18 22:00:00,2,0.0,5
ORD-0008046,PRD-0014,2026-08-21 17:00:00,1,0.0,4
ORD-0008047,PRD-0014,2026-07-02 15:00:00,4,0.1,2
ORD-0008048,PRD-0266,2026-06-14 00:00:00,4,0.05,1
ORD-0008049,PRD-0140,2026-03-12 19:00:00,1,0.0,5
ORD-0008050,PRD-0294,2026-07-07 19:00:00,2,0.0,4
ORD-0008051,PRD-0364,2026-04-18 07:00:00,1,0.1,1
ORD-0008052,PRD-0119,2026-08-03 01:00:00,4,0.1,4
ORD-0008053,PRD-0238,2026-01-06 15:00:00,4,0.0,5
ORD-0008054,PRD-0034,2026-03-26 09:00:00,2,0.0,5
ORD-0008055,PRD-0169,2026-05-28 07:00:00,3,0.05,5
ORD-0008056,PRD-0010,2026-07-22 06:00:00,1,0.0,3
ORD-0008057,PRD-0122,2026-08-12 15:00:00,3,0.2,2
ORD-0008058,PRD-0401,2026-05-01 10:00:00,4,0.0,1
ORD-0008059,PRD-0145,2026-04-25 21:00:00,3,0.05,5
ORD-0008060,PRD-0451,2026-08-02 08:00:00,1,0.0,4
ORD-0008061,PRD-0446,2026-06-07 05:00:00,1,0.2,4
ORD-0008062,PRD-0223,2026-01-16 20:00:00,4,0.0,4
ORD-0008063,PRD-0371,2026-03-05 16:00:00,2,0.0,5
ORD-0008064,PRD-0257,2026-07-24 05:00:00,2,0.0,4
ORD-0008065,PRD-0268,2026-07-10 11:00:00,4,0.1,5
ORD-0008066,PRD-0359,2026-06-01 04:00:00,1,0.0,5
ORD-0008067,PRD-0004,2026-07-30 09:00:00,2,0.0,4
ORD-0008068,PRD-0426,2026-02-05 08:00:00,3,0.0,5
ORD-0008069,PRD-0397,2026-07-28 00:00:00,4,0.0,5
ORD-0008070,PRD-0354,2026-06-21 23:00:00,3,0.0,5
ORD-0008071,PRD-0106,2026-03-22 07:00:00,1,0.0,4
ORD-0008072,PRD-0085,2026-04-01 05:00:00,2,0.05,3
ORD-0008073,PRD-0214,2026-06-28 14:00:00,1,0.05,5
ORD-0008074,PRD-0121,2026-03-30 09:00:00,3,0.1,4
ORD-0008075,PRD-0132,2026-07-16 14:00:00,1,0.2,5
ORD-0008076,PRD-0338,2026-08-06 14:00:00,1,0.0,5
ORD-0008077,PRD-0197,2026-05-02 14:00:00,4,0.05,5
ORD-0008078,PRD-0019,2026-07-15 01:00:00,4,0.0,2
ORD-0008079,PRD-0130,2026-01-20 16:00:00,1,0.0,5
ORD-0008080,PRD-0012,2026-03-16 11:00:00,4,0.0,5
ORD-0008081,PRD-0081,2026-01-05 17:00:00,1,0.0,5
ORD-0008082,PRD-0330,2026-08-18 02:00:00,3,0.0,4
ORD-0008083,PRD-0354,2026-02-25 16:00:00,4,0.0,5
ORD-0008084,PRD-0262,2026-01-15 02:00:00,1,0.05,4
ORD-0008085,PRD-0392,2026-04-06 05:00:00,4,0.0,3
ORD-0008086,PRD-0125,2026-02-19 20:00:00,1,0.0,5
ORD-0008087,PRD-0307,2026-01-04 06:00:00,4,0.0,5
ORD-0008088,PRD-0267,2026-07-09 23:00:00,2,0.0,4
ORD-0008089,PRD-0447,2026-04-21 12:00:00,1,0.0,5
ORD-0008090,PRD-0441,2026-07-14 01:00:00,2,0.0,2
ORD-0008091,PRD-0383,2026-07-02 12:00:00,1,0.0,2
ORD-0008092,PRD-0140,2026-06-29 22:00:00,2,0.05,5
ORD-0008093,PRD-0329,2026-04-21 00:00:00,1,0.05,3
ORD-0008094,PRD-0002,2026-08-13 09:00:00,4,0.0,5
ORD-0008095,PRD-0008,2026-08-30 02:00:00,2,0.0,5
ORD-0008096,PRD-0250,2026-02-22 08:00:00,4,0.1,4
ORD-0008097,PRD-0139,2026-02-04 11:00:00,1,0.0,5
ORD-0008098,PRD-0124,2026-04-24 06:00:00,4,0.0,1
ORD-0008099,PRD-0309,2026-07-25 03:00:00,1,0.0,5
ORD-0008100,PRD-0228,2026-04-28 02:00:00,4,0.05,5
ORD-0008101,PRD-0010,2026-05-22 01:00:00,2,0.0,5
ORD-0008102,PRD-0469,2026-03-23 21:00:00,1,0.05,4
ORD-0008103,PRD-0212,2026-04-12 03:00:00,4,0.0,3
ORD-0008104,PRD-0112,2026-04-29 09:00:00,1,0.0,4
ORD-0008105,PRD-0008,2026-01-26 13:00:00,1,0.0,5
ORD-0008106,PRD-0292,2026-01-24 10:00:00,1,0.05,5
ORD-0008107,PRD-0477,2026-07-21 02:00:00,3,0.1,1
ORD-0008108,PRD-0362,2026-07-01 08:00:00,1,0.0,4
ORD-0008109,PRD-0460,2026-01-08 16:00:00,4,0.0,5
ORD-0008110,PRD-0253,2026-04-02 08:00:00,3,0.0,4
ORD-0008111,PRD-0014,2026-08-31 01:00:00,4,0.0,3
ORD-0008112,PRD-0240,2026-06-19 09:00:00,3,0.0,5
ORD-0008113,PRD-0438,2026-01-11 05:00:00,1,0.0,4
ORD-0008114,PRD-0242,2026-06-20 06:00:00,2,0.2,5
ORD-0008115,PRD-0469,2026-04-04 02:00:00,2,0.0,3
ORD-0008116,PRD-0342,2026-02-06 01:00:00,1,0.0,4
ORD-0008117,PRD-0149,2026-03-28 23:00:00,3,0.0,4
ORD-0008118,PRD-0236,2026-01-26 00:00:00,4,0.0,5
ORD-0008119,PRD-0306,2026-07-30 17:00:00,2,0.0,5
ORD-0008120,PRD-0478,2026-08-19 17:00:00,1,0.05,4
ORD-0008121,PRD-0167,2026-05-07 09:00:00,1,0.0,5
ORD-0008122,PRD-0020,2026-03-27 16:00:00,3,0.2,4
ORD-0008123,PRD-0216,2026-03-30 19:00:00,2,0.0,4
ORD-0008124,PRD-0343,2026-01-23 04:00:00,1,0.0,5
ORD-0008125,PRD-0135,2026-07-31 20:00:00,2,0.0,5
ORD-0008126,PRD-0393,2026-03-27 02:00:00,4,0.05,5
ORD-0008127,PRD-0129,2026-01-15 21:00:00,1,0.0,5
ORD-0008128,PRD-0410,2026-01-16 17:00:00,1,0.0,3
ORD-0008129,PRD-0422,2026-04-03 11:00:00,4,0.0,5
ORD-0008130,PRD-0294,2026-08-03 08:00:00,1,0.2,5
ORD-0008131,PRD-0246,2026-07-07 00:00:00,3,0.0,1
ORD-0008132,PRD-0189,2026-08-06 14:00:00,4,0.0,4
ORD-0008133,PRD-0044,2026-07-19 21:00:00,3,0.0,4
ORD-0008134,PRD-0086,2026-05-18 19:00:00,4,0.0,4
ORD-0008135,PRD-0044,2026-08-19 09:00:00,4,0.0,4
ORD-0008136,PRD-0330,2026-04-19 04:00:00,3,0.0,5
ORD-0008137,PRD-0375,2026-02-02 15:00:00,4,0.05,5
ORD-0008138,PRD-0446,2026-04-10 03:00:00,2,0.0,4
ORD-0008139,PRD-0378,2026-05-31 03:00:00,3,0.05,5
ORD-0008140,PRD-0390,2026-02-10 22:00:00,4,0.05,4
ORD-0008141,PRD-0145,2026-06-14 06:00:00,3,0.0,5
ORD-0008142,PRD-0051,2026-04-18 22:00:00,4,0.0,5
ORD-0008143,PRD-0242,2026-02-13 10:00:00,4,0.05,5
ORD-0008144,PRD-0294,2026-08-08 11:00:00,2,0.05,5
ORD-0008145,PRD-0408,2026-04-16 18:00:00,2,0.05,4
ORD-0008146,PRD-0051,2026-02-05 21:00:00,2,0.05,5
ORD-0008147,PRD-0266,2026-03-20 04:00:00,4,0.0,5
ORD-0008148,PRD-0120,2026-03-18 11:00:00,2,0.05,5
ORD-0008149,PRD-0200,2026-08-30 10:00:00,3,0.0,5
ORD-0008150,PRD-0405,2026-06-25 08:00:00,4,0.0,5
ORD-0008151,PRD-0248,2026-05-27 22:00:00,3,0.0,5
ORD-0008152,PRD-0070,2026-03-12 05:00:00,2,0.1,5
ORD-0008153,PRD-0341,2026-05-22 17:00:00,4,0.0,5
ORD-0008154,PRD-0057,2026-03-09 14:00:00,3,0.05,4
ORD-0008155,PRD-0382,2026-08-18 22:00:00,1,0.05,4
ORD-0008156,PRD-0039,2026-07-26 13:00:00,3,0.1,5
ORD-0008157,PRD-0472,2026-04-21 17:00:00,4,0.05,4
ORD-0008158,PRD-0289,2026-03-22 12:00:00,1,0.0,5
ORD-0008159,PRD-0443,2026-01-22 03:00:00,2,0.1,1
ORD-0008160,PRD-0018,2026-08-29 03:00:00,2,0.05,4
ORD-0008161,PRD-0440,2026-07-10 01:00:00,3,0.05,5
ORD-0008162,PRD-0220,2026-05-25 22:00:00,2,0.2,2
ORD-0008163,PRD-0313,2026-04-21 16:00:00,3,0.0,4
ORD-0008164,PRD-0244,2026-02-16 17:00:00,3,0.0,4
ORD-0008165,PRD-0352,2026-01-13 01:00:00,3,0.0,5
ORD-0008166,PRD-0460,2026-04-28 21:00:00,3,0.05,5
ORD-0008167,PRD-0304,2026-04-03 01:00:00,4,0.0,5
ORD-0008168,PRD-0298,2026-07-20 12:00:00,4,0.05,4
ORD-0008169,PRD-0283,2026-02-28 08:00:00,1,0.0,5
ORD-0008170,PRD-0074,2026-01-24 14:00:00,1,0.05,4
ORD-0008171,PRD-0110,2026-03-03 09:00:00,2,0.1,4
ORD-0008172,PRD-0180,2026-08-01 01:00:00,4,0.0,4
ORD-0008173,PRD-0426,2026-08-07 04:00:00,1,0.05,2
ORD-0008174,PRD-0032,2026-03-24 19:00:00,4,0.05,4
ORD-0008175,PRD-0234,2026-06-07 19:00:00,4,0.0,4
ORD-0008176,PRD-0282,2026-06-11 01:00:00,2,0.0,3
ORD-0008177,PRD-0025,2026-05-16 20:00:00,2,0.0,5
ORD-0008178,PRD-0331,2026-05-28 19:00:00,3,0.05,4
ORD-0008179,PRD-0279,2026-05-16 11:00:00,4,0.0,5
ORD-0008180,PRD-0226,2026-08-09 20:00:00,3,0.0,5
ORD-0008181,PRD-0057,2026-07-30 14:00:00,3,0.0,3
ORD-0008182,PRD-0180,2026-03-13 12:00:00,3,0.0,5
ORD-0008183,PRD-0232,2026-02-12 04:00:00,4,0.05,5
ORD-0008184,PRD-0382,2026-02-24 14:00:00,4,0.05,5
ORD-0008185,PRD-0343,2026-07-10 10:00:00,3,0.0,5
ORD-0008186,PRD-0477,2026-01-26 17:00:00,4,0.05,5
ORD-0008187,PRD-0287,2026-07-17 08:00:00,3,0.05,1
ORD-0008188,PRD-0064,2026-06-27 09:00:00,1,0.0,4
ORD-0008189,PRD-0455,2026-03-24 14:00:00,4,0.0,5
ORD-0008190,PRD-0232,2026-04-03 20:00:00,2,0.1,5
ORD-0008191,PRD-0289,2026-07-20 20:00:00,2,0.05,5
ORD-0008192,PRD-0213,2026-01-20 12:00:00,3,0.05,5
ORD-0008193,PRD-0258,2026-06-21 12:00:00,1,0.0,1
ORD-0008194,PRD-0018,2026-07-01 11:00:00,4,0.1,5
ORD-0008195,PRD-0175,2026-02-17 11:00:00,3,0.0,5
ORD-0008196,PRD-0417,2026-03-01 20:00:00,1,0.1,3
ORD-0008197,PRD-0229,2026-01-23 08:00:00,1,0.2,3
ORD-0008198,PRD-0226,2026-02-09 15:00:00,4,0.2,5
ORD-0008199,PRD-0084,2026-04-28 05:00:00,2,0.1,5
ORD-0008200,PRD-0291,2026-05-06 06:00:00,2,0.0,4
ORD-0008201,PRD-0435,2026-06-16 10:00:00,1,0.1,3
ORD-0008202,PRD-0370,2026-03-18 16:00:00,2,0.0,5
ORD-0008203,PRD-0246,2026-02-05 10:00:00,1,0.1,4
ORD-0008204,PRD-0402,2026-03-24 03:00:00,1,0.0,4
ORD-0008205,PRD-0110,2026-08-13 00:00:00,1,0.05,5
ORD-0008206,PRD-0254,2026-02-19 15:00:00,2,0.0,5
ORD-0008207,PRD-0088,2026-06-13 08:00:00,3,0.05,5
ORD-0008208,PRD-0072,2026-07-12 20:00:00,2,0.0,5
ORD-0008209,PRD-0381,2026-03-27 22:00:00,3,0.0,5
ORD-0008210,PRD-0030,2026-05-07 22:00:00,2,0.1,5
ORD-0008211,PRD-0172,2026-07-03 07:00:00,4,0.05,4
ORD-0008212,PRD-0309,2026-05-29 06:00:00,4,0.0,4
ORD-0008213,PRD-0394,2026-07-07 23:00:00,2,0.0,4
ORD-0008214,PRD-0343,2026-01-13 16:00:00,4,0.0,5
ORD-0008215,PRD-0436,2026-07-24 12:00:00,4,0.05,5
ORD-0008216,PRD-0177,2026-04-29 15:00:00,4,0.2,5
ORD-0008217,PRD-0139,2026-04-12 11:00:00,4,0.05,5
ORD-0008218,PRD-0194,2026-04-27 20:00:00,3,0.0,5
ORD-0008219,PRD-0186,2026-03-24 16:00:00,1,0.0,5
ORD-0008220,PRD-0218,2026-06-14 00:00:00,3,0.2,4
ORD-0008221,PRD-0164,2026-01-30 16:00:00,1,0.0,5
ORD-0008222,PRD-0161,2026-05-01 15:00:00,1,0.0,5
ORD-0008223,PRD-0431,2026-03-12 01:00:00,2,0.0,5
ORD-0008224,PRD-0013,2026-02-25 13:00:00,2,0.05,4
ORD-0008225,PRD-0296,2026-05-14 06:00:00,2,0.1,5
ORD-0008226,PRD-0089,2026-01-08 06:00:00,2,0.0,4
ORD-0008227,PRD-0324,2026-05-14 13:00:00,2,0.05,5
ORD-0008228,PRD-0042,2026-08-05 01:00:00,3,0.0,5
ORD-0008229,PRD-0403,2026-03-01 00:00:00,3,0.0,4
ORD-0008230,PRD-0210,2026-03-24 19:00:00,4,0.0,3
ORD-0008231,PRD-0229,2026-07-22 05:00:00,3,0.0,5
ORD-0008232,PRD-0350,2026-03-15 20:00:00,3,0.0,5
ORD-0008233,PRD-0275,2026-06-27 18:00:00,2,0.1,5
ORD-0008234,PRD-0442,2026-02-14 18:00:00,4,0.0,5
ORD-0008235,PRD-0279,2026-08-15 23:00:00,3,0.0,5
ORD-0008236,PRD-0251,2026-07-18 08:00:00,3,0.0,4
ORD-0008237,PRD-0310,2026-01-25 15:00:00,4,0.0,5
ORD-0008238,PRD-0208,2026-05-05 02:00:00,1,0.0,5
ORD-0008239,PRD-0321,2026-08-08 08:00:00,2,0.0,5
ORD-0008240,PRD-0140,2026-06-15 22:00:00,3,0.05,4
ORD-0008241,PRD-0280,2026-04-11 10:00:00,3,0.2,3
ORD-0008242,PRD-0034,2026-08-15 20:00:00,4,0.05,4
ORD-0008243,PRD-0309,2026-02-05 07:00:00,3,0.0,5
ORD-0008244,PRD-0392,2026-01-21 13:00:00,2,0.2,4
ORD-0008245,PRD-0018,2026-01-23 17:00:00,3,0.0,4
ORD-0008246,PRD-0057,2026-08-21 18:00:00,1,0.0,1
ORD-0008247,PRD-0112,2026-07-28 07:00:00,2,0.0,2
ORD-0008248,PRD-0005,2026-04-06 06:00:00,1,0.0,5
ORD-0008249,PRD-0410,2026-04-23 09:00:00,4,0.1,5
ORD-0008250,PRD-0414,2026-06-09 21:00:00,2,0.0,5
ORD-0008251,PRD-0182,2026-03-06 04:00:00,3,0.0,3
ORD-0008252,PRD-0013,2026-02-06 19:00:00,2,0.0,4
ORD-0008253,PRD-0339,2026-06-14 20:00:00,2,0.05,5
ORD-0008254,PRD-0285,2026-05-09 22:00:00,2,0.05,3
ORD-0008255,PRD-0259,2026-04-09 13:00:00,1,0.0,5
ORD-0008256,PRD-0090,2026-07-28 08:00:00,4,0.05,3
ORD-0008257,PRD-0104,2026-05-20 11:00:00,2,0.05,3
ORD-0008258,PRD-0379,2026-05-08 23:00:00,3,0.0,4
ORD-0008259,PRD-0186,2026-06-03 03:00:00,2,0.05,5
ORD-0008260,PRD-0250,2026-07-16 11:00:00,2,0.0,4
ORD-0008261,PRD-0255,2026-02-09 16:00:00,4,0.0,5
ORD-0008262,PRD-0076,2026-05-18 12:00:00,3,0.05,5
ORD-0008263,PRD-0386,2026-06-05 15:00:00,3,0.0,3
ORD-0008264,PRD-0459,2026-05-13 11:00:00,1,0.0,4
ORD-0008265,PRD-0108,2026-05-04 11:00:00,3,0.1,5
ORD-0008266,PRD-0156,2026-06-17 19:00:00,3,0.0,3
ORD-0008267,PRD-0082,2026-05-16 07:00:00,3,0.0,5
ORD-0008268,PRD-0077,2026-07-03 23:00:00,2,0.0,5
ORD-0008269,PRD-0485,2026-05-20 21:00:00,1,0.0,3
ORD-0008270,PRD-0470,2026-07-27 03:00:00,3,0.0,4
ORD-0008271,PRD-0460,2026-07-22 00:00:00,3,0.2,4
ORD-0008272,PRD-0258,2026-04-23 16:00:00,3,0.0,4
ORD-0008273,PRD-0127,2026-08-17 03:00:00,2,0.05,3
ORD-0008274,PRD-0485,2026-02-13 05:00:00,2,0.0,5
ORD-0008275,PRD-0391,2026-01-03 22:00:00,1,0.05,5
ORD-0008276,PRD-0282,2026-04-30 18:00:00,4,0.2,5
ORD-0008277,PRD-0474,2026-08-24 02:00:00,1,0.0,5
ORD-0008278,PRD-0088,2026-01-05 09:00:00,2,0.1,3
ORD-0008279,PRD-0204,2026-02-02 01:00:00,3,0.2,4
ORD-0008280,PRD-0016,2026-03-25 17:00:00,3,0.0,4
ORD-0008281,PRD-0151,2026-05-03 12:00:00,1,0.0,4
ORD-0008282,PRD-0424,2026-04-02 08:00:00,3,0.05,3
ORD-0008283,PRD-0254,2026-08-16 21:00:00,2,0.1,4
ORD-0008284,PRD-0188,2026-05-26 15:00:00,1,0.0,5
ORD-0008285,PRD-0329,2026-08-30 21:00:00,4,0.0,5
ORD-0008286,PRD-0032,2026-06-29 15:00:00,2,0.0,3
ORD-0008287,PRD-0271,2026-08-06 04:00:00,2,0.0,5
ORD-0008288,PRD-0485,2026-07-01 11:00:00,3,0.1,5
ORD-0008289,PRD-0397,2026-02-08 21:00:00,2,0.0,4
ORD-0008290,PRD-0005,2026-01-24 22:00:00,2,0.0,3
ORD-0008291,PRD-0459,2026-08-24 20:00:00,4,0.05,5
ORD-0008292,PRD-0330,2026-06-13 18:00:00,3,0.0,5
ORD-0008293,PRD-0308,2026-07-02 12:00:00,2,0.0,5
ORD-0008294,PRD-0333,2026-06-20 07:00:00,3,0.0,4
ORD-0008295,PRD-0169,2026-04-16 11:00:00,2,0.0,4
ORD-0008296,PRD-0181,2026-04-11 19:00:00,4,0.0,4
ORD-0008297,PRD-0366,2026-01-03 21:00:00,3,0.0,5
ORD-0008298,PRD-0178,2026-07-06 10:00:00,3,0.0,4
ORD-0008299,PRD-0143,2026-02-24 06:00:00,4,0.1,1
ORD-0008300,PRD-0362,2026-06-08 22:00:00,1,0.1,5
ORD-0008301,PRD-0248,2026-04-08 21:00:00,2,0.0,4
ORD-0008302,PRD-0127,2026-01-11 14:00:00,2,0.0,4
ORD-0008303,PRD-0263,2026-03-13 03:00:00,1,0.1,5
ORD-0008304,PRD-0040,2026-07-19 11:00:00,3,0.0,4
ORD-0008305,PRD-0412,2026-08-13 07:00:00,3,0.2,4
ORD-0008306,PRD-0416,2026-02-04 17:00:00,4,0.2,1
ORD-0008307,PRD-0355,2026-04-26 04:00:00,4,0.0,5
ORD-0008308,PRD-0255,2026-04-13 23:00:00,4,0.0,3
ORD-0008309,PRD-0143,2026-06-05 22:00:00,1,0.0,4
ORD-0008310,PRD-0240,2026-03-26 19:00:00,1,0.0,5
ORD-0008311,PRD-0228,2026-03-23 23:00:00,3,0.2,4
ORD-0008312,PRD-0341,2026-01-05 03:00:00,4,0.2,3
ORD-0008313,PRD-0198,2026-03-19 04:00:00,3,0.0,5
ORD-0008314,PRD-0065,2026-05-13 15:00:00,1,0.0,4
ORD-0008315,PRD-0388,2026-04-09 03:00:00,2,0.0,4
ORD-0008316,PRD-0011,2026-08-25 03:00:00,3,0.0,5
ORD-0008317,PRD-0108,2026-01-05 15:00:00,1,0.05,5
ORD-0008318,PRD-0026,2026-05-12 14:00:00,4,0.2,5
ORD-0008319,PRD-0445,2026-01-08 14:00:00,2,0.0,4
ORD-0008320,PRD-0421,2026-06-10 12:00:00,2,0.0,4
ORD-0008321,PRD-0151,2026-01-07 20:00:00,2,0.0,5
ORD-0008322,PRD-0221,2026-03-31 01:00:00,4,0.0,3
ORD-0008323,PRD-0341,2026-03-26 07:00:00,2,0.0,3
ORD-0008324,PRD-0496,2026-01-19 22:00:00,1,0.0,5
ORD-0008325,PRD-0237,2026-04-06 05:00:00,3,0.0,4
ORD-0008326,PRD-0237,2026-07-20 22:00:00,2,0.05,5
ORD-0008327,PRD-0497,2026-01-23 13:00:00,2,0.0,4
ORD-0008328,PRD-0219,2026-08-02 05:00:00,1,0.0,4
ORD-0008329,PRD-0487,2026-04-22 01:00:00,4,0.1,5
ORD-0008330,PRD-0424,2026-04-13 01:00:00,2,0.1,4
ORD-0008331,PRD-0461,2026-07-25 17:00:00,1,0.0,5
ORD-0008332,PRD-0151,2026-08-30 14:00:00,1,0.0,3
ORD-0008333,PRD-0123,2026-06-13 21:00:00,4,0.1,3
ORD-0008334,PRD-0144,2026-08-30 01:00:00,4,0.0,1
ORD-0008335,PRD-0478,2026-05-01 06:00:00,3,0.0,4
ORD-0008336,PRD-0189,2026-07-12 06:00:00,2,0.0,5
ORD-0008337,PRD-0255,2026-06-28 20:00:00,3,0.0,5
ORD-0008338,PRD-0068,2026-06-12 16:00:00,1,0.0,5
ORD-0008339,PRD-0104,2026-08-18 20:00:00,2,0.0,5
ORD-0008340,PRD-0336,2026-03-12 08:00:00,1,0.05,5
ORD-0008341,PRD-0159,2026-08-01 07:00:00,1,0.1,4
ORD-0008342,PRD-0309,2026-03-10 05:00:00,1,0.2,3
ORD-0008343,PRD-0362,2026-07-17 00:00:00,4,0.0,5
ORD-0008344,PRD-0409,2026-07-14 14:00:00,4,0.0,3
ORD-0008345,PRD-0300,2026-06-20 02:00:00,2,0.05,4
ORD-0008346,PRD-0396,2026-08-05 19:00:00,1,0.0,5
ORD-0008347,PRD-0090,2026-08-02 22:00:00,1,0.0,3
ORD-0008348,PRD-0357,2026-03-20 18:00:00,2,0.0,3
ORD-0008349,PRD-0256,2026-05-14 13:00:00,3,0.0,4
ORD-0008350,PRD-0496,2026-01-20 21:00:00,1,0.0,5
ORD-0008351,PRD-0353,2026-04-09 14:00:00,4,0.0,4
ORD-0008352,PRD-0220,2026-04-16 06:00:00,3,0.2,5
ORD-0008353,PRD-0009,2026-01-16 06:00:00,3,0.0,4
ORD-0008354,PRD-0012,2026-03-18 12:00:00,3,0.2,5
ORD-0008355,PRD-0325,2026-03-13 11:00:00,3,0.1,4
ORD-0008356,PRD-0438,2026-08-27 01:00:00,3,0.0,5
ORD-0008357,PRD-0244,2026-01-01 12:00:00,3,0.05,4
ORD-0008358,PRD-0182,2026-01-23 07:00:00,2,0.05,5
ORD-0008359,PRD-0284,2026-05-15 23:00:00,2,0.0,5
ORD-0008360,PRD-0312,2026-04-07 13:00:00,3,0.0,4
ORD-0008361,PRD-0099,2026-06-18 10:00:00,4,0.0,4
ORD-0008362,PRD-0197,2026-01-16 15:00:00,2,0.05,5
ORD-0008363,PRD-0482,2026-03-13 20:00:00,2,0.0,5
ORD-0008364,PRD-0366,2026-01-11 16:00:00,3,0.0,4
ORD-0008365,PRD-0226,2026-04-05 08:00:00,4,0.0,2
ORD-0008366,PRD-0333,2026-01-19 17:00:00,3,0.0,1
ORD-0008367,PRD-0103,2026-02-07 05:00:00,4,0.0,4
ORD-0008368,PRD-0106,2026-05-14 20:00:00,4,0.0,3
ORD-0008369,PRD-0365,2026-02-19 08:00:00,1,0.1,5
ORD-0008370,PRD-0368,2026-05-15 07:00:00,2,0.05,3
ORD-0008371,PRD-0058,2026-08-13 03:00:00,3,0.05,4
ORD-0008372,PRD-0078,2026-02-24 12:00:00,2,0.0,5
ORD-0008373,PRD-0075,2026-07-16 01:00:00,2,0.05,5
ORD-0008374,PRD-0042,2026-02-08 04:00:00,4,0.0,4
ORD-0008375,PRD-0422,2026-08-27 09:00:00,2,0.0,3
ORD-0008376,PRD-0324,2026-01-07 03:00:00,1,0.2,4
ORD-0008377,PRD-0181,2026-07-17 23:00:00,3,0.0,4
ORD-0008378,PRD-0033,2026-03-30 02:00:00,2,0.0,4
ORD-0008379,PRD-0071,2026-06-17 08:00:00,3,0.0,4
ORD-0008380,PRD-0056,2026-06-14 04:00:00,2,0.0,3
ORD-0008381,PRD-0105,2026-06-19 15:00:00,3,0.05,5
ORD-0008382,PRD-0200,2026-08-13 22:00:00,3,0.0,1
ORD-0008383,PRD-0101,2026-04-27 11:00:00,3,0.1,4
ORD-0008384,PRD-0256,2026-01-19 10:00:00,2,0.0,5
ORD-0008385,PRD-0307,2026-05-03 16:00:00,1,0.0,5
ORD-0008386,PRD-0074,2026-06-14 00:00:00,3,0.0,4
ORD-0008387,PRD-0171,2026-01-17 14:00:00,4,0.05,3
ORD-0008388,PRD-0377,2026-02-17 23:00:00,4,0.1,5
ORD-0008389,PRD-0143,2026-06-08 00:00:00,4,0.0,1
ORD-0008390,PRD-0166,2026-05-05 19:00:00,1,0.0,5
ORD-0008391,PRD-0399,2026-04-03 08:00:00,3,0.2,5
ORD-0008392,PRD-0261,2026-03-13 03:00:00,1,0.0,1
ORD-0008393,PRD-0221,2026-05-19 19:00:00,3,0.0,5
ORD-0008394,PRD-0083,2026-03-24 19:00:00,1,0.0,5
ORD-0008395,PRD-0182,2026-08-29 06:00:00,3,0.0,5
ORD-0008396,PRD-0307,2026-08-25 13:00:00,4,0.0,4
ORD-0008397,PRD-0010,2026-07-11 18:00:00,3,0.0,5
ORD-0008398,PRD-0396,2026-04-18 00:00:00,1,0.1,5
ORD-0008399,PRD-0004,2026-01-07 16:00:00,3,0.05,5
ORD-0008400,PRD-0351,2026-07-04 19:00:00,2,0.1,5
ORD-0008401,PRD-0402,2026-06-12 16:00:00,3,0.0,1
ORD-0008402,PRD-0336,2026-05-29 21:00:00,4,0.0,4
ORD-0008403,PRD-0488,2026-05-13 09:00:00,3,0.05,2
ORD-0008404,PRD-0292,2026-03-18 01:00:00,2,0.2,3
ORD-0008405,PRD-0281,2026-08-22 02:00:00,2,0.0,1
ORD-0008406,PRD-0215,2026-06-13 12:00:00,2,0.0,4
ORD-0008407,PRD-0460,2026-03-09 15:00:00,1,0.05,3
ORD-0008408,PRD-0098,2026-08-21 14:00:00,2,0.2,5
ORD-0008409,PRD-0420,2026-08-22 10:00:00,1,0.2,5
ORD-0008410,PRD-0101,2026-02-19 00:00:00,2,0.05,5
ORD-0008411,PRD-0451,2026-07-24 22:00:00,1,0.0,4
ORD-0008412,PRD-0009,2026-06-05 00:00:00,2,0.0,4
ORD-0008413,PRD-0061,2026-07-23 08:00:00,2,0.2,4
ORD-0008414,PRD-0309,2026-05-15 04:00:00,3,0.0,5
ORD-0008415,PRD-0146,2026-05-16 19:00:00,2,0.0,5
ORD-0008416,PRD-0427,2026-01-06 10:00:00,3,0.2,2
ORD-0008417,PRD-0419,2026-08-21 03:00:00,2,0.0,5
ORD-0008418,PRD-0063,2026-05-29 10:00:00,2,0.05,5
ORD-0008419,PRD-0121,2026-03-04 11:00:00,3,0.05,5
ORD-0008420,PRD-0226,2026-04-27 04:00:00,3,0.0,4
ORD-0008421,PRD-0105,2026-07-23 04:00:00,1,0.0,5
ORD-0008422,PRD-0462,2026-06-04 12:00:00,4,0.0,5
ORD-0008423,PRD-0260,2026-03-13 03:00:00,3,0.05,4
ORD-0008424,PRD-0349,2026-03-15 17:00:00,1,0.0,4
ORD-0008425,PRD-0425,2026-02-24 22:00:00,2,0.0,3
ORD-0008426,PRD-0255,2026-08-20 10:00:00,3,0.2,3
ORD-0008427,PRD-0429,2026-05-21 19:00:00,3,0.0,2
ORD-0008428,PRD-0434,2026-04-26 13:00:00,2,0.0,4
ORD-0008429,PRD-0207,2026-05-05 14:00:00,2,0.0,4
ORD-0008430,PRD-0028,2026-05-07 20:00:00,2,0.0,4
ORD-0008431,PRD-0170,2026-01-16 15:00:00,2,0.2,4
ORD-0008432,PRD-0336,2026-05-07 12:00:00,4,0.0,5
ORD-0008433,PRD-0076,2026-01-28 12:00:00,3,0.0,5
ORD-0008434,PRD-0116,2026-02-28 11:00:00,2,0.1,4
ORD-0008435,PRD-0069,2026-01-31 20:00:00,2,0.05,4
ORD-0008436,PRD-0354,2026-01-13 15:00:00,4,0.0,5
ORD-0008437,PRD-0234,2026-02-15 05:00:00,3,0.1,5
ORD-0008438,PRD-0001,2026-07-23 09:00:00,1,0.05,4
ORD-0008439,PRD-0167,2026-05-13 11:00:00,3,0.0,5
ORD-0008440,PRD-0352,2026-02-20 10:00:00,1,0.05,4
ORD-0008441,PRD-0218,2026-05-07 10:00:00,4,0.2,5
ORD-0008442,PRD-0273,2026-01-10 12:00:00,2,0.0,5
ORD-0008443,PRD-0368,2026-05-10 23:00:00,4,0.05,4
ORD-0008444,PRD-0251,2026-03-19 06:00:00,3,0.2,5
ORD-0008445,PRD-0347,2026-01-12 03:00:00,2,0.05,4
ORD-0008446,PRD-0344,2026-04-26 14:00:00,3,0.0,5
ORD-0008447,PRD-0419,2026-04-29 17:00:00,1,0.0,4
ORD-0008448,PRD-0174,2026-07-01 05:00:00,3,0.0,5
ORD-0008449,PRD-0170,2026-07-26 21:00:00,4,0.0,2
ORD-0008450,PRD-0246,2026-03-30 22:00:00,4,0.2,5
ORD-0008451,PRD-0423,2026-08-09 20:00:00,4,0.0,5
ORD-0008452,PRD-0090,2026-08-03 08:00:00,2,0.0,4
ORD-0008453,PRD-0049,2026-05-25 03:00:00,3,0.05,3
ORD-0008454,PRD-0446,2026-04-05 13:00:00,2,0.0,4
ORD-0008455,PRD-0294,2026-02-11 05:00:00,3,0.0,5
ORD-0008456,PRD-0407,2026-07-07 04:00:00,1,0.0,5
ORD-0008457,PRD-0150,2026-02-09 01:00:00,3,0.0,4
ORD-0008458,PRD-0132,2026-01-19 07:00:00,3,0.1,5
ORD-0008459,PRD-0433,2026-04-09 06:00:00,3,0.05,4
ORD-0008460,PRD-0059,2026-03-25 15:00:00,3,0.0,4
ORD-0008461,PRD-0457,2026-05-20 09:00:00,1,0.0,4
ORD-0008462,PRD-0324,2026-06-22 02:00:00,2,0.1,5
ORD-0008463,PRD-0199,2026-07-20 16:00:00,4,0.2,5
ORD-0008464,PRD-0215,2026-06-05 23:00:00,3,0.0,5
ORD-0008465,PRD-0386,2026-01-22 14:00:00,4,0.05,3
ORD-0008466,PRD-0049,2026-01-12 04:00:00,4,0.0,5
ORD-0008467,PRD-0472,2026-07-17 05:00:00,4,0.0,2
ORD-0008468,PRD-0232,2026-08-15 20:00:00,4,0.1,4
ORD-0008469,PRD-0247,2026-08-17 03:00:00,3,0.0,3
ORD-0008470,PRD-0382,2026-06-24 09:00:00,4,0.0,4
ORD-0008471,PRD-0479,2026-08-04 01:00:00,3,0.0,5
ORD-0008472,PRD-0239,2026-02-27 20:00:00,1,0.0,4
ORD-0008473,PRD-0415,2026-03-12 14:00:00,2,0.05,5
ORD-0008474,PRD-0367,2026-05-17 09:00:00,2,0.0,4
ORD-0008475,PRD-0168,2026-02-27 21:00:00,3,0.0,4
ORD-0008476,PRD-0048,2026-06-11 01:00:00,3,0.0,4
ORD-0008477,PRD-0051,2026-05-07 05:00:00,2,0.05,4
ORD-0008478,PRD-0299,2026-04-08 07:00:00,4,0.0,5
ORD-0008479,PRD-0098,2026-06-03 02:00:00,3,0.05,4
ORD-0008480,PRD-0439,2026-07-10 16:00:00,4,0.05,5
ORD-0008481,PRD-0216,2026-01-21 20:00:00,3,0.2,4
ORD-0008482,PRD-0177,2026-03-11 05:00:00,3,0.2,4
ORD-0008483,PRD-0380,2026-03-29 11:00:00,1,0.0,3
ORD-0008484,PRD-0474,2026-01-05 06:00:00,1,0.0,5
ORD-0008485,PRD-0080,2026-08-19 23:00:00,2,0.05,1
ORD-0008486,PRD-0185,2026-04-25 10:00:00,1,0.05,5
ORD-0008487,PRD-0367,2026-05-17 12:00:00,1,0.0,4
ORD-0008488,PRD-0461,2026-05-09 13:00:00,2,0.0,4
ORD-0008489,PRD-0399,2026-08-27 23:00:00,4,0.0,5
ORD-0008490,PRD-0027,2026-05-28 09:00:00,1,0.2,3
ORD-0008491,PRD-0452,2026-02-25 07:00:00,4,0.2,2
ORD-0008492,PRD-0464,2026-04-14 02:00:00,2,0.0,5
ORD-0008493,PRD-0448,2026-03-11 23:00:00,3,0.0,4
ORD-0008494,PRD-0478,2026-06-06 02:00:00,4,0.0,5
ORD-0008495,PRD-0492,2026-08-25 20:00:00,2,0.0,3
ORD-0008496,PRD-0414,2026-04-17 18:00:00,4,0.05,2
ORD-0008497,PRD-0420,2026-06-23 11:00:00,2,0.05,4
ORD-0008498,PRD-0195,2026-05-19 05:00:00,2,0.0,5
ORD-0008499,PRD-0214,2026-04-12 12:00:00,3,0.0,5
ORD-0008500,PRD-0369,2026-08-29 09:00:00,4,0.0,5
ORD-0008501,PRD-0342,2026-01-13 19:00:00,3,0.2,5
ORD-0008502,PRD-0114,2026-06-16 12:00:00,3,0.0,3
ORD-0008503,PRD-0242,2026-08-16 23:00:00,4,0.0,2
ORD-0008504,PRD-0124,2026-02-15 09:00:00,4,0.05,3
ORD-0008505,PRD-0305,2026-07-09 19:00:00,2,0.05,5
ORD-0008506,PRD-0076,2026-04-10 18:00:00,4,0.2,5
ORD-0008507,PRD-0311,2026-06-16 20:00:00,2,0.0,3
ORD-0008508,PRD-0469,2026-01-28 18:00:00,2,0.0,1
ORD-0008509,PRD-0312,2026-08-27 06:00:00,2,0.0,5
ORD-0008510,PRD-0196,2026-08-03 16:00:00,2,0.2,5
ORD-0008511,PRD-0351,2026-06-23 11:00:00,2,0.05,5
ORD-0008512,PRD-0044,2026-04-04 02:00:00,2,0.1,4
ORD-0008513,PRD-0415,2026-02-21 12:00:00,4,0.0,5
ORD-0008514,PRD-0186,2026-03-09 15:00:00,4,0.05,5
ORD-0008515,PRD-0343,2026-02-27 06:00:00,1,0.0,4
ORD-0008516,PRD-0246,2026-05-18 23:00:00,4,0.0,5
ORD-0008517,PRD-0437,2026-01-08 08:00:00,3,0.0,4
ORD-0008518,PRD-0084,2026-08-25 20:00:00,1,0.05,4
ORD-0008519,PRD-0207,2026-02-26 09:00:00,4,0.0,5
ORD-0008520,PRD-0151,2026-05-03 00:00:00,3,0.1,5
ORD-0008521,PRD-0156,2026-01-27 01:00:00,4,0.05,4
ORD-0008522,PRD-0016,2026-04-21 14:00:00,2,0.0,3
ORD-0008523,PRD-0165,2026-05-31 08:00:00,1,0.05,5
ORD-0008524,PRD-0405,2026-06-04 19:00:00,2,0.0,4
ORD-0008525,PRD-0463,2026-06-28 02:00:00,1,0.0,3
ORD-0008526,PRD-0145,2026-01-17 10:00:00,1,0.05,4
ORD-0008527,PRD-0498,2026-02-18 16:00:00,2,0.1,5
ORD-0008528,PRD-0037,2026-07-27 03:00:00,1,0.0,2
ORD-0008529,PRD-0333,2026-07-30 17:00:00,1,0.1,5
ORD-0008530,PRD-0403,2026-01-09 05:00:00,4,0.05,1
ORD-0008531,PRD-0414,2026-02-10 08:00:00,3,0.0,5
ORD-0008532,PRD-0045,2026-06-12 20:00:00,2,0.0,5
ORD-0008533,PRD-0402,2026-05-12 11:00:00,4,0.05,5
ORD-0008534,PRD-0206,2026-07-18 12:00:00,4,0.0,4
ORD-0008535,PRD-0062,2026-04-15 08:00:00,2,0.1,4
ORD-0008536,PRD-0420,2026-02-23 04:00:00,1,0.05,5
ORD-0008537,PRD-0356,2026-06-23 15:00:00,2,0.0,5
ORD-0008538,PRD-0468,2026-06-29 22:00:00,3,0.2,3
ORD-0008539,PRD-0308,2026-02-22 21:00:00,3,0.0,4
ORD-0008540,PRD-0019,2026-02-26 20:00:00,2,0.2,4
ORD-0008541,PRD-0365,2026-02-08 11:00:00,4,0.0,4
ORD-0008542,PRD-0300,2026-01-20 14:00:00,2,0.05,4
ORD-0008543,PRD-0007,2026-05-06 16:00:00,3,0.0,5
ORD-0008544,PRD-0249,2026-03-27 14:00:00,2,0.05,4
ORD-0008545,PRD-0428,2026-06-28 11:00:00,1,0.0,4
ORD-0008546,PRD-0117,2026-03-27 11:00:00,2,0.0,5
ORD-0008547,PRD-0068,2026-08-29 04:00:00,4,0.0,4
ORD-0008548,PRD-0034,2026-05-04 02:00:00,1,0.1,5
ORD-0008549,PRD-0194,2026-02-17 20:00:00,3,0.0,2
ORD-0008550,PRD-0325,2026-05-09 14:00:00,2,0.05,5
ORD-0008551,PRD-0055,2026-02-09 23:00:00,4,0.1,3
ORD-0008552,PRD-0266,2026-01-27 05:00:00,4,0.2,5
ORD-0008553,PRD-0480,2026-02-02 06:00:00,3,0.0,3
ORD-0008554,PRD-0042,2026-01-15 23:00:00,2,0.1,4
ORD-0008555,PRD-0297,2026-01-22 13:00:00,4,0.0,4
ORD-0008556,PRD-0461,2026-02-25 23:00:00,1,0.05,4
ORD-0008557,PRD-0231,2026-03-24 01:00:00,2,0.05,4
ORD-0008558,PRD-0453,2026-07-29 00:00:00,3,0.0,5
ORD-0008559,PRD-0378,2026-05-15 11:00:00,1,0.0,4
ORD-0008560,PRD-0394,2026-05-01 19:00:00,2,0.0,5
ORD-0008561,PRD-0010,2026-02-08 22:00:00,4,0.0,3
ORD-0008562,PRD-0358,2026-03-24 18:00:00,3,0.2,5
ORD-0008563,PRD-0475,2026-07-28 04:00:00,3,0.0,5
ORD-0008564,PRD-0444,2026-08-31 16:00:00,2,0.2,5
ORD-0008565,PRD-0128,2026-08-16 17:00:00,3,0.0,4
ORD-0008566,PRD-0179,2026-08-10 10:00:00,1,0.2,3
ORD-0008567,PRD-0405,2026-01-16 16:00:00,2,0.05,4
ORD-0008568,PRD-0392,2026-05-29 08:00:00,1,0.1,5
ORD-0008569,PRD-0193,2026-03-15 22:00:00,3,0.0,5
ORD-0008570,PRD-0092,2026-03-04 17:00:00,3,0.0,5
ORD-0008571,PRD-0369,2026-08-12 11:00:00,3,0.0,2
ORD-0008572,PRD-0231,2026-04-21 14:00:00,1,0.0,5
ORD-0008573,PRD-0078,2026-02-12 02:00:00,3,0.05,5
ORD-0008574,PRD-0085,2026-08-09 10:00:00,2,0.05,3
ORD-0008575,PRD-0030,2026-05-25 21:00:00,4,0.0,2
ORD-0008576,PRD-0213,2026-02-21 06:00:00,2,0.0,5
ORD-0008577,PRD-0049,2026-02-19 01:00:00,4,0.0,4
ORD-0008578,PRD-0265,2026-06-10 17:00:00,3,0.0,5
ORD-0008579,PRD-0145,2026-03-29 07:00:00,2,0.0,5
ORD-0008580,PRD-0069,2026-03-11 16:00:00,1,0.05,5
ORD-0008581,PRD-0058,2026-03-22 08:00:00,4,0.0,5
ORD-0008582,PRD-0185,2026-06-09 23:00:00,1,0.05,5
ORD-0008583,PRD-0062,2026-05-13 10:00:00,4,0.0,4
ORD-0008584,PRD-0479,2026-06-27 20:00:00,3,0.1,4
ORD-0008585,PRD-0308,2026-04-17 09:00:00,2,0.0,5
ORD-0008586,PRD-0445,2026-04-12 21:00:00,4,0.1,5
ORD-0008587,PRD-0296,2026-07-02 21:00:00,2,0.0,5
ORD-0008588,PRD-0166,2026-01-23 23:00:00,4,0.0,4
ORD-0008589,PRD-0171,2026-08-20 22:00:00,4,0.0,3
ORD-0008590,PRD-0063,2026-05-01 17:00:00,3,0.1,4
ORD-0008591,PRD-0147,2026-02-13 07:00:00,4,0.05,3
ORD-0008592,PRD-0484,2026-08-28 22:00:00,1,0.0,5
ORD-0008593,PRD-0306,2026-02-06 20:00:00,4,0.0,5
ORD-0008594,PRD-0161,2026-08-16 20:00:00,4,0.0,2
ORD-0008595,PRD-0141,2026-05-08 03:00:00,4,0.0,5
ORD-0008596,PRD-0334,2026-08-10 18:00:00,3,0.05,5
ORD-0008597,PRD-0097,2026-06-26 05:00:00,2,0.05,5
ORD-0008598,PRD-0446,2026-07-22 18:00:00,2,0.2,5
ORD-0008599,PRD-0221,2026-05-30 21:00:00,3,0.2,4
ORD-0008600,PRD-0043,2026-04-17 11:00:00,1,0.05,5
ORD-0008601,PRD-0433,2026-02-15 09:00:00,1,0.0,4
ORD-0008602,PRD-0292,2026-07-10 15:00:00,3,0.0,5
ORD-0008603,PRD-0378,2026-07-26 14:00:00,2,0.0,5
ORD-0008604,PRD-0108,2026-01-20 02:00:00,1,0.0,5
ORD-0008605,PRD-0266,2026-07-16 17:00:00,3,0.05,5
ORD-0008606,PRD-0095,2026-06-27 06:00:00,2,0.2,5
ORD-0008607,PRD-0262,2026-08-12 21:00:00,1,0.1,1
ORD-0008608,PRD-0313,2026-03-25 15:00:00,1,0.0,4
ORD-0008609,PRD-0385,2026-03-22 00:00:00,3,0.0,1
ORD-0008610,PRD-0071,2026-07-29 19:00:00,2,0.1,3
ORD-0008611,PRD-0442,2026-08-25 04:00:00,1,0.1,2
ORD-0008612,PRD-0219,2026-07-08 15:00:00,3,0.0,5
ORD-0008613,PRD-0021,2026-08-03 10:00:00,1,0.05,1
ORD-0008614,PRD-0092,2026-02-11 19:00:00,2,0.05,4
ORD-0008615,PRD-0127,2026-05-09 11:00:00,4,0.0,5
ORD-0008616,PRD-0080,2026-03-30 02:00:00,1,0.0,5
ORD-0008617,PRD-0312,2026-04-18 21:00:00,2,0.1,5
ORD-0008618,PRD-0238,2026-03-31 07:00:00,1,0.05,4
ORD-0008619,PRD-0471,2026-06-29 14:00:00,4,0.0,5
ORD-0008620,PRD-0372,2026-04-04 09:00:00,4,0.05,4
ORD-0008621,PRD-0404,2026-08-29 06:00:00,1,0.05,4
ORD-0008622,PRD-0486,2026-08-14 09:00:00,3,0.1,5
ORD-0008623,PRD-0182,2026-07-27 12:00:00,1,0.0,1
ORD-0008624,PRD-0025,2026-03-28 22:00:00,2,0.2,4
ORD-0008625,PRD-0156,2026-02-09 02:00:00,3,0.0,5
ORD-0008626,PRD-0005,2026-07-29 18:00:00,2,0.05,5
ORD-0008627,PRD-0120,2026-06-29 05:00:00,2,0.05,5
ORD-0008628,PRD-0277,2026-06-15 10:00:00,3,0.0,4
ORD-0008629,PRD-0018,2026-07-29 21:00:00,4,0.0,4
ORD-0008630,PRD-0431,2026-06-16 15:00:00,2,0.1,2
ORD-0008631,PRD-0198,2026-07-13 18:00:00,1,0.05,5
ORD-0008632,PRD-0057,2026-05-23 00:00:00,4,0.0,5
ORD-0008633,PRD-0093,2026-08-22 23:00:00,4,0.0,2
ORD-0008634,PRD-0019,2026-02-02 02:00:00,3,0.0,3
ORD-0008635,PRD-0384,2026-01-11 08:00:00,1,0.0,5
ORD-0008636,PRD-0353,2026-08-05 09:00:00,1,0.2,4
ORD-0008637,PRD-0193,2026-01-16 12:00:00,4,0.05,5
ORD-0008638,PRD-0237,2026-05-02 22:00:00,2,0.2,5
ORD-0008639,PRD-0387,2026-06-10 17:00:00,2,0.0,4
ORD-0008640,PRD-0426,2026-07-25 10:00:00,1,0.05,1
ORD-0008641,PRD-0277,2026-01-30 05:00:00,4,0.0,5
ORD-0008642,PRD-0227,2026-04-02 01:00:00,4,0.05,4
ORD-0008643,PRD-0233,2026-02-09 05:00:00,4,0.0,5
ORD-0008644,PRD-0040,2026-06-13 02:00:00,3,0.0,4
ORD-0008645,PRD-0323,2026-08-01 03:00:00,1,0.0,3
ORD-0008646,PRD-0153,2026-02-03 01:00:00,1,0.0,5
ORD-0008647,PRD-0127,2026-01-29 05:00:00,2,0.05,4
ORD-0008648,PRD-0237,2026-03-07 01:00:00,2,0.05,4
ORD-0008649,PRD-0486,2026-06-18 21:00:00,1,0.05,3
ORD-0008650,PRD-0493,2026-01-19 20:00:00,1,0.2,5
ORD-0008651,PRD-0055,2026-04-13 18:00:00,2,0.0,5
ORD-0008652,PRD-0468,2026-06-02 08:00:00,1,0.0,4
ORD-0008653,PRD-0436,2026-08-07 02:00:00,2,0.1,5
ORD-0008654,PRD-0172,2026-06-22 18:00:00,1,0.0,3
ORD-0008655,PRD-0109,2026-08-17 16:00:00,3,0.0,4
ORD-0008656,PRD-0354,2026-06-06 10:00:00,3,0.1,5
ORD-0008657,PRD-0469,2026-08-23 18:00:00,4,0.0,5
ORD-0008658,PRD-0184,2026-01-09 17:00:00,1,0.0,4
ORD-0008659,PRD-0439,2026-07-27 15:00:00,2,0.0,3
ORD-0008660,PRD-0368,2026-03-22 06:00:00,1,0.0,1
ORD-0008661,PRD-0471,2026-07-26 01:00:00,1,0.0,5
ORD-0008662,PRD-0198,2026-06-15 06:00:00,4,0.0,2
ORD-0008663,PRD-0371,2026-03-20 05:00:00,2,0.0,3
ORD-0008664,PRD-0373,2026-01-27 02:00:00,1,0.0,4
ORD-0008665,PRD-0461,2026-04-24 14:00:00,2,0.0,4
ORD-0008666,PRD-0497,2026-03-02 18:00:00,1,0.05,5
ORD-0008667,PRD-0087,2026-04-28 16:00:00,4,0.0,4
ORD-0008668,PRD-0201,2026-02-22 02:00:00,2,0.0,5
ORD-0008669,PRD-0337,2026-07-18 06:00:00,1,0.0,2
ORD-0008670,PRD-0322,2026-07-01 19:00:00,3,0.0,4
ORD-0008671,PRD-0275,2026-04-01 03:00:00,2,0.0,3
ORD-0008672,PRD-0211,2026-03-09 15:00:00,4,0.0,4
ORD-0008673,PRD-0391,2026-03-19 05:00:00,3,0.05,4
ORD-0008674,PRD-0118,2026-02-01 09:00:00,2,0.05,5
ORD-0008675,PRD-0191,2026-08-16 00:00:00,2,0.2,5
ORD-0008676,PRD-0042,2026-03-19 20:00:00,2,0.0,4
ORD-0008677,PRD-0042,2026-08-03 23:00:00,2,0.0,3
ORD-0008678,PRD-0315,2026-01-08 13:00:00,1,0.0,4
ORD-0008679,PRD-0276,2026-03-05 01:00:00,1,0.05,5
ORD-0008680,PRD-0329,2026-02-07 14:00:00,2,0.0,5
ORD-0008681,PRD-0017,2026-05-20 08:00:00,4,0.0,5
ORD-0008682,PRD-0283,2026-08-07 06:00:00,1,0.0,5
ORD-0008683,PRD-0431,2026-05-24 21:00:00,2,0.05,4
ORD-0008684,PRD-0258,2026-05-31 07:00:00,2,0.2,5
ORD-0008685,PRD-0063,2026-08-22 10:00:00,4,0.2,4
ORD-0008686,PRD-0062,2026-04-17 12:00:00,4,0.0,5
ORD-0008687,PRD-0100,2026-03-31 03:00:00,4,0.0,4
ORD-0008688,PRD-0019,2026-08-09 00:00:00,3,0.1,4
ORD-0008689,PRD-0017,2026-06-26 20:00:00,2,0.0,2
ORD-0008690,PRD-0325,2026-04-01 04:00:00,4,0.0,4
ORD-0008691,PRD-0423,2026-04-19 20:00:00,2,0.05,5
ORD-0008692,PRD-0466,2026-03-26 05:00:00,1,0.05,5
ORD-0008693,PRD-0373,2026-04-28 13:00:00,2,0.2,5
ORD-0008694,PRD-0246,2026-04-06 01:00:00,2,0.0,5
ORD-0008695,PRD-0251,2026-08-17 22:00:00,3,0.0,2
ORD-0008696,PRD-0455,2026-03-07 10:00:00,1,0.0,4
ORD-0008697,PRD-0081,2026-03-24 04:00:00,1,0.1,5
ORD-0008698,PRD-0039,2026-06-16 02:00:00,3,0.05,5
ORD-0008699,PRD-0036,2026-04-04 12:00:00,4,0.05,4
ORD-0008700,PRD-0424,2026-04-12 18:00:00,4,0.2,2
ORD-0008701,PRD-0429,2026-01-30 17:00:00,2,0.05,4
ORD-0008702,PRD-0388,2026-05-28 17:00:00,3,0.0,5
ORD-0008703,PRD-0486,2026-01-10 06:00:00,4,0.05,5
ORD-0008704,PRD-0409,2026-02-05 23:00:00,1,0.05,4
ORD-0008705,PRD-0197,2026-07-12 17:00:00,3,0.0,5
ORD-0008706,PRD-0158,2026-08-10 03:00:00,4,0.0,1
ORD-0008707,PRD-0204,2026-03-01 09:00:00,1,0.05,4
ORD-0008708,PRD-0196,2026-04-07 00:00:00,3,0.0,5
ORD-0008709,PRD-0216,2026-01-28 05:00:00,2,0.05,4
ORD-0008710,PRD-0285,2026-02-18 07:00:00,2,0.0,3
ORD-0008711,PRD-0457,2026-03-18 18:00:00,1,0.2,5
ORD-0008712,PRD-0196,2026-01-19 11:00:00,4,0.0,5
ORD-0008713,PRD-0307,2026-04-13 17:00:00,4,0.0,5
ORD-0008714,PRD-0152,2026-07-14 13:00:00,3,0.0,3
ORD-0008715,PRD-0014,2026-08-01 18:00:00,1,0.0,4
ORD-0008716,PRD-0325,2026-07-04 20:00:00,4,0.0,4
ORD-0008717,PRD-0146,2026-04-30 01:00:00,2,0.0,5
ORD-0008718,PRD-0426,2026-02-23 08:00:00,1,0.05,4
ORD-0008719,PRD-0057,2026-05-07 15:00:00,2,0.0,4
ORD-0008720,PRD-0211,2026-06-08 03:00:00,1,0.05,3
ORD-0008721,PRD-0268,2026-06-01 13:00:00,3,0.05,5
ORD-0008722,PRD-0210,2026-06-06 14:00:00,4,0.05,4
ORD-0008723,PRD-0017,2026-01-05 03:00:00,4,0.0,2
ORD-0008724,PRD-0286,2026-03-28 22:00:00,4,0.0,4
ORD-0008725,PRD-0344,2026-04-07 06:00:00,2,0.0,4
ORD-0008726,PRD-0203,2026-06-26 21:00:00,4,0.1,3
ORD-0008727,PRD-0099,2026-08-28 16:00:00,1,0.1,3
ORD-0008728,PRD-0279,2026-04-25 01:00:00,2,0.0,5
ORD-0008729,PRD-0209,2026-08-16 01:00:00,3,0.0,2
ORD-0008730,PRD-0129,2026-08-07 07:00:00,2,0.0,2
ORD-0008731,PRD-0335,2026-03-08 23:00:00,3,0.0,4
ORD-0008732,PRD-0288,2026-05-04 01:00:00,2,0.0,5
ORD-0008733,PRD-0252,2026-06-15 21:00:00,4,0.05,2
ORD-0008734,PRD-0265,2026-05-14 02:00:00,3,0.0,5
ORD-0008735,PRD-0271,2026-06-30 19:00:00,4,0.05,5
ORD-0008736,PRD-0412,2026-07-15 02:00:00,2,0.2,4
ORD-0008737,PRD-0408,2026-05-09 20:00:00,3,0.05,4
ORD-0008738,PRD-0188,2026-05-04 10:00:00,1,0.0,5
ORD-0008739,PRD-0419,2026-04-21 22:00:00,1,0.0,5
ORD-0008740,PRD-0214,2026-02-05 15:00:00,2,0.0,5
ORD-0008741,PRD-0283,2026-03-31 10:00:00,3,0.1,5
ORD-0008742,PRD-0211,2026-07-25 05:00:00,1,0.0,4
ORD-0008743,PRD-0365,2026-02-27 18:00:00,4,0.0,5
ORD-0008744,PRD-0076,2026-03-13 12:00:00,4,0.0,3
ORD-0008745,PRD-0148,2026-08-29 23:00:00,2,0.0,5
ORD-0008746,PRD-0321,2026-06-22 23:00:00,4,0.05,5
ORD-0008747,PRD-0213,2026-03-13 21:00:00,4,0.0,3
ORD-0008748,PRD-0433,2026-03-23 09:00:00,4,0.0,2
ORD-0008749,PRD-0109,2026-08-03 05:00:00,1,0.0,3
ORD-0008750,PRD-0129,2026-01-08 16:00:00,3,0.0,4
ORD-0008751,PRD-0010,2026-01-22 17:00:00,2,0.05,5
ORD-0008752,PRD-0047,2026-08-26 09:00:00,3,0.0,5
ORD-0008753,PRD-0379,2026-04-07 07:00:00,3,0.0,5
ORD-0008754,PRD-0315,2026-02-22 00:00:00,3,0.05,3
ORD-0008755,PRD-0096,2026-03-11 02:00:00,1,0.05,3
ORD-0008756,PRD-0446,2026-08-03 21:00:00,4,0.0,4
ORD-0008757,PRD-0103,2026-02-11 18:00:00,2,0.0,4
ORD-0008758,PRD-0380,2026-05-15 11:00:00,3,0.0,5
ORD-0008759,PRD-0342,2026-05-11 18:00:00,4,0.0,5
ORD-0008760,PRD-0146,2026-03-22 08:00:00,1,0.0,4
ORD-0008761,PRD-0368,2026-01-17 09:00:00,3,0.0,5
ORD-0008762,PRD-0430,2026-03-09 09:00:00,4,0.2,1
ORD-0008763,PRD-0416,2026-06-01 17:00:00,1,0.0,1
ORD-0008764,PRD-0027,2026-01-28 12:00:00,4,0.05,2
ORD-0008765,PRD-0220,2026-08-19 04:00:00,2,0.1,5
ORD-0008766,PRD-0018,2026-08-07 18:00:00,4,0.2,4
ORD-0008767,PRD-0167,2026-06-23 12:00:00,4,0.0,3
ORD-0008768,PRD-0433,2026-01-14 07:00:00,2,0.1,5
ORD-0008769,PRD-0477,2026-04-03 16:00:00,2,0.2,5
ORD-0008770,PRD-0082,2026-01-25 07:00:00,4,0.0,2
ORD-0008771,PRD-0428,2026-05-31 00:00:00,2,0.0,5
ORD-0008772,PRD-0072,2026-08-08 23:00:00,4,0.0,5
ORD-0008773,PRD-0310,2026-01-25 05:00:00,3,0.05,4
ORD-0008774,PRD-0479,2026-06-04 00:00:00,4,0.0,5
ORD-0008775,PRD-0254,2026-03-15 15:00:00,1,0.0,3
ORD-0008776,PRD-0162,2026-03-06 20:00:00,2,0.05,5
ORD-0008777,PRD-0327,2026-03-16 22:00:00,3,0.0,5
ORD-0008778,PRD-0420,2026-06-25 06:00:00,2,0.1,4
ORD-0008779,PRD-0402,2026-02-11 14:00:00,2,0.0,4
ORD-0008780,PRD-0038,2026-02-01 13:00:00,2,0.05,4
ORD-0008781,PRD-0443,2026-01-12 18:00:00,1,0.0,4
ORD-0008782,PRD-0393,2026-08-04 06:00:00,1,0.0,1
ORD-0008783,PRD-0201,2026-08-17 17:00:00,4,0.05,5
ORD-0008784,PRD-0494,2026-07-24 00:00:00,1,0.0,1
ORD-0008785,PRD-0200,2026-01-06 10:00:00,2,0.0,4
ORD-0008786,PRD-0255,2026-02-23 21:00:00,3,0.2,5
ORD-0008787,PRD-0179,2026-01-03 12:00:00,3,0.0,5
ORD-0008788,PRD-0035,2026-04-03 03:00:00,3,0.1,2
ORD-0008789,PRD-0082,2026-03-06 12:00:00,2,0.0,5
ORD-0008790,PRD-0389,2026-07-01 23:00:00,1,0.0,5
ORD-0008791,PRD-0398,2026-03-16 05:00:00,3,0.0,2
ORD-0008792,PRD-0220,2026-08-12 11:00:00,2,0.2,4
ORD-0008793,PRD-0158,2026-08-20 09:00:00,2,0.0,5
ORD-0008794,PRD-0004,2026-01-02 13:00:00,3,0.1,5
ORD-0008795,PRD-0167,2026-08-15 14:00:00,3,0.2,4
ORD-0008796,PRD-0468,2026-06-01 07:00:00,4,0.0,3
ORD-0008797,PRD-0448,2026-04-22 00:00:00,4,0.05,5
ORD-0008798,PRD-0409,2026-01-20 17:00:00,2,0.05,5
ORD-0008799,PRD-0412,2026-01-03 10:00:00,4,0.0,5
ORD-0008800,PRD-0204,2026-04-20 20:00:00,4,0.0,5
ORD-0008801,PRD-0194,2026-04-19 22:00:00,3,0.0,5
ORD-0008802,PRD-0235,2026-04-19 22:00:00,4,0.05,5
ORD-0008803,PRD-0206,2026-07-28 07:00:00,2,0.05,5
ORD-0008804,PRD-0150,2026-07-06 14:00:00,3,0.0,5
ORD-0008805,PRD-0159,2026-02-28 19:00:00,4,0.0,3
ORD-0008806,PRD-0279,2026-01-04 12:00:00,4,0.2,5
ORD-0008807,PRD-0304,2026-03-05 21:00:00,4,0.0,3
ORD-0008808,PRD-0404,2026-06-08 05:00:00,1,0.05,1
ORD-0008809,PRD-0381,2026-04-22 10:00:00,4,0.0,5
ORD-0008810,PRD-0166,2026-04-30 17:00:00,4,0.1,4
ORD-0008811,PRD-0311,2026-05-11 00:00:00,2,0.2,1
ORD-0008812,PRD-0068,2026-02-15 10:00:00,4,0.0,5
ORD-0008813,PRD-0463,2026-04-29 02:00:00,1,0.0,5
ORD-0008814,PRD-0088,2026-06-26 00:00:00,3,0.0,5
ORD-0008815,PRD-0217,2026-03-28 12:00:00,4,0.0,5
ORD-0008816,PRD-0001,2026-08-25 00:00:00,4,0.0,4
ORD-0008817,PRD-0135,2026-05-13 22:00:00,2,0.05,4
ORD-0008818,PRD-0185,2026-07-19 11:00:00,4,0.0,3
ORD-0008819,PRD-0351,2026-06-26 04:00:00,4,0.0,5
ORD-0008820,PRD-0140,2026-02-20 08:00:00,4,0.05,5
ORD-0008821,PRD-0106,2026-05-30 01:00:00,4,0.05,4
ORD-0008822,PRD-0133,2026-07-17 13:00:00,3,0.0,4
ORD-0008823,PRD-0108,2026-04-18 13:00:00,2,0.05,3
ORD-0008824,PRD-0178,2026-08-26 20:00:00,3,0.05,4
ORD-0008825,PRD-0298,2026-06-07 19:00:00,1,0.0,2
ORD-0008826,PRD-0358,2026-01-22 11:00:00,4,0.0,5
ORD-0008827,PRD-0380,2026-04-03 04:00:00,1,0.0,1
ORD-0008828,PRD-0396,2026-05-04 22:00:00,3,0.1,4
ORD-0008829,PRD-0359,2026-02-08 20:00:00,1,0.1,3
ORD-0008830,PRD-0146,2026-03-11 07:00:00,4,0.05,5
ORD-0008831,PRD-0450,2026-01-24 04:00:00,1,0.0,4
ORD-0008832,PRD-0074,2026-03-11 15:00:00,3,0.0,3
ORD-0008833,PRD-0463,2026-02-11 08:00:00,4,0.1,5
ORD-0008834,PRD-0478,2026-03-09 20:00:00,2,0.0,5
ORD-0008835,PRD-0108,2026-03-12 11:00:00,3,0.0,5
ORD-0008836,PRD-0122,2026-07-22 04:00:00,4,0.0,4
ORD-0008837,PRD-0017,2026-02-16 00:00:00,2,0.1,5
ORD-0008838,PRD-0196,2026-02-22 22:00:00,1,0.0,1
ORD-0008839,PRD-0327,2026-05-01 22:00:00,1,0.0,3
ORD-0008840,PRD-0318,2026-07-17 16:00:00,1,0.05,4
ORD-0008841,PRD-0297,2026-02-28 17:00:00,4,0.05,4
ORD-0008842,PRD-0479,2026-06-01 22:00:00,1,0.05,5
ORD-0008843,PRD-0499,2026-07-31 23:00:00,1,0.05,5
ORD-0008844,PRD-0252,2026-02-25 10:00:00,2,0.0,1
ORD-0008845,PRD-0487,2026-07-16 19:00:00,2,0.0,4
ORD-0008846,PRD-0119,2026-03-27 14:00:00,2,0.05,4
ORD-0008847,PRD-0162,2026-02-09 17:00:00,4,0.0,5
ORD-0008848,PRD-0198,2026-03-18 18:00:00,3,0.05,5
ORD-0008849,PRD-0498,2026-04-27 18:00:00,1,0.05,5
ORD-0008850,PRD-0486,2026-01-01 09:00:00,1,0.0,5
ORD-0008851,PRD-0045,2026-08-26 04:00:00,4,0.0,4
ORD-0008852,PRD-0314,2026-04-19 17:00:00,1,0.0,5
ORD-0008853,PRD-0179,2026-01-06 01:00:00,4,0.0,4
ORD-0008854,PRD-0382,2026-07-19 06:00:00,4,0.0,5
ORD-0008855,PRD-0418,2026-04-17 16:00:00,4,0.2,1
ORD-0008856,PRD-0044,2026-05-07 13:00:00,3,0.0,5
ORD-0008857,PRD-0271,2026-01-19 08:00:00,4,0.05,2
ORD-0008858,PRD-0078,2026-04-25 13:00:00,3,0.0,4
ORD-0008859,PRD-0326,2026-01-25 14:00:00,3,0.0,5
ORD-0008860,PRD-0178,2026-02-27 00:00:00,1,0.0,5
ORD-0008861,PRD-0357,2026-03-24 21:00:00,2,0.05,5
ORD-0008862,PRD-0498,2026-02-26 17:00:00,3,0.0,5
ORD-0008863,PRD-0416,2026-06-07 05:00:00,3,0.0,4
ORD-0008864,PRD-0451,2026-08-09 23:00:00,2,0.05,5
ORD-0008865,PRD-0003,2026-03-28 00:00:00,3,0.0,5
ORD-0008866,PRD-0214,2026-08-18 06:00:00,2,0.0,3
ORD-0008867,PRD-0342,2026-04-11 15:00:00,1,0.0,5
ORD-0008868,PRD-0074,2026-05-03 23:00:00,4,0.0,5
ORD-0008869,PRD-0051,2026-08-15 11:00:00,2,0.0,5
ORD-0008870,PRD-0067,2026-08-23 00:00:00,4,0.0,4
ORD-0008871,PRD-0332,2026-04-26 08:00:00,2,0.0,5
ORD-0008872,PRD-0093,2026-05-23 08:00:00,4,0.1,4
ORD-0008873,PRD-0176,2026-03-07 16:00:00,1,0.1,5
ORD-0008874,PRD-0145,2026-07-28 11:00:00,3,0.1,5
ORD-0008875,PRD-0007,2026-01-05 18:00:00,1,0.1,5
ORD-0008876,PRD-0269,2026-02-27 00:00:00,3,0.0,5
ORD-0008877,PRD-0376,2026-01-06 18:00:00,4,0.05,4
ORD-0008878,PRD-0322,2026-07-25 03:00:00,4,0.0,5
ORD-0008879,PRD-0004,2026-07-25 21:00:00,3,0.05,4
ORD-0008880,PRD-0138,2026-05-21 13:00:00,2,0.0,4
ORD-0008881,PRD-0231,2026-08-24 08:00:00,1,0.0,4
ORD-0008882,PRD-0088,2026-02-24 19:00:00,2,0.1,1
ORD-0008883,PRD-0017,2026-01-04 01:00:00,4,0.05,5
ORD-0008884,PRD-0052,2026-06-10 06:00:00,1,0.1,5
ORD-0008885,PRD-0134,2026-01-21 03:00:00,1,0.0,5
ORD-0008886,PRD-0211,2026-06-21 07:00:00,2,0.0,4
ORD-0008887,PRD-0325,2026-03-06 13:00:00,3,0.0,5
ORD-0008888,PRD-0480,2026-02-26 15:00:00,3,0.0,5
ORD-0008889,PRD-0458,2026-03-21 00:00:00,1,0.0,4
ORD-0008890,PRD-0393,2026-08-07 14:00:00,3,0.0,5
ORD-0008891,PRD-0219,2026-06-26 00:00:00,4,0.0,4
ORD-0008892,PRD-0205,2026-01-22 06:00:00,2,0.0,5
ORD-0008893,PRD-0211,2026-01-18 14:00:00,2,0.05,1
ORD-0008894,PRD-0277,2026-04-12 08:00:00,2,0.1,4
ORD-0008895,PRD-0024,2026-03-21 10:00:00,1,0.0,5
ORD-0008896,PRD-0486,2026-06-30 07:00:00,1,0.0,5
ORD-0008897,PRD-0004,2026-02-09 22:00:00,3,0.0,5
ORD-0008898,PRD-0152,2026-02-04 08:00:00,2,0.0,5
ORD-0008899,PRD-0443,2026-01-03 16:00:00,4,0.05,4
ORD-0008900,PRD-0483,2026-07-25 08:00:00,4,0.05,5
ORD-0008901,PRD-0259,2026-07-16 06:00:00,2,0.1,4
ORD-0008902,PRD-0324,2026-05-20 12:00:00,1,0.0,5
ORD-0008903,PRD-0357,2026-02-03 08:00:00,1,0.1,4
ORD-0008904,PRD-0168,2026-01-12 13:00:00,1,0.0,4
ORD-0008905,PRD-0176,2026-03-13 13:00:00,4,0.0,5
ORD-0008906,PRD-0310,2026-04-11 13:00:00,2,0.0,3
ORD-0008907,PRD-0291,2026-02-21 14:00:00,4,0.05,3
ORD-0008908,PRD-0479,2026-07-08 11:00:00,2,0.0,1
ORD-0008909,PRD-0056,2026-08-23 04:00:00,4,0.0,4
ORD-0008910,PRD-0108,2026-03-03 22:00:00,4,0.05,4
ORD-0008911,PRD-0473,2026-07-15 01:00:00,3,0.0,2
ORD-0008912,PRD-0296,2026-05-18 10:00:00,4,0.0,5
ORD-0008913,PRD-0461,2026-07-06 06:00:00,2,0.0,5
ORD-0008914,PRD-0324,2026-08-23 03:00:00,4,0.0,5
ORD-0008915,PRD-0302,2026-05-05 19:00:00,3,0.05,5
ORD-0008916,PRD-0334,2026-01-04 20:00:00,3,0.0,5
ORD-0008917,PRD-0141,2026-05-28 03:00:00,2,0.0,3
ORD-0008918,PRD-0155,2026-08-26 08:00:00,3,0.0,2
ORD-0008919,PRD-0262,2026-07-28 17:00:00,3,0.1,5
ORD-0008920,PRD-0273,2026-08-15 17:00:00,1,0.0,5
ORD-0008921,PRD-0420,2026-03-18 16:00:00,2,0.05,3
ORD-0008922,PRD-0232,2026-05-27 23:00:00,3,0.0,4
ORD-0008923,PRD-0241,2026-08-13 21:00:00,3,0.0,5
ORD-0008924,PRD-0355,2026-03-09 13:00:00,3,0.2,5
ORD-0008925,PRD-0337,2026-03-07 01:00:00,2,0.0,5
ORD-0008926,PRD-0489,2026-03-01 00:00:00,1,0.0,4
ORD-0008927,PRD-0258,2026-05-04 12:00:00,4,0.0,5
ORD-0008928,PRD-0249,2026-06-24 14:00:00,1,0.0,5
ORD-0008929,PRD-0077,2026-07-30 14:00:00,2,0.0,5
ORD-0008930,PRD-0180,2026-02-17 02:00:00,2,0.2,5
ORD-0008931,PRD-0066,2026-02-28 21:00:00,2,0.1,5
ORD-0008932,PRD-0308,2026-05-30 21:00:00,4,0.0,5
ORD-0008933,PRD-0348,2026-06-06 00:00:00,2,0.0,4
ORD-0008934,PRD-0171,2026-03-30 06:00:00,1,0.05,4
ORD-0008935,PRD-0474,2026-01-28 15:00:00,3,0.0,5
ORD-0008936,PRD-0022,2026-07-31 00:00:00,3,0.0,5
ORD-0008937,PRD-0367,2026-04-20 18:00:00,2,0.05,5
ORD-0008938,PRD-0107,2026-04-26 14:00:00,2,0.05,5
ORD-0008939,PRD-0439,2026-06-15 09:00:00,4,0.05,5
ORD-0008940,PRD-0323,2026-08-08 06:00:00,3,0.05,5
ORD-0008941,PRD-0227,2026-05-26 10:00:00,4,0.2,1
ORD-0008942,PRD-0444,2026-03-07 11:00:00,4,0.0,4
ORD-0008943,PRD-0442,2026-03-05 11:00:00,4,0.1,5
ORD-0008944,PRD-0396,2026-02-11 03:00:00,4,0.0,4
ORD-0008945,PRD-0216,2026-05-15 22:00:00,1,0.0,5
ORD-0008946,PRD-0069,2026-08-10 17:00:00,2,0.0,2
ORD-0008947,PRD-0084,2026-06-10 05:00:00,2,0.05,5
ORD-0008948,PRD-0103,2026-08-10 00:00:00,4,0.0,5
ORD-0008949,PRD-0039,2026-06-03 21:00:00,4,0.1,4
ORD-0008950,PRD-0013,2026-01-05 02:00:00,1,0.05,5
ORD-0008951,PRD-0297,2026-04-06 08:00:00,4,0.0,5
ORD-0008952,PRD-0313,2026-03-05 02:00:00,1,0.05,4
ORD-0008953,PRD-0181,2026-06-29 01:00:00,1,0.1,4
ORD-0008954,PRD-0493,2026-01-27 09:00:00,4,0.05,5
ORD-0008955,PRD-0268,2026-07-21 17:00:00,2,0.0,4
ORD-0008956,PRD-0013,2026-07-11 01:00:00,1,0.1,5
ORD-0008957,PRD-0120,2026-01-25 02:00:00,2,0.05,3
ORD-0008958,PRD-0458,2026-06-14 23:00:00,2,0.0,4
ORD-0008959,PRD-0353,2026-01-12 08:00:00,1,0.0,3
ORD-0008960,PRD-0057,2026-08-11 10:00:00,3,0.0,3
ORD-0008961,PRD-0040,2026-07-23 09:00:00,1,0.1,4
ORD-0008962,PRD-0374,2026-06-14 18:00:00,3,0.0,5
ORD-0008963,PRD-0336,2026-06-13 15:00:00,1,0.0,2
ORD-0008964,PRD-0128,2026-01-19 20:00:00,1,0.1,4
ORD-0008965,PRD-0173,2026-02-18 23:00:00,2,0.0,4
ORD-0008966,PRD-0035,2026-07-24 15:00:00,2,0.2,5
ORD-0008967,PRD-0259,2026-01-18 05:00:00,4,0.0,5
ORD-0008968,PRD-0376,2026-03-06 14:00:00,2,0.0,5
ORD-0008969,PRD-0005,2026-07-08 14:00:00,2,0.0,1
ORD-0008970,PRD-0218,2026-07-27 22:00:00,2,0.2,5
ORD-0008971,PRD-0011,2026-03-23 02:00:00,2,0.05,5
ORD-0008972,PRD-0382,2026-08-05 19:00:00,4,0.2,5
ORD-0008973,PRD-0327,2026-01-08 23:00:00,2,0.05,4
ORD-0008974,PRD-0117,2026-01-02 16:00:00,3,0.0,5
ORD-0008975,PRD-0184,2026-03-19 11:00:00,3,0.0,4
ORD-0008976,PRD-0394,2026-02-25 12:00:00,4,0.0,4
ORD-0008977,PRD-0362,2026-05-24 17:00:00,2,0.05,4
ORD-0008978,PRD-0116,2026-01-06 15:00:00,3,0.2,4
ORD-0008979,PRD-0162,2026-06-25 01:00:00,1,0.0,4
ORD-0008980,PRD-0067,2026-07-12 06:00:00,3,0.05,5
ORD-0008981,PRD-0200,2026-03-22 21:00:00,2,0.2,5
ORD-0008982,PRD-0031,2026-03-07 05:00:00,3,0.0,5
ORD-0008983,PRD-0075,2026-06-25 21:00:00,1,0.1,4
ORD-0008984,PRD-0237,2026-01-17 04:00:00,3,0.0,5
ORD-0008985,PRD-0327,2026-03-06 22:00:00,2,0.05,5
ORD-0008986,PRD-0493,2026-08-31 12:00:00,1,0.0,4
ORD-0008987,PRD-0066,2026-03-30 09:00:00,4,0.0,5
ORD-0008988,PRD-0070,2026-02-12 20:00:00,1,0.0,5
ORD-0008989,PRD-0297,2026-05-28 06:00:00,3,0.2,4
ORD-0008990,PRD-0447,2026-01-04 09:00:00,4,0.1,4
ORD-0008991,PRD-0416,2026-08-24 16:00:00,1,0.0,3
ORD-0008992,PRD-0020,2026-02-02 07:00:00,1,0.2,5
ORD-0008993,PRD-0441,2026-05-07 14:00:00,1,0.05,2
ORD-0008994,PRD-0226,2026-07-02 05:00:00,2,0.1,3
ORD-0008995,PRD-0434,2026-05-01 07:00:00,4,0.0,4
ORD-0008996,PRD-0464,2026-03-20 06:00:00,4,0.0,5
ORD-0008997,PRD-0409,2026-04-05 15:00:00,1,0.05,4
ORD-0008998,PRD-0396,2026-03-08 23:00:00,4,0.0,5
ORD-0008999,PRD-0199,2026-05-11 19:00:00,3,0.0,5
ORD-0009000,PRD-0039,2026-01-26 05:00:00,3,0.0,5
ORD-0009001,PRD-0145,2026-07-17 07:00:00,1,0.0,5
ORD-0009002,PRD-0045,2026-05-23 06:00:00,3,0.0,1
ORD-0009003,PRD-0395,2026-06-02 17:00:00,1,0.2,5
ORD-0009004,PRD-0326,2026-08-16 14:00:00,3,0.0,5
ORD-0009005,PRD-0381,2026-03-31 08:00:00,1,0.0,5
ORD-0009006,PRD-0407,2026-06-27 22:00:00,1,0.0,5
ORD-0009007,PRD-0091,2026-06-06 21:00:00,4,0.05,5
ORD-0009008,PRD-0238,2026-02-27 08:00:00,4,0.05,4
ORD-0009009,PRD-0070,2026-05-25 06:00:00,1,0.05,4
ORD-0009010,PRD-0166,2026-01-15 11:00:00,4,0.0,4
ORD-0009011,PRD-0130,2026-01-01 00:00:00,4,0.0,3
ORD-0009012,PRD-0214,2026-01-03 14:00:00,2,0.05,5
ORD-0009013,PRD-0340,2026-03-16 07:00:00,3,0.2,3
ORD-0009014,PRD-0089,2026-06-08 22:00:00,4,0.05,2
ORD-0009015,PRD-0335,2026-01-10 09:00:00,1,0.0,5
ORD-0009016,PRD-0252,2026-02-13 10:00:00,2,0.0,5
ORD-0009017,PRD-0369,2026-02-05 04:00:00,2,0.0,5
ORD-0009018,PRD-0349,2026-04-22 16:00:00,4,0.05,5
ORD-0009019,PRD-0072,2026-06-21 15:00:00,1,0.0,5
ORD-0009020,PRD-0165,2026-02-21 10:00:00,1,0.0,5
ORD-0009021,PRD-0049,2026-03-24 16:00:00,1,0.0,4
ORD-0009022,PRD-0052,2026-06-27 08:00:00,1,0.0,5
ORD-0009023,PRD-0289,2026-02-23 06:00:00,1,0.0,3
ORD-0009024,PRD-0278,2026-03-08 10:00:00,3,0.0,5
ORD-0009025,PRD-0114,2026-04-17 07:00:00,1,0.05,5
ORD-0009026,PRD-0239,2026-03-23 08:00:00,1,0.0,5
ORD-0009027,PRD-0133,2026-03-12 15:00:00,3,0.0,5
ORD-0009028,PRD-0487,2026-02-09 18:00:00,4,0.0,5
ORD-0009029,PRD-0274,2026-05-18 03:00:00,2,0.0,5
ORD-0009030,PRD-0166,2026-01-15 20:00:00,3,0.05,3
ORD-0009031,PRD-0374,2026-05-30 19:00:00,2,0.0,3
ORD-0009032,PRD-0373,2026-02-10 08:00:00,2,0.05,1
ORD-0009033,PRD-0293,2026-01-11 01:00:00,3,0.0,3
ORD-0009034,PRD-0478,2026-05-24 14:00:00,1,0.1,4
ORD-0009035,PRD-0243,2026-06-26 10:00:00,2,0.0,5
ORD-0009036,PRD-0479,2026-03-31 08:00:00,1,0.0,4
ORD-0009037,PRD-0320,2026-01-07 02:00:00,4,0.05,5
ORD-0009038,PRD-0138,2026-08-04 16:00:00,3,0.0,4
ORD-0009039,PRD-0079,2026-08-04 01:00:00,2,0.0,5
ORD-0009040,PRD-0170,2026-01-23 14:00:00,1,0.05,3
ORD-0009041,PRD-0123,2026-01-29 19:00:00,2,0.0,5
ORD-0009042,PRD-0176,2026-02-12 17:00:00,4,0.0,5
ORD-0009043,PRD-0300,2026-06-18 18:00:00,4,0.0,4
ORD-0009044,PRD-0082,2026-06-16 21:00:00,2,0.2,4
ORD-0009045,PRD-0087,2026-05-20 23:00:00,3,0.1,4
ORD-0009046,PRD-0225,2026-08-08 01:00:00,4,0.0,5
ORD-0009047,PRD-0016,2026-08-28 00:00:00,1,0.0,5
ORD-0009048,PRD-0310,2026-05-03 23:00:00,4,0.0,5
ORD-0009049,PRD-0358,2026-01-31 09:00:00,1,0.0,4
ORD-0009050,PRD-0163,2026-07-07 11:00:00,2,0.05,3
ORD-0009051,PRD-0098,2026-04-17 11:00:00,1,0.0,2
ORD-0009052,PRD-0156,2026-02-17 22:00:00,2,0.0,1
ORD-0009053,PRD-0002,2026-03-14 07:00:00,4,0.2,3
ORD-0009054,PRD-0350,2026-02-13 06:00:00,3,0.1,3
ORD-0009055,PRD-0397,2026-05-02 08:00:00,4,0.05,5
ORD-0009056,PRD-0169,2026-07-21 16:00:00,4,0.1,4
ORD-0009057,PRD-0464,2026-04-16 20:00:00,4,0.05,4
ORD-0009058,PRD-0315,2026-07-03 22:00:00,4,0.0,5
ORD-0009059,PRD-0325,2026-02-21 18:00:00,3,0.0,5
ORD-0009060,PRD-0375,2026-02-02 04:00:00,4,0.0,5
ORD-0009061,PRD-0092,2026-03-21 20:00:00,1,0.0,4
ORD-0009062,PRD-0181,2026-05-23 04:00:00,3,0.1,5
ORD-0009063,PRD-0231,2026-04-15 03:00:00,3,0.0,5
ORD-0009064,PRD-0301,2026-05-24 08:00:00,1,0.0,4
ORD-0009065,PRD-0148,2026-07-29 23:00:00,2,0.0,1
ORD-0009066,PRD-0280,2026-05-28 17:00:00,4,0.0,5
ORD-0009067,PRD-0189,2026-02-20 13:00:00,3,0.1,5
ORD-0009068,PRD-0347,2026-05-03 03:00:00,4,0.05,2
ORD-0009069,PRD-0350,2026-01-18 10:00:00,4,0.0,1
ORD-0009070,PRD-0314,2026-06-07 13:00:00,1,0.0,5
ORD-0009071,PRD-0493,2026-07-26 16:00:00,1,0.05,4
ORD-0009072,PRD-0411,2026-02-02 20:00:00,1,0.05,5
ORD-0009073,PRD-0410,2026-03-19 23:00:00,4,0.0,4
ORD-0009074,PRD-0128,2026-07-11 06:00:00,3,0.2,5
ORD-0009075,PRD-0007,2026-08-03 22:00:00,3,0.2,2
ORD-0009076,PRD-0426,2026-03-26 09:00:00,2,0.2,4
ORD-0009077,PRD-0047,2026-04-12 22:00:00,4,0.05,5
ORD-0009078,PRD-0053,2026-07-20 23:00:00,2,0.2,4
ORD-0009079,PRD-0187,2026-01-24 08:00:00,2,0.0,3
ORD-0009080,PRD-0038,2026-04-21 11:00:00,2,0.1,5
ORD-0009081,PRD-0453,2026-08-07 16:00:00,2,0.2,3
ORD-0009082,PRD-0471,2026-06-12 16:00:00,2,0.2,2
ORD-0009083,PRD-0476,2026-01-23 11:00:00,4,0.1,4
ORD-0009084,PRD-0226,2026-07-18 03:00:00,1,0.0,5
ORD-0009085,PRD-0053,2026-05-11 16:00:00,2,0.0,5
ORD-0009086,PRD-0399,2026-05-18 01:00:00,3,0.0,5
ORD-0009087,PRD-0224,2026-04-19 18:00:00,4,0.05,5
ORD-0009088,PRD-0154,2026-08-20 02:00:00,2,0.0,4
ORD-0009089,PRD-0048,2026-07-24 16:00:00,3,0.0,4
ORD-0009090,PRD-0351,2026-03-23 00:00:00,2,0.0,5
ORD-0009091,PRD-0147,2026-05-12 01:00:00,1,0.05,5
ORD-0009092,PRD-0393,2026-04-25 22:00:00,4,0.2,5
ORD-0009093,PRD-0064,2026-08-10 07:00:00,1,0.05,5
ORD-0009094,PRD-0349,2026-05-16 20:00:00,3,0.05,4
ORD-0009095,PRD-0182,2026-06-21 03:00:00,2,0.0,5
ORD-0009096,PRD-0125,2026-03-20 23:00:00,1,0.1,5
ORD-0009097,PRD-0179,2026-04-15 04:00:00,1,0.0,3
ORD-0009098,PRD-0039,2026-04-28 21:00:00,2,0.0,2
ORD-0009099,PRD-0260,2026-06-11 09:00:00,4,0.2,5
ORD-0009100,PRD-0382,2026-01-02 23:00:00,3,0.05,5
ORD-0009101,PRD-0003,2026-04-09 12:00:00,4,0.05,5
ORD-0009102,PRD-0064,2026-04-05 00:00:00,3,0.0,5
ORD-0009103,PRD-0029,2026-08-25 02:00:00,3,0.0,5
ORD-0009104,PRD-0372,2026-07-14 16:00:00,1,0.0,3
ORD-0009105,PRD-0011,2026-02-01 09:00:00,2,0.0,5
ORD-0009106,PRD-0097,2026-08-03 19:00:00,4,0.0,4
ORD-0009107,PRD-0358,2026-04-27 18:00:00,1,0.0,5
ORD-0009108,PRD-0442,2026-07-13 17:00:00,1,0.0,5
ORD-0009109,PRD-0203,2026-06-02 04:00:00,1,0.05,5
ORD-0009110,PRD-0411,2026-01-17 18:00:00,4,0.2,4
ORD-0009111,PRD-0481,2026-08-06 18:00:00,1,0.05,5
ORD-0009112,PRD-0021,2026-03-28 22:00:00,2,0.1,5
ORD-0009113,PRD-0039,2026-04-03 19:00:00,1,0.0,5
ORD-0009114,PRD-0223,2026-05-23 02:00:00,1,0.05,4
ORD-0009115,PRD-0102,2026-05-05 14:00:00,3,0.0,4
ORD-0009116,PRD-0046,2026-07-13 11:00:00,1,0.0,5
ORD-0009117,PRD-0066,2026-02-17 21:00:00,4,0.0,5
ORD-0009118,PRD-0091,2026-01-03 14:00:00,4,0.0,4
ORD-0009119,PRD-0164,2026-07-25 19:00:00,2,0.05,5
ORD-0009120,PRD-0459,2026-05-12 09:00:00,4,0.0,5
ORD-0009121,PRD-0111,2026-02-12 00:00:00,4,0.1,1
ORD-0009122,PRD-0338,2026-03-26 15:00:00,1,0.2,2
ORD-0009123,PRD-0123,2026-02-25 02:00:00,2,0.0,2
ORD-0009124,PRD-0193,2026-03-28 17:00:00,4,0.0,4
ORD-0009125,PRD-0447,2026-02-01 07:00:00,2,0.05,4
ORD-0009126,PRD-0099,2026-06-22 16:00:00,2,0.0,5
ORD-0009127,PRD-0291,2026-01-28 09:00:00,3,0.0,4
ORD-0009128,PRD-0159,2026-03-11 04:00:00,3,0.1,1
ORD-0009129,PRD-0412,2026-01-30 04:00:00,1,0.2,4
ORD-0009130,PRD-0103,2026-02-15 00:00:00,4,0.05,5
ORD-0009131,PRD-0385,2026-03-31 20:00:00,1,0.0,4
ORD-0009132,PRD-0281,2026-03-06 04:00:00,1,0.0,5
ORD-0009133,PRD-0043,2026-05-07 08:00:00,2,0.0,3
ORD-0009134,PRD-0486,2026-03-24 15:00:00,2,0.0,3
ORD-0009135,PRD-0084,2026-01-14 02:00:00,2,0.0,5
ORD-0009136,PRD-0451,2026-05-09 09:00:00,1,0.0,5
ORD-0009137,PRD-0191,2026-08-30 12:00:00,4,0.2,5
ORD-0009138,PRD-0051,2026-08-02 01:00:00,1,0.05,5
ORD-0009139,PRD-0386,2026-07-17 05:00:00,1,0.05,4
ORD-0009140,PRD-0210,2026-04-07 10:00:00,1,0.2,5
ORD-0009141,PRD-0126,2026-03-30 23:00:00,3,0.0,5
ORD-0009142,PRD-0492,2026-03-10 17:00:00,3,0.0,5
ORD-0009143,PRD-0448,2026-05-15 03:00:00,4,0.1,4
ORD-0009144,PRD-0458,2026-06-08 08:00:00,3,0.2,2
ORD-0009145,PRD-0069,2026-04-14 06:00:00,1,0.0,5
ORD-0009146,PRD-0265,2026-06-19 11:00:00,3,0.0,5
ORD-0009147,PRD-0258,2026-03-15 23:00:00,3,0.05,1
ORD-0009148,PRD-0418,2026-03-23 22:00:00,1,0.0,4
ORD-0009149,PRD-0188,2026-03-15 15:00:00,4,0.0,4
ORD-0009150,PRD-0230,2026-06-08 23:00:00,3,0.0,5
ORD-0009151,PRD-0189,2026-01-11 01:00:00,1,0.2,4
ORD-0009152,PRD-0415,2026-07-19 21:00:00,1,0.0,4
ORD-0009153,PRD-0010,2026-05-03 21:00:00,1,0.1,5
ORD-0009154,PRD-0114,2026-07-21 12:00:00,2,0.0,1
ORD-0009155,PRD-0076,2026-07-23 04:00:00,1,0.0,3
ORD-0009156,PRD-0164,2026-04-05 00:00:00,3,0.2,4
ORD-0009157,PRD-0085,2026-06-21 07:00:00,3,0.0,4
ORD-0009158,PRD-0049,2026-05-21 08:00:00,1,0.0,4
ORD-0009159,PRD-0495,2026-07-31 17:00:00,2,0.0,3
ORD-0009160,PRD-0326,2026-01-16 06:00:00,2,0.05,4
ORD-0009161,PRD-0496,2026-04-28 19:00:00,2,0.0,5
ORD-0009162,PRD-0177,2026-02-22 04:00:00,3,0.0,4
ORD-0009163,PRD-0387,2026-04-14 15:00:00,2,0.05,5
ORD-0009164,PRD-0458,2026-07-19 09:00:00,4,0.0,3
ORD-0009165,PRD-0389,2026-05-31 03:00:00,4,0.0,2
ORD-0009166,PRD-0494,2026-05-27 17:00:00,2,0.05,5
ORD-0009167,PRD-0218,2026-08-03 19:00:00,4,0.0,4
ORD-0009168,PRD-0189,2026-07-25 22:00:00,1,0.0,4
ORD-0009169,PRD-0469,2026-07-08 05:00:00,2,0.05,5
ORD-0009170,PRD-0493,2026-03-10 11:00:00,2,0.2,5
ORD-0009171,PRD-0346,2026-02-20 12:00:00,2,0.0,5
ORD-0009172,PRD-0230,2026-07-15 23:00:00,1,0.0,5
ORD-0009173,PRD-0255,2026-08-15 10:00:00,1,0.05,3
ORD-0009174,PRD-0236,2026-01-01 19:00:00,2,0.0,5
ORD-0009175,PRD-0026,2026-01-29 03:00:00,3,0.0,5
ORD-0009176,PRD-0072,2026-07-06 13:00:00,3,0.0,4
ORD-0009177,PRD-0261,2026-01-26 08:00:00,4,0.05,5
ORD-0009178,PRD-0254,2026-01-03 13:00:00,1,0.0,4
ORD-0009179,PRD-0271,2026-02-22 17:00:00,4,0.1,5
ORD-0009180,PRD-0123,2026-04-06 05:00:00,4,0.05,3
ORD-0009181,PRD-0144,2026-02-18 02:00:00,2,0.0,5
ORD-0009182,PRD-0257,2026-03-09 20:00:00,3,0.0,3
ORD-0009183,PRD-0144,2026-03-09 18:00:00,4,0.2,5
ORD-0009184,PRD-0421,2026-06-04 20:00:00,2,0.0,4
ORD-0009185,PRD-0259,2026-08-07 10:00:00,1,0.0,4
ORD-0009186,PRD-0436,2026-08-20 15:00:00,4,0.05,5
ORD-0009187,PRD-0047,2026-07-29 06:00:00,3,0.0,5
ORD-0009188,PRD-0351,2026-03-02 02:00:00,1,0.0,3
ORD-0009189,PRD-0013,2026-03-10 21:00:00,2,0.0,5
ORD-0009190,PRD-0376,2026-04-15 06:00:00,1,0.0,4
ORD-0009191,PRD-0208,2026-05-17 05:00:00,4,0.0,5
ORD-0009192,PRD-0311,2026-01-12 17:00:00,1,0.1,5
ORD-0009193,PRD-0235,2026-07-27 13:00:00,1,0.2,5
ORD-0009194,PRD-0149,2026-02-12 16:00:00,1,0.0,5
ORD-0009195,PRD-0322,2026-07-20 18:00:00,3,0.0,5
ORD-0009196,PRD-0438,2026-05-22 19:00:00,4,0.0,4
ORD-0009197,PRD-0155,2026-02-21 11:00:00,2,0.0,5
ORD-0009198,PRD-0166,2026-06-24 06:00:00,3,0.0,5
ORD-0009199,PRD-0090,2026-07-18 08:00:00,4,0.0,4
ORD-0009200,PRD-0186,2026-07-26 13:00:00,2,0.2,3
ORD-0009201,PRD-0318,2026-08-31 10:00:00,2,0.0,5
ORD-0009202,PRD-0358,2026-02-02 17:00:00,2,0.0,5
ORD-0009203,PRD-0174,2026-08-25 08:00:00,4,0.0,4
ORD-0009204,PRD-0217,2026-05-19 05:00:00,2,0.0,5
ORD-0009205,PRD-0395,2026-03-11 11:00:00,2,0.1,3
ORD-0009206,PRD-0456,2026-05-06 08:00:00,3,0.0,5
ORD-0009207,PRD-0264,2026-05-14 02:00:00,2,0.2,5
ORD-0009208,PRD-0097,2026-07-19 13:00:00,1,0.0,4
ORD-0009209,PRD-0117,2026-06-07 07:00:00,3,0.05,4
ORD-0009210,PRD-0199,2026-04-12 22:00:00,3,0.2,5
ORD-0009211,PRD-0320,2026-06-07 22:00:00,4,0.0,5
ORD-0009212,PRD-0486,2026-08-11 22:00:00,2,0.0,5
ORD-0009213,PRD-0021,2026-01-23 05:00:00,1,0.05,5
ORD-0009214,PRD-0200,2026-01-17 17:00:00,1,0.0,5
ORD-0009215,PRD-0371,2026-06-02 15:00:00,2,0.05,5
ORD-0009216,PRD-0447,2026-01-06 09:00:00,2,0.0,5
ORD-0009217,PRD-0341,2026-04-08 11:00:00,4,0.0,5
ORD-0009218,PRD-0448,2026-07-02 03:00:00,1,0.0,5
ORD-0009219,PRD-0248,2026-05-04 07:00:00,3,0.2,5
ORD-0009220,PRD-0276,2026-03-19 10:00:00,4,0.0,2
ORD-0009221,PRD-0264,2026-05-04 21:00:00,4,0.0,5
ORD-0009222,PRD-0058,2026-06-22 22:00:00,3,0.0,4
ORD-0009223,PRD-0302,2026-06-02 01:00:00,4,0.0,4
ORD-0009224,PRD-0031,2026-04-27 02:00:00,2,0.0,4
ORD-0009225,PRD-0498,2026-05-10 01:00:00,3,0.0,5
ORD-0009226,PRD-0249,2026-05-27 08:00:00,3,0.05,4
ORD-0009227,PRD-0093,2026-07-22 12:00:00,1,0.05,4
ORD-0009228,PRD-0496,2026-02-20 20:00:00,3,0.0,4
ORD-0009229,PRD-0265,2026-01-27 17:00:00,4,0.0,4
ORD-0009230,PRD-0271,2026-05-19 02:00:00,1,0.0,5
ORD-0009231,PRD-0094,2026-01-31 03:00:00,4,0.05,3
ORD-0009232,PRD-0154,2026-08-10 05:00:00,2,0.0,3
ORD-0009233,PRD-0394,2026-07-24 01:00:00,2,0.0,5
ORD-0009234,PRD-0285,2026-01-31 17:00:00,1,0.0,1
ORD-0009235,PRD-0080,2026-07-22 05:00:00,1,0.05,3
ORD-0009236,PRD-0292,2026-08-25 23:00:00,4,0.2,5
ORD-0009237,PRD-0084,2026-02-24 03:00:00,2,0.0,5
ORD-0009238,PRD-0365,2026-05-26 00:00:00,1,0.0,4
ORD-0009239,PRD-0374,2026-01-15 03:00:00,2,0.0,4
ORD-0009240,PRD-0037,2026-01-07 08:00:00,2,0.0,5
ORD-0009241,PRD-0342,2026-08-25 20:00:00,2,0.0,1
ORD-0009242,PRD-0327,2026-03-01 05:00:00,4,0.2,5
ORD-0009243,PRD-0407,2026-08-20 19:00:00,4,0.0,5
ORD-0009244,PRD-0425,2026-05-08 03:00:00,2,0.05,5
ORD-0009245,PRD-0232,2026-01-18 18:00:00,2,0.0,5
ORD-0009246,PRD-0093,2026-05-29 06:00:00,2,0.1,4
ORD-0009247,PRD-0336,2026-02-17 07:00:00,3,0.0,4
ORD-0009248,PRD-0102,2026-04-09 20:00:00,3,0.0,5
ORD-0009249,PRD-0412,2026-05-19 17:00:00,4,0.2,5
ORD-0009250,PRD-0432,2026-02-09 13:00:00,2,0.0,5
ORD-0009251,PRD-0166,2026-02-27 05:00:00,3,0.0,5
ORD-0009252,PRD-0159,2026-02-09 20:00:00,1,0.1,5
ORD-0009253,PRD-0014,2026-03-12 21:00:00,1,0.0,2
ORD-0009254,PRD-0373,2026-05-03 13:00:00,2,0.0,4
ORD-0009255,PRD-0225,2026-04-14 10:00:00,3,0.1,1
ORD-0009256,PRD-0073,2026-02-24 07:00:00,1,0.2,3
ORD-0009257,PRD-0249,2026-01-16 10:00:00,4,0.05,5
ORD-0009258,PRD-0091,2026-05-05 04:00:00,1,0.0,5
ORD-0009259,PRD-0216,2026-04-06 16:00:00,4,0.05,5
ORD-0009260,PRD-0461,2026-07-19 22:00:00,1,0.05,5
ORD-0009261,PRD-0090,2026-08-29 10:00:00,1,0.05,3
ORD-0009262,PRD-0029,2026-03-30 13:00:00,3,0.1,5
ORD-0009263,PRD-0435,2026-05-04 14:00:00,1,0.0,4
ORD-0009264,PRD-0305,2026-06-22 17:00:00,1,0.0,5
ORD-0009265,PRD-0427,2026-04-25 06:00:00,4,0.05,4
ORD-0009266,PRD-0476,2026-08-01 00:00:00,4,0.2,5
ORD-0009267,PRD-0220,2026-06-17 13:00:00,1,0.0,4
ORD-0009268,PRD-0328,2026-04-09 12:00:00,2,0.2,5
ORD-0009269,PRD-0215,2026-08-06 22:00:00,1,0.2,3
ORD-0009270,PRD-0221,2026-08-16 05:00:00,1,0.2,4
ORD-0009271,PRD-0389,2026-02-01 18:00:00,3,0.2,4
ORD-0009272,PRD-0042,2026-06-19 06:00:00,1,0.1,5
ORD-0009273,PRD-0135,2026-02-11 20:00:00,1,0.1,5
ORD-0009274,PRD-0042,2026-06-06 11:00:00,4,0.05,5
ORD-0009275,PRD-0164,2026-04-29 14:00:00,4,0.0,5
ORD-0009276,PRD-0361,2026-01-15 13:00:00,4,0.0,4
ORD-0009277,PRD-0283,2026-05-04 12:00:00,4,0.0,5
ORD-0009278,PRD-0058,2026-01-29 14:00:00,1,0.0,4
ORD-0009279,PRD-0302,2026-07-13 05:00:00,2,0.0,3
ORD-0009280,PRD-0322,2026-05-11 06:00:00,3,0.2,5
ORD-0009281,PRD-0025,2026-07-05 16:00:00,3,0.05,3
ORD-0009282,PRD-0073,2026-04-25 19:00:00,2,0.0,3
ORD-0009283,PRD-0373,2026-05-27 20:00:00,2,0.05,5
ORD-0009284,PRD-0411,2026-06-01 00:00:00,3,0.0,5
ORD-0009285,PRD-0129,2026-04-24 20:00:00,1,0.0,5
ORD-0009286,PRD-0087,2026-03-12 13:00:00,3,0.1,4
ORD-0009287,PRD-0330,2026-05-01 12:00:00,2,0.0,5
ORD-0009288,PRD-0426,2026-06-08 19:00:00,1,0.05,5
ORD-0009289,PRD-0436,2026-06-24 04:00:00,3,0.0,5
ORD-0009290,PRD-0153,2026-01-29 12:00:00,1,0.0,5
ORD-0009291,PRD-0182,2026-06-30 20:00:00,1,0.1,5
ORD-0009292,PRD-0125,2026-05-02 15:00:00,2,0.0,3
ORD-0009293,PRD-0067,2026-06-06 12:00:00,4,0.2,5
ORD-0009294,PRD-0006,2026-08-16 06:00:00,3,0.0,5
ORD-0009295,PRD-0125,2026-05-17 19:00:00,2,0.0,4
ORD-0009296,PRD-0314,2026-07-15 11:00:00,3,0.2,5
ORD-0009297,PRD-0326,2026-06-17 18:00:00,4,0.2,5
ORD-0009298,PRD-0053,2026-02-18 04:00:00,4,0.0,5
ORD-0009299,PRD-0066,2026-05-08 13:00:00,4,0.0,4
ORD-0009300,PRD-0314,2026-07-05 05:00:00,4,0.05,3
ORD-0009301,PRD-0082,2026-04-08 01:00:00,3,0.0,4
ORD-0009302,PRD-0087,2026-02-23 20:00:00,1,0.0,5
ORD-0009303,PRD-0002,2026-03-20 12:00:00,1,0.05,4
ORD-0009304,PRD-0204,2026-03-07 00:00:00,4,0.0,1
ORD-0009305,PRD-0150,2026-02-10 23:00:00,4,0.0,5
ORD-0009306,PRD-0293,2026-03-28 03:00:00,1,0.0,4
ORD-0009307,PRD-0404,2026-03-19 15:00:00,2,0.2,5
ORD-0009308,PRD-0103,2026-03-24 11:00:00,4,0.05,5
ORD-0009309,PRD-0024,2026-03-14 08:00:00,1,0.05,5
ORD-0009310,PRD-0368,2026-04-13 04:00:00,2,0.0,5
ORD-0009311,PRD-0212,2026-08-07 02:00:00,1,0.0,5
ORD-0009312,PRD-0065,2026-03-21 22:00:00,2,0.0,5
ORD-0009313,PRD-0449,2026-01-30 04:00:00,3,0.0,5
ORD-0009314,PRD-0209,2026-06-18 14:00:00,2,0.0,4
ORD-0009315,PRD-0251,2026-03-28 09:00:00,4,0.0,4
ORD-0009316,PRD-0385,2026-07-14 05:00:00,2,0.05,5
ORD-0009317,PRD-0117,2026-06-06 09:00:00,2,0.05,5
ORD-0009318,PRD-0116,2026-01-17 10:00:00,4,0.0,5
ORD-0009319,PRD-0237,2026-03-23 12:00:00,3,0.05,5
ORD-0009320,PRD-0478,2026-05-08 00:00:00,2,0.05,4
ORD-0009321,PRD-0105,2026-05-24 20:00:00,3,0.0,4
ORD-0009322,PRD-0495,2026-01-22 18:00:00,1,0.0,1
ORD-0009323,PRD-0259,2026-03-07 02:00:00,1,0.05,5
ORD-0009324,PRD-0046,2026-05-02 05:00:00,4,0.0,4
ORD-0009325,PRD-0311,2026-08-05 18:00:00,3,0.0,4
ORD-0009326,PRD-0331,2026-04-29 17:00:00,4,0.0,5
ORD-0009327,PRD-0216,2026-01-23 21:00:00,4,0.0,2
ORD-0009328,PRD-0470,2026-03-03 04:00:00,2,0.2,5
ORD-0009329,PRD-0448,2026-02-04 16:00:00,1,0.05,1
ORD-0009330,PRD-0492,2026-07-06 18:00:00,4,0.0,5
ORD-0009331,PRD-0301,2026-07-30 18:00:00,2,0.2,4
ORD-0009332,PRD-0410,2026-03-01 05:00:00,2,0.05,3
ORD-0009333,PRD-0333,2026-01-12 21:00:00,3,0.05,5
ORD-0009334,PRD-0449,2026-04-25 09:00:00,1,0.0,5
ORD-0009335,PRD-0024,2026-06-06 21:00:00,3,0.0,4
ORD-0009336,PRD-0458,2026-07-06 00:00:00,3,0.0,5
ORD-0009337,PRD-0035,2026-03-02 05:00:00,4,0.0,5
ORD-0009338,PRD-0024,2026-03-03 02:00:00,3,0.0,4
ORD-0009339,PRD-0028,2026-03-16 00:00:00,4,0.0,5
ORD-0009340,PRD-0484,2026-08-23 23:00:00,3,0.0,4
ORD-0009341,PRD-0464,2026-06-02 07:00:00,2,0.0,4
ORD-0009342,PRD-0488,2026-02-08 02:00:00,1,0.1,4
ORD-0009343,PRD-0016,2026-01-12 23:00:00,1,0.0,4
ORD-0009344,PRD-0059,2026-06-24 14:00:00,1,0.1,1
ORD-0009345,PRD-0465,2026-03-29 00:00:00,2,0.05,4
ORD-0009346,PRD-0243,2026-07-04 10:00:00,2,0.0,4
ORD-0009347,PRD-0438,2026-03-17 04:00:00,3,0.0,5
ORD-0009348,PRD-0207,2026-02-19 02:00:00,3,0.2,5
ORD-0009349,PRD-0400,2026-04-17 07:00:00,3,0.0,5
ORD-0009350,PRD-0271,2026-07-02 02:00:00,3,0.05,4
ORD-0009351,PRD-0249,2026-03-08 04:00:00,1,0.05,5
ORD-0009352,PRD-0482,2026-03-23 12:00:00,3,0.0,4
ORD-0009353,PRD-0267,2026-03-15 23:00:00,2,0.0,4
ORD-0009354,PRD-0193,2026-07-22 14:00:00,2,0.0,5
ORD-0009355,PRD-0335,2026-02-11 03:00:00,2,0.1,5
ORD-0009356,PRD-0218,2026-02-20 03:00:00,4,0.1,1
ORD-0009357,PRD-0115,2026-05-19 18:00:00,4,0.2,4
ORD-0009358,PRD-0068,2026-02-16 15:00:00,4,0.0,5
ORD-0009359,PRD-0299,2026-01-09 04:00:00,3,0.0,5
ORD-0009360,PRD-0325,2026-06-15 15:00:00,1,0.0,4
ORD-0009361,PRD-0483,2026-01-22 21:00:00,1,0.2,5
ORD-0009362,PRD-0397,2026-07-16 23:00:00,3,0.0,2
ORD-0009363,PRD-0394,2026-02-28 18:00:00,3,0.0,5
ORD-0009364,PRD-0075,2026-07-07 15:00:00,4,0.2,4
ORD-0009365,PRD-0466,2026-02-23 20:00:00,2,0.0,2
ORD-0009366,PRD-0482,2026-02-19 18:00:00,2,0.0,4
ORD-0009367,PRD-0103,2026-03-23 04:00:00,4,0.0,5
ORD-0009368,PRD-0297,2026-06-02 07:00:00,4,0.0,1
ORD-0009369,PRD-0490,2026-07-19 10:00:00,1,0.2,5
ORD-0009370,PRD-0178,2026-04-03 09:00:00,4,0.0,5
ORD-0009371,PRD-0215,2026-06-27 06:00:00,2,0.0,5
ORD-0009372,PRD-0455,2026-05-30 04:00:00,2,0.0,4
ORD-0009373,PRD-0315,2026-08-30 01:00:00,3,0.0,3
ORD-0009374,PRD-0039,2026-02-12 09:00:00,1,0.0,4
ORD-0009375,PRD-0259,2026-05-12 09:00:00,3,0.0,4
ORD-0009376,PRD-0204,2026-08-04 16:00:00,1,0.05,5
ORD-0009377,PRD-0007,2026-05-30 14:00:00,3,0.0,5
ORD-0009378,PRD-0049,2026-06-25 07:00:00,1,0.05,4
ORD-0009379,PRD-0026,2026-06-19 13:00:00,4,0.0,3
ORD-0009380,PRD-0161,2026-01-02 23:00:00,2,0.05,5
ORD-0009381,PRD-0357,2026-06-02 15:00:00,4,0.0,5
ORD-0009382,PRD-0176,2026-07-06 07:00:00,1,0.0,5
ORD-0009383,PRD-0079,2026-02-04 11:00:00,1,0.2,4
ORD-0009384,PRD-0002,2026-07-16 18:00:00,3,0.0,4
ORD-0009385,PRD-0489,2026-08-02 10:00:00,1,0.0,5
ORD-0009386,PRD-0383,2026-03-29 01:00:00,4,0.0,3
ORD-0009387,PRD-0455,2026-03-27 16:00:00,1,0.0,5
ORD-0009388,PRD-0416,2026-02-04 02:00:00,1,0.0,1
ORD-0009389,PRD-0132,2026-07-18 00:00:00,3,0.0,5
ORD-0009390,PRD-0276,2026-06-16 00:00:00,1,0.05,5
ORD-0009391,PRD-0498,2026-06-03 08:00:00,3,0.05,4
ORD-0009392,PRD-0117,2026-03-17 11:00:00,2,0.05,1
ORD-0009393,PRD-0164,2026-07-23 13:00:00,3,0.0,5
ORD-0009394,PRD-0288,2026-08-20 11:00:00,1,0.0,4
ORD-0009395,PRD-0028,2026-05-10 18:00:00,2,0.05,5
ORD-0009396,PRD-0333,2026-08-07 18:00:00,1,0.0,4
ORD-0009397,PRD-0001,2026-03-09 21:00:00,3,0.05,2
ORD-0009398,PRD-0188,2026-03-06 07:00:00,4,0.0,5
ORD-0009399,PRD-0056,2026-05-30 03:00:00,2,0.0,5
ORD-0009400,PRD-0035,2026-08-29 09:00:00,4,0.1,4
ORD-0009401,PRD-0112,2026-03-21 08:00:00,4,0.05,4
ORD-0009402,PRD-0286,2026-03-01 20:00:00,2,0.05,5
ORD-0009403,PRD-0310,2026-07-29 15:00:00,4,0.1,5
ORD-0009404,PRD-0036,2026-05-19 05:00:00,4,0.05,3
ORD-0009405,PRD-0439,2026-05-27 16:00:00,4,0.0,3
ORD-0009406,PRD-0217,2026-05-08 11:00:00,4,0.2,3
ORD-0009407,PRD-0080,2026-06-21 12:00:00,2,0.05,5
ORD-0009408,PRD-0314,2026-02-11 14:00:00,1,0.05,5
ORD-0009409,PRD-0083,2026-03-01 15:00:00,4,0.0,4
ORD-0009410,PRD-0065,2026-07-09 16:00:00,2,0.2,5
ORD-0009411,PRD-0325,2026-08-20 19:00:00,2,0.0,4
ORD-0009412,PRD-0128,2026-05-08 13:00:00,2,0.0,5
ORD-0009413,PRD-0307,2026-01-12 00:00:00,2,0.0,2
ORD-0009414,PRD-0022,2026-06-05 11:00:00,3,0.0,5
ORD-0009415,PRD-0216,2026-04-05 18:00:00,1,0.0,5
ORD-0009416,PRD-0107,2026-06-11 11:00:00,1,0.1,5
ORD-0009417,PRD-0109,2026-05-19 05:00:00,4,0.05,5
ORD-0009418,PRD-0372,2026-03-27 06:00:00,2,0.0,5
ORD-0009419,PRD-0357,2026-05-12 00:00:00,3,0.05,5
ORD-0009420,PRD-0181,2026-05-15 05:00:00,2,0.0,4
ORD-0009421,PRD-0356,2026-05-11 20:00:00,4,0.0,4
ORD-0009422,PRD-0164,2026-07-31 00:00:00,1,0.0,5
ORD-0009423,PRD-0068,2026-07-24 04:00:00,4,0.1,5
ORD-0009424,PRD-0292,2026-02-22 05:00:00,4,0.0,5
ORD-0009425,PRD-0180,2026-01-31 02:00:00,4,0.0,4
ORD-0009426,PRD-0181,2026-08-05 07:00:00,4,0.0,5
ORD-0009427,PRD-0466,2026-08-01 09:00:00,4,0.05,4
ORD-0009428,PRD-0434,2026-01-04 11:00:00,4,0.05,3
ORD-0009429,PRD-0464,2026-07-21 11:00:00,4,0.0,5
ORD-0009430,PRD-0169,2026-05-21 10:00:00,1,0.0,1
ORD-0009431,PRD-0402,2026-06-09 03:00:00,1,0.05,4
ORD-0009432,PRD-0022,2026-05-21 04:00:00,2,0.05,5
ORD-0009433,PRD-0066,2026-03-15 05:00:00,2,0.0,4
ORD-0009434,PRD-0021,2026-06-29 22:00:00,3,0.1,5
ORD-0009435,PRD-0100,2026-04-26 20:00:00,3,0.2,5
ORD-0009436,PRD-0384,2026-05-17 23:00:00,1,0.0,5
ORD-0009437,PRD-0300,2026-04-13 04:00:00,1,0.0,5
ORD-0009438,PRD-0103,2026-08-09 08:00:00,3,0.0,5
ORD-0009439,PRD-0047,2026-01-14 16:00:00,1,0.05,5
ORD-0009440,PRD-0039,2026-01-18 17:00:00,3,0.0,5
ORD-0009441,PRD-0285,2026-08-25 09:00:00,2,0.0,4
ORD-0009442,PRD-0310,2026-02-02 01:00:00,1,0.05,4
ORD-0009443,PRD-0090,2026-08-10 11:00:00,1,0.1,5
ORD-0009444,PRD-0085,2026-06-15 15:00:00,3,0.0,5
ORD-0009445,PRD-0273,2026-01-26 07:00:00,4,0.0,5
ORD-0009446,PRD-0336,2026-03-19 04:00:00,4,0.0,5
ORD-0009447,PRD-0188,2026-04-22 08:00:00,2,0.05,5
ORD-0009448,PRD-0159,2026-03-30 12:00:00,1,0.05,5
ORD-0009449,PRD-0243,2026-02-24 04:00:00,1,0.0,4
ORD-0009450,PRD-0073,2026-07-28 23:00:00,3,0.0,3
ORD-0009451,PRD-0479,2026-01-20 09:00:00,4,0.05,5
ORD-0009452,PRD-0462,2026-03-23 20:00:00,4,0.0,1
ORD-0009453,PRD-0049,2026-08-20 23:00:00,2,0.05,5
ORD-0009454,PRD-0101,2026-03-23 01:00:00,4,0.0,5
ORD-0009455,PRD-0002,2026-08-08 23:00:00,4,0.1,5
ORD-0009456,PRD-0244,2026-04-16 19:00:00,4,0.0,5
ORD-0009457,PRD-0176,2026-04-09 08:00:00,3,0.0,5
ORD-0009458,PRD-0238,2026-08-28 14:00:00,4,0.0,2
ORD-0009459,PRD-0398,2026-03-26 23:00:00,2,0.1,5
ORD-0009460,PRD-0059,2026-02-19 08:00:00,4,0.0,4
ORD-0009461,PRD-0353,2026-06-13 22:00:00,2,0.0,4
ORD-0009462,PRD-0099,2026-05-15 01:00:00,3,0.2,4
ORD-0009463,PRD-0442,2026-08-30 10:00:00,3,0.2,5
ORD-0009464,PRD-0359,2026-04-26 22:00:00,2,0.2,5
ORD-0009465,PRD-0442,2026-02-02 09:00:00,3,0.0,4
ORD-0009466,PRD-0495,2026-05-21 19:00:00,1,0.1,4
ORD-0009467,PRD-0435,2026-04-11 18:00:00,1,0.0,5
ORD-0009468,PRD-0468,2026-06-19 21:00:00,1,0.0,4
ORD-0009469,PRD-0002,2026-06-27 14:00:00,1,0.0,4
ORD-0009470,PRD-0243,2026-04-12 15:00:00,1,0.0,5
ORD-0009471,PRD-0297,2026-07-21 07:00:00,3,0.0,4
ORD-0009472,PRD-0211,2026-07-29 04:00:00,2,0.0,2
ORD-0009473,PRD-0123,2026-08-08 13:00:00,3,0.1,4
ORD-0009474,PRD-0229,2026-08-21 19:00:00,4,0.0,5
ORD-0009475,PRD-0082,2026-03-24 21:00:00,1,0.0,5
ORD-0009476,PRD-0144,2026-02-14 10:00:00,1,0.0,5
ORD-0009477,PRD-0388,2026-02-09 08:00:00,3,0.2,5
ORD-0009478,PRD-0140,2026-01-02 04:00:00,4,0.0,4
ORD-0009479,PRD-0029,2026-03-21 01:00:00,3,0.0,4
ORD-0009480,PRD-0391,2026-08-28 15:00:00,2,0.0,3
ORD-0009481,PRD-0270,2026-08-03 14:00:00,1,0.1,5
ORD-0009482,PRD-0247,2026-03-12 17:00:00,3,0.0,5
ORD-0009483,PRD-0012,2026-04-28 06:00:00,2,0.0,5
ORD-0009484,PRD-0355,2026-05-21 05:00:00,1,0.0,4
ORD-0009485,PRD-0389,2026-04-14 16:00:00,1,0.1,4
ORD-0009486,PRD-0337,2026-08-18 11:00:00,1,0.0,4
ORD-0009487,PRD-0106,2026-03-11 09:00:00,4,0.05,5
ORD-0009488,PRD-0032,2026-07-12 11:00:00,3,0.0,3
ORD-0009489,PRD-0074,2026-03-07 10:00:00,1,0.2,5
ORD-0009490,PRD-0171,2026-03-14 05:00:00,1,0.0,2
ORD-0009491,PRD-0337,2026-02-01 15:00:00,2,0.05,5
ORD-0009492,PRD-0069,2026-03-31 21:00:00,3,0.0,2
ORD-0009493,PRD-0301,2026-02-26 07:00:00,2,0.0,3
ORD-0009494,PRD-0362,2026-05-25 20:00:00,3,0.0,3
ORD-0009495,PRD-0137,2026-02-22 20:00:00,1,0.05,4
ORD-0009496,PRD-0433,2026-03-16 09:00:00,4,0.2,4
ORD-0009497,PRD-0417,2026-06-14 13:00:00,2,0.0,5
ORD-0009498,PRD-0484,2026-04-19 15:00:00,4,0.1,4
ORD-0009499,PRD-0100,2026-01-17 14:00:00,4,0.0,2
ORD-0009500,PRD-0146,2026-04-20 14:00:00,4,0.2,5
ORD-0009501,PRD-0009,2026-04-12 22:00:00,3,0.0,5
ORD-0009502,PRD-0062,2026-03-11 13:00:00,3,0.0,4
ORD-0009503,PRD-0185,2026-01-10 22:00:00,4,0.0,5
ORD-0009504,PRD-0029,2026-05-28 08:00:00,1,0.05,5
ORD-0009505,PRD-0381,2026-08-26 11:00:00,1,0.05,4
ORD-0009506,PRD-0114,2026-06-10 21:00:00,4,0.0,5
ORD-0009507,PRD-0462,2026-05-10 07:00:00,2,0.0,3
ORD-0009508,PRD-0409,2026-02-17 18:00:00,2,0.0,1
ORD-0009509,PRD-0143,2026-03-06 21:00:00,3,0.0,5
ORD-0009510,PRD-0390,2026-06-05 18:00:00,2,0.0,4
ORD-0009511,PRD-0120,2026-03-31 21:00:00,1,0.0,4
ORD-0009512,PRD-0170,2026-08-13 14:00:00,4,0.0,5
ORD-0009513,PRD-0157,2026-05-24 19:00:00,2,0.05,5
ORD-0009514,PRD-0335,2026-01-13 11:00:00,4,0.05,5
ORD-0009515,PRD-0349,2026-06-04 02:00:00,2,0.0,5
ORD-0009516,PRD-0260,2026-06-18 21:00:00,3,0.05,5
ORD-0009517,PRD-0082,2026-07-22 11:00:00,1,0.0,5
ORD-0009518,PRD-0242,2026-01-11 08:00:00,3,0.05,2
ORD-0009519,PRD-0441,2026-04-18 00:00:00,4,0.0,4
ORD-0009520,PRD-0433,2026-06-22 01:00:00,1,0.05,4
ORD-0009521,PRD-0172,2026-06-30 03:00:00,1,0.0,2
ORD-0009522,PRD-0231,2026-07-15 00:00:00,3,0.0,4
ORD-0009523,PRD-0208,2026-04-30 04:00:00,2,0.05,5
ORD-0009524,PRD-0075,2026-01-31 03:00:00,3,0.0,3
ORD-0009525,PRD-0270,2026-01-24 17:00:00,4,0.0,4
ORD-0009526,PRD-0387,2026-01-10 03:00:00,2,0.05,5
ORD-0009527,PRD-0499,2026-02-28 02:00:00,3,0.1,5
ORD-0009528,PRD-0114,2026-04-29 02:00:00,3,0.0,5
ORD-0009529,PRD-0062,2026-03-30 10:00:00,2,0.0,5
ORD-0009530,PRD-0362,2026-08-28 01:00:00,2,0.0,5
ORD-0009531,PRD-0320,2026-06-26 07:00:00,2,0.05,5
ORD-0009532,PRD-0102,2026-06-16 16:00:00,3,0.0,5
ORD-0009533,PRD-0429,2026-07-01 05:00:00,2,0.1,5
ORD-0009534,PRD-0362,2026-05-09 17:00:00,2,0.0,5
ORD-0009535,PRD-0210,2026-01-03 01:00:00,2,0.0,5
ORD-0009536,PRD-0442,2026-01-22 10:00:00,1,0.0,5
ORD-0009537,PRD-0255,2026-04-27 07:00:00,4,0.0,4
ORD-0009538,PRD-0020,2026-04-26 18:00:00,2,0.05,5
ORD-0009539,PRD-0058,2026-04-20 02:00:00,4,0.0,5
ORD-0009540,PRD-0112,2026-03-18 13:00:00,2,0.2,5
ORD-0009541,PRD-0473,2026-07-14 15:00:00,2,0.0,3
ORD-0009542,PRD-0313,2026-02-18 13:00:00,1,0.0,4
ORD-0009543,PRD-0486,2026-07-28 06:00:00,1,0.0,4
ORD-0009544,PRD-0461,2026-04-04 17:00:00,2,0.1,5
ORD-0009545,PRD-0196,2026-01-18 06:00:00,2,0.05,5
ORD-0009546,PRD-0375,2026-04-05 12:00:00,2,0.0,4
ORD-0009547,PRD-0462,2026-02-16 00:00:00,4,0.2,5
ORD-0009548,PRD-0353,2026-07-22 10:00:00,2,0.0,2
ORD-0009549,PRD-0092,2026-07-14 02:00:00,4,0.05,4
ORD-0009550,PRD-0052,2026-05-20 20:00:00,1,0.1,4
ORD-0009551,PRD-0293,2026-04-11 16:00:00,4,0.05,5
ORD-0009552,PRD-0008,2026-08-22 19:00:00,2,0.2,5
ORD-0009553,PRD-0300,2026-03-22 14:00:00,1,0.1,4
ORD-0009554,PRD-0098,2026-08-16 17:00:00,3,0.2,5
ORD-0009555,PRD-0236,2026-01-09 11:00:00,1,0.0,5
ORD-0009556,PRD-0389,2026-08-25 08:00:00,3,0.0,4
ORD-0009557,PRD-0374,2026-01-03 20:00:00,4,0.05,5
ORD-0009558,PRD-0069,2026-01-22 11:00:00,1,0.05,5
ORD-0009559,PRD-0415,2026-05-29 11:00:00,1,0.0,4
ORD-0009560,PRD-0045,2026-07-05 16:00:00,1,0.0,5
ORD-0009561,PRD-0137,2026-03-03 00:00:00,4,0.1,4
ORD-0009562,PRD-0234,2026-08-03 14:00:00,2,0.2,5
ORD-0009563,PRD-0032,2026-03-10 20:00:00,4,0.0,5
ORD-0009564,PRD-0289,2026-01-30 10:00:00,1,0.0,2
ORD-0009565,PRD-0126,2026-03-09 17:00:00,2,0.0,5
ORD-0009566,PRD-0067,2026-07-18 00:00:00,1,0.0,5
ORD-0009567,PRD-0030,2026-06-07 17:00:00,1,0.05,5
ORD-0009568,PRD-0114,2026-02-26 01:00:00,3,0.2,1
ORD-0009569,PRD-0204,2026-01-15 07:00:00,1,0.0,5
ORD-0009570,PRD-0029,2026-06-07 18:00:00,4,0.0,5
ORD-0009571,PRD-0131,2026-01-23 07:00:00,4,0.05,3
ORD-0009572,PRD-0474,2026-01-15 18:00:00,4,0.0,4
ORD-0009573,PRD-0185,2026-05-28 14:00:00,2,0.0,5
ORD-0009574,PRD-0253,2026-07-29 07:00:00,3,0.05,5
ORD-0009575,PRD-0286,2026-02-10 22:00:00,3,0.1,4
ORD-0009576,PRD-0393,2026-02-26 01:00:00,1,0.0,5
ORD-0009577,PRD-0410,2026-08-26 03:00:00,1,0.05,2
ORD-0009578,PRD-0386,2026-05-06 09:00:00,3,0.0,4
ORD-0009579,PRD-0062,2026-01-22 22:00:00,2,0.0,5
ORD-0009580,PRD-0003,2026-02-08 18:00:00,4,0.0,5
ORD-0009581,PRD-0430,2026-04-25 20:00:00,1,0.0,4
ORD-0009582,PRD-0068,2026-04-06 02:00:00,3,0.0,5
ORD-0009583,PRD-0025,2026-03-23 02:00:00,2,0.0,5
ORD-0009584,PRD-0179,2026-06-13 15:00:00,4,0.05,5
ORD-0009585,PRD-0141,2026-08-13 06:00:00,1,0.05,5
ORD-0009586,PRD-0231,2026-04-16 21:00:00,4,0.0,4
ORD-0009587,PRD-0300,2026-03-21 20:00:00,4,0.0,5
ORD-0009588,PRD-0163,2026-05-21 00:00:00,3,0.0,4
ORD-0009589,PRD-0311,2026-03-08 09:00:00,3,0.0,5
ORD-0009590,PRD-0471,2026-05-02 21:00:00,4,0.0,1
ORD-0009591,PRD-0393,2026-06-01 01:00:00,4,0.05,4
ORD-0009592,PRD-0130,2026-08-16 21:00:00,1,0.0,3
ORD-0009593,PRD-0445,2026-02-20 23:00:00,2,0.0,5
ORD-0009594,PRD-0246,2026-03-23 15:00:00,2,0.0,4
ORD-0009595,PRD-0297,2026-02-10 05:00:00,4,0.0,5
ORD-0009596,PRD-0172,2026-07-30 19:00:00,3,0.2,5
ORD-0009597,PRD-0064,2026-07-28 00:00:00,2,0.0,4
ORD-0009598,PRD-0031,2026-08-16 06:00:00,4,0.0,3
ORD-0009599,PRD-0492,2026-06-03 06:00:00,3,0.05,5
ORD-0009600,PRD-0047,2026-06-29 16:00:00,1,0.0,4
ORD-0009601,PRD-0130,2026-01-26 22:00:00,2,0.0,4
ORD-0009602,PRD-0352,2026-07-05 08:00:00,1,0.1,4
ORD-0009603,PRD-0466,2026-07-19 11:00:00,3,0.1,4
ORD-0009604,PRD-0333,2026-07-16 22:00:00,4,0.0,4
ORD-0009605,PRD-0110,2026-04-09 20:00:00,1,0.0,5
ORD-0009606,PRD-0069,2026-05-03 20:00:00,4,0.05,4
ORD-0009607,PRD-0058,2026-05-18 11:00:00,2,0.0,5
ORD-0009608,PRD-0106,2026-02-18 16:00:00,1,0.0,4
ORD-0009609,PRD-0300,2026-07-17 21:00:00,2,0.0,5
ORD-0009610,PRD-0330,2026-01-17 07:00:00,2,0.0,4
ORD-0009611,PRD-0256,2026-06-08 17:00:00,2,0.0,5
ORD-0009612,PRD-0312,2026-04-11 07:00:00,2,0.0,5
ORD-0009613,PRD-0171,2026-07-22 16:00:00,2,0.05,3
ORD-0009614,PRD-0383,2026-07-23 20:00:00,3,0.0,4
ORD-0009615,PRD-0473,2026-07-29 11:00:00,1,0.0,2
ORD-0009616,PRD-0162,2026-06-27 12:00:00,4,0.0,1
ORD-0009617,PRD-0485,2026-07-21 04:00:00,4,0.05,5
ORD-0009618,PRD-0286,2026-01-25 04:00:00,3,0.0,4
ORD-0009619,PRD-0071,2026-02-04 04:00:00,4,0.0,5
ORD-0009620,PRD-0255,2026-02-21 23:00:00,4,0.0,3
ORD-0009621,PRD-0454,2026-01-06 03:00:00,4,0.0,5
ORD-0009622,PRD-0374,2026-07-04 23:00:00,1,0.2,4
ORD-0009623,PRD-0055,2026-03-20 02:00:00,4,0.0,4
ORD-0009624,PRD-0323,2026-01-22 19:00:00,1,0.0,5
ORD-0009625,PRD-0397,2026-05-11 03:00:00,4,0.05,5
ORD-0009626,PRD-0003,2026-06-26 00:00:00,4,0.0,5
ORD-0009627,PRD-0026,2026-08-07 22:00:00,1,0.0,5
ORD-0009628,PRD-0313,2026-05-14 06:00:00,3,0.0,5
ORD-0009629,PRD-0126,2026-04-27 01:00:00,4,0.05,5
ORD-0009630,PRD-0408,2026-03-30 06:00:00,2,0.0,3
ORD-0009631,PRD-0053,2026-02-20 10:00:00,2,0.0,2
ORD-0009632,PRD-0198,2026-02-12 18:00:00,3,0.0,5
ORD-0009633,PRD-0299,2026-08-14 04:00:00,2,0.0,5
ORD-0009634,PRD-0188,2026-06-21 13:00:00,1,0.05,5
ORD-0009635,PRD-0186,2026-06-27 13:00:00,4,0.1,3
ORD-0009636,PRD-0305,2026-08-15 05:00:00,4,0.05,5
ORD-0009637,PRD-0298,2026-08-22 04:00:00,4,0.05,5
ORD-0009638,PRD-0204,2026-01-21 17:00:00,4,0.2,5
ORD-0009639,PRD-0497,2026-07-08 17:00:00,2,0.0,1
ORD-0009640,PRD-0484,2026-04-27 21:00:00,2,0.0,5
ORD-0009641,PRD-0450,2026-07-25 12:00:00,2,0.0,5
ORD-0009642,PRD-0011,2026-03-12 13:00:00,1,0.0,5
ORD-0009643,PRD-0359,2026-07-18 06:00:00,2,0.0,5
ORD-0009644,PRD-0354,2026-01-31 04:00:00,2,0.0,5
ORD-0009645,PRD-0474,2026-01-16 15:00:00,4,0.0,4
ORD-0009646,PRD-0146,2026-07-03 06:00:00,2,0.0,5
ORD-0009647,PRD-0085,2026-04-13 04:00:00,3,0.2,5
ORD-0009648,PRD-0100,2026-06-10 19:00:00,3,0.0,1
ORD-0009649,PRD-0104,2026-03-12 06:00:00,4,0.0,4
ORD-0009650,PRD-0436,2026-07-20 03:00:00,2,0.05,4
ORD-0009651,PRD-0046,2026-07-28 20:00:00,3,0.0,5
ORD-0009652,PRD-0044,2026-01-11 16:00:00,3,0.0,5
ORD-0009653,PRD-0278,2026-07-07 06:00:00,1,0.0,4
ORD-0009654,PRD-0181,2026-05-31 00:00:00,4,0.05,5
ORD-0009655,PRD-0187,2026-01-03 02:00:00,3,0.1,5
ORD-0009656,PRD-0478,2026-01-25 18:00:00,3,0.0,5
ORD-0009657,PRD-0114,2026-07-24 17:00:00,4,0.0,5
ORD-0009658,PRD-0491,2026-07-17 03:00:00,2,0.0,5
ORD-0009659,PRD-0255,2026-06-11 09:00:00,4,0.0,4
ORD-0009660,PRD-0381,2026-05-24 04:00:00,1,0.2,5
ORD-0009661,PRD-0380,2026-02-14 16:00:00,1,0.05,5
ORD-0009662,PRD-0030,2026-08-28 12:00:00,1,0.0,3
ORD-0009663,PRD-0264,2026-08-07 05:00:00,3,0.05,5
ORD-0009664,PRD-0098,2026-03-03 12:00:00,2,0.0,1
ORD-0009665,PRD-0313,2026-07-22 22:00:00,1,0.2,5
ORD-0009666,PRD-0367,2026-05-06 20:00:00,4,0.1,5
ORD-0009667,PRD-0329,2026-03-11 08:00:00,1,0.0,5
ORD-0009668,PRD-0115,2026-07-07 04:00:00,3,0.05,5
ORD-0009669,PRD-0276,2026-04-24 18:00:00,1,0.0,5
ORD-0009670,PRD-0488,2026-02-28 03:00:00,2,0.0,5
ORD-0009671,PRD-0281,2026-06-12 09:00:00,1,0.05,5
ORD-0009672,PRD-0275,2026-08-06 08:00:00,2,0.0,4
ORD-0009673,PRD-0261,2026-07-12 16:00:00,2,0.0,5
ORD-0009674,PRD-0331,2026-07-19 04:00:00,4,0.05,5
ORD-0009675,PRD-0207,2026-06-18 13:00:00,2,0.05,4
ORD-0009676,PRD-0384,2026-04-21 20:00:00,3,0.0,5
ORD-0009677,PRD-0328,2026-04-04 01:00:00,3,0.0,1
ORD-0009678,PRD-0211,2026-05-19 10:00:00,2,0.0,5
ORD-0009679,PRD-0215,2026-06-24 21:00:00,2,0.0,3
ORD-0009680,PRD-0411,2026-06-25 18:00:00,1,0.1,4
ORD-0009681,PRD-0040,2026-03-29 13:00:00,1,0.0,4
ORD-0009682,PRD-0480,2026-02-24 10:00:00,4,0.0,1
ORD-0009683,PRD-0026,2026-03-10 05:00:00,1,0.0,4
ORD-0009684,PRD-0027,2026-02-17 12:00:00,3,0.0,4
ORD-0009685,PRD-0190,2026-01-26 15:00:00,1,0.05,4
ORD-0009686,PRD-0083,2026-07-13 20:00:00,4,0.0,4
ORD-0009687,PRD-0384,2026-06-25 09:00:00,4,0.0,5
ORD-0009688,PRD-0434,2026-03-07 06:00:00,2,0.1,1
ORD-0009689,PRD-0170,2026-02-10 16:00:00,4,0.0,5
ORD-0009690,PRD-0413,2026-07-19 20:00:00,2,0.0,5
ORD-0009691,PRD-0167,2026-02-24 20:00:00,3,0.0,3
ORD-0009692,PRD-0188,2026-04-08 11:00:00,3,0.0,4
ORD-0009693,PRD-0169,2026-07-01 12:00:00,1,0.0,5
ORD-0009694,PRD-0289,2026-03-29 08:00:00,4,0.0,5
ORD-0009695,PRD-0467,2026-08-02 13:00:00,3,0.0,3
ORD-0009696,PRD-0229,2026-01-16 18:00:00,2,0.1,4
ORD-0009697,PRD-0467,2026-05-25 09:00:00,4,0.0,4
ORD-0009698,PRD-0097,2026-04-05 15:00:00,4,0.05,5
ORD-0009699,PRD-0367,2026-02-13 14:00:00,2,0.05,5
ORD-0009700,PRD-0016,2026-02-11 23:00:00,4,0.0,2
ORD-0009701,PRD-0279,2026-01-05 13:00:00,4,0.0,4
ORD-0009702,PRD-0135,2026-04-26 11:00:00,3,0.0,4
ORD-0009703,PRD-0026,2026-06-11 19:00:00,2,0.0,5
ORD-0009704,PRD-0352,2026-04-19 08:00:00,3,0.2,5
ORD-0009705,PRD-0012,2026-08-18 22:00:00,2,0.0,5
ORD-0009706,PRD-0072,2026-05-16 03:00:00,1,0.1,4
ORD-0009707,PRD-0133,2026-02-11 21:00:00,4,0.1,5
ORD-0009708,PRD-0106,2026-07-19 17:00:00,4,0.0,4
ORD-0009709,PRD-0220,2026-01-13 17:00:00,3,0.0,5
ORD-0009710,PRD-0373,2026-08-26 13:00:00,4,0.0,4
ORD-0009711,PRD-0453,2026-08-31 19:00:00,4,0.1,5
ORD-0009712,PRD-0177,2026-02-09 22:00:00,3,0.1,4
ORD-0009713,PRD-0282,2026-02-09 17:00:00,3,0.0,5
ORD-0009714,PRD-0133,2026-08-08 14:00:00,2,0.0,4
ORD-0009715,PRD-0022,2026-04-22 04:00:00,1,0.0,1
ORD-0009716,PRD-0463,2026-05-28 10:00:00,3,0.1,4
ORD-0009717,PRD-0269,2026-04-22 13:00:00,2,0.2,5
ORD-0009718,PRD-0412,2026-03-09 22:00:00,3,0.0,3
ORD-0009719,PRD-0161,2026-03-16 15:00:00,2,0.0,3
ORD-0009720,PRD-0107,2026-04-19 11:00:00,1,0.0,4
ORD-0009721,PRD-0279,2026-03-24 03:00:00,2,0.0,4
ORD-0009722,PRD-0353,2026-01-03 18:00:00,2,0.1,4
ORD-0009723,PRD-0235,2026-08-08 19:00:00,4,0.0,4
ORD-0009724,PRD-0018,2026-02-04 18:00:00,3,0.05,3
ORD-0009725,PRD-0242,2026-01-09 13:00:00,2,0.0,3
ORD-0009726,PRD-0117,2026-04-29 01:00:00,3,0.0,5
ORD-0009727,PRD-0286,2026-06-27 02:00:00,2,0.0,3
ORD-0009728,PRD-0282,2026-03-13 10:00:00,4,0.05,5
ORD-0009729,PRD-0144,2026-03-05 20:00:00,4,0.05,4
ORD-0009730,PRD-0205,2026-08-26 03:00:00,1,0.0,5
ORD-0009731,PRD-0039,2026-05-12 01:00:00,2,0.0,2
ORD-0009732,PRD-0417,2026-05-11 00:00:00,4,0.0,5
ORD-0009733,PRD-0154,2026-08-21 18:00:00,3,0.0,4
ORD-0009734,PRD-0176,2026-01-30 11:00:00,2,0.05,1
ORD-0009735,PRD-0449,2026-01-08 10:00:00,2,0.0,4
ORD-0009736,PRD-0241,2026-08-04 07:00:00,1,0.0,4
ORD-0009737,PRD-0422,2026-08-05 07:00:00,3,0.1,4
ORD-0009738,PRD-0386,2026-01-05 16:00:00,1,0.0,4
ORD-0009739,PRD-0369,2026-02-01 12:00:00,2,0.0,5
ORD-0009740,PRD-0134,2026-02-07 08:00:00,1,0.0,4
ORD-0009741,PRD-0046,2026-04-30 12:00:00,2,0.1,4
ORD-0009742,PRD-0050,2026-01-07 14:00:00,2,0.0,5
ORD-0009743,PRD-0166,2026-02-02 17:00:00,1,0.0,5
ORD-0009744,PRD-0106,2026-03-17 03:00:00,1,0.05,2
ORD-0009745,PRD-0216,2026-03-18 15:00:00,2,0.0,5
ORD-0009746,PRD-0146,2026-05-13 00:00:00,1,0.1,4
ORD-0009747,PRD-0411,2026-04-06 18:00:00,1,0.2,3
ORD-0009748,PRD-0425,2026-06-19 22:00:00,2,0.05,4
ORD-0009749,PRD-0072,2026-03-06 06:00:00,3,0.05,1
ORD-0009750,PRD-0476,2026-06-25 08:00:00,1,0.0,4
ORD-0009751,PRD-0330,2026-07-01 10:00:00,1,0.0,4
ORD-0009752,PRD-0273,2026-03-31 18:00:00,4,0.05,4
ORD-0009753,PRD-0247,2026-01-24 22:00:00,3,0.0,5
ORD-0009754,PRD-0446,2026-05-07 14:00:00,1,0.0,5
ORD-0009755,PRD-0413,2026-02-27 13:00:00,2,0.1,5
ORD-0009756,PRD-0186,2026-02-20 22:00:00,4,0.0,5
ORD-0009757,PRD-0070,2026-04-14 02:00:00,4,0.0,5
ORD-0009758,PRD-0462,2026-03-04 13:00:00,4,0.05,5
ORD-0009759,PRD-0150,2026-02-05 18:00:00,1,0.1,5
ORD-0009760,PRD-0246,2026-05-29 22:00:00,2,0.1,3
ORD-0009761,PRD-0262,2026-06-05 09:00:00,4,0.05,4
ORD-0009762,PRD-0026,2026-05-04 13:00:00,3,0.1,5
ORD-0009763,PRD-0423,2026-05-13 23:00:00,4,0.05,4
ORD-0009764,PRD-0140,2026-03-08 12:00:00,4,0.0,3
ORD-0009765,PRD-0099,2026-03-07 01:00:00,3,0.05,4
ORD-0009766,PRD-0398,2026-04-16 02:00:00,4,0.0,5
ORD-0009767,PRD-0278,2026-04-19 07:00:00,4,0.0,4
ORD-0009768,PRD-0051,2026-04-10 15:00:00,3,0.0,4
ORD-0009769,PRD-0151,2026-04-22 11:00:00,1,0.0,1
ORD-0009770,PRD-0432,2026-04-01 23:00:00,3,0.0,5
ORD-0009771,PRD-0455,2026-01-12 12:00:00,1,0.0,4
ORD-0009772,PRD-0104,2026-06-11 18:00:00,1,0.0,3
ORD-0009773,PRD-0434,2026-05-31 04:00:00,1,0.0,5
ORD-0009774,PRD-0089,2026-03-28 14:00:00,3,0.0,5
ORD-0009775,PRD-0141,2026-06-30 22:00:00,3,0.05,5
ORD-0009776,PRD-0213,2026-07-07 18:00:00,1,0.1,5
ORD-0009777,PRD-0233,2026-06-19 21:00:00,3,0.1,4
ORD-0009778,PRD-0394,2026-06-23 16:00:00,1,0.0,5
ORD-0009779,PRD-0183,2026-02-16 16:00:00,3,0.05,4
ORD-0009780,PRD-0251,2026-07-18 16:00:00,2,0.0,5
ORD-0009781,PRD-0009,2026-08-16 17:00:00,3,0.0,1
ORD-0009782,PRD-0079,2026-04-16 03:00:00,3,0.05,3
ORD-0009783,PRD-0052,2026-08-14 19:00:00,3,0.05,4
ORD-0009784,PRD-0386,2026-05-21 10:00:00,1,0.1,1
ORD-0009785,PRD-0409,2026-07-02 14:00:00,1,0.05,4
ORD-0009786,PRD-0269,2026-03-21 12:00:00,2,0.0,5
ORD-0009787,PRD-0226,2026-05-27 16:00:00,2,0.1,5
ORD-0009788,PRD-0051,2026-06-29 11:00:00,4,0.05,3
ORD-0009789,PRD-0186,2026-07-07 08:00:00,2,0.1,3
ORD-0009790,PRD-0034,2026-07-17 22:00:00,1,0.05,5
ORD-0009791,PRD-0291,2026-05-10 09:00:00,2,0.0,5
ORD-0009792,PRD-0230,2026-01-21 17:00:00,2,0.0,1
ORD-0009793,PRD-0131,2026-05-30 11:00:00,3,0.0,5
ORD-0009794,PRD-0490,2026-08-15 23:00:00,2,0.0,5
ORD-0009795,PRD-0120,2026-06-24 17:00:00,4,0.0,2
ORD-0009796,PRD-0443,2026-04-11 13:00:00,3,0.0,4
ORD-0009797,PRD-0326,2026-06-08 08:00:00,1,0.2,4
ORD-0009798,PRD-0247,2026-01-20 06:00:00,4,0.1,5
ORD-0009799,PRD-0432,2026-04-26 00:00:00,1,0.05,3
ORD-0009800,PRD-0192,2026-05-25 01:00:00,4,0.0,4
ORD-0009801,PRD-0497,2026-01-12 08:00:00,3,0.0,5
ORD-0009802,PRD-0403,2026-02-17 22:00:00,4,0.05,4
ORD-0009803,PRD-0323,2026-08-05 23:00:00,4,0.0,5
ORD-0009804,PRD-0210,2026-05-22 05:00:00,2,0.1,1
ORD-0009805,PRD-0103,2026-01-01 18:00:00,1,0.2,5
ORD-0009806,PRD-0329,2026-03-09 08:00:00,3,0.0,5
ORD-0009807,PRD-0372,2026-05-13 10:00:00,4,0.05,5
ORD-0009808,PRD-0460,2026-08-21 09:00:00,1,0.0,2
ORD-0009809,PRD-0133,2026-06-20 01:00:00,1,0.05,2
ORD-0009810,PRD-0323,2026-01-18 03:00:00,2,0.0,5
ORD-0009811,PRD-0139,2026-01-31 21:00:00,1,0.0,4
ORD-0009812,PRD-0121,2026-04-22 07:00:00,3,0.05,5
ORD-0009813,PRD-0094,2026-04-26 19:00:00,2,0.05,5
ORD-0009814,PRD-0452,2026-04-20 08:00:00,4,0.05,5
ORD-0009815,PRD-0453,2026-08-18 03:00:00,3,0.0,4
ORD-0009816,PRD-0129,2026-01-22 10:00:00,3,0.05,5
ORD-0009817,PRD-0091,2026-01-09 14:00:00,3,0.05,5
ORD-0009818,PRD-0092,2026-02-09 11:00:00,2,0.2,4
ORD-0009819,PRD-0063,2026-04-12 17:00:00,1,0.1,5
ORD-0009820,PRD-0029,2026-03-18 04:00:00,3,0.05,3
ORD-0009821,PRD-0210,2026-05-30 22:00:00,1,0.05,5
ORD-0009822,PRD-0012,2026-04-01 07:00:00,1,0.0,5
ORD-0009823,PRD-0333,2026-08-29 08:00:00,3,0.0,4
ORD-0009824,PRD-0297,2026-08-24 16:00:00,1,0.0,4
ORD-0009825,PRD-0130,2026-03-11 00:00:00,2,0.1,2
ORD-0009826,PRD-0293,2026-01-26 01:00:00,2,0.1,5
ORD-0009827,PRD-0173,2026-08-15 15:00:00,4,0.05,5
ORD-0009828,PRD-0208,2026-01-30 15:00:00,1,0.0,1
ORD-0009829,PRD-0432,2026-07-31 13:00:00,1,0.0,5
ORD-0009830,PRD-0024,2026-02-20 03:00:00,4,0.0,5
ORD-0009831,PRD-0099,2026-02-27 23:00:00,2,0.0,5
ORD-0009832,PRD-0406,2026-04-23 08:00:00,4,0.0,5
ORD-0009833,PRD-0356,2026-05-17 08:00:00,4,0.2,4
ORD-0009834,PRD-0139,2026-07-25 05:00:00,4,0.0,5
ORD-0009835,PRD-0314,2026-05-11 11:00:00,1,0.0,4
ORD-0009836,PRD-0174,2026-06-05 10:00:00,1,0.0,5
ORD-0009837,PRD-0029,2026-04-22 02:00:00,1,0.2,5
ORD-0009838,PRD-0419,2026-01-23 21:00:00,1,0.1,4
ORD-0009839,PRD-0496,2026-07-17 13:00:00,3,0.0,2
ORD-0009840,PRD-0143,2026-06-15 22:00:00,4,0.2,1
ORD-0009841,PRD-0316,2026-02-21 20:00:00,4,0.0,4
ORD-0009842,PRD-0351,2026-06-11 22:00:00,1,0.0,4
ORD-0009843,PRD-0042,2026-06-17 04:00:00,2,0.0,5
ORD-0009844,PRD-0489,2026-04-17 05:00:00,3,0.0,4
ORD-0009845,PRD-0299,2026-05-14 12:00:00,3,0.05,4
ORD-0009846,PRD-0208,2026-02-05 05:00:00,2,0.2,4
ORD-0009847,PRD-0330,2026-07-09 09:00:00,1,0.05,4
ORD-0009848,PRD-0433,2026-01-02 19:00:00,3,0.0,2
ORD-0009849,PRD-0192,2026-08-25 13:00:00,3,0.0,3
ORD-0009850,PRD-0160,2026-01-28 10:00:00,4,0.0,4
ORD-0009851,PRD-0064,2026-07-20 23:00:00,4,0.0,1
ORD-0009852,PRD-0243,2026-06-13 18:00:00,1,0.0,4
ORD-0009853,PRD-0258,2026-04-30 11:00:00,1,0.0,5
ORD-0009854,PRD-0152,2026-08-03 07:00:00,4,0.05,4
ORD-0009855,PRD-0215,2026-08-29 16:00:00,4,0.05,3
ORD-0009856,PRD-0322,2026-08-09 13:00:00,4,0.0,5
ORD-0009857,PRD-0166,2026-06-01 23:00:00,2,0.0,5
ORD-0009858,PRD-0031,2026-08-07 06:00:00,3,0.0,2
ORD-0009859,PRD-0371,2026-04-26 22:00:00,1,0.0,2
ORD-0009860,PRD-0232,2026-03-12 11:00:00,1,0.0,5
ORD-0009861,PRD-0282,2026-04-03 17:00:00,2,0.0,5
ORD-0009862,PRD-0029,2026-05-08 18:00:00,4,0.05,2
ORD-0009863,PRD-0195,2026-03-23 03:00:00,3,0.1,4
ORD-0009864,PRD-0334,2026-02-26 21:00:00,4,0.0,5
ORD-0009865,PRD-0256,2026-05-11 10:00:00,1,0.05,5
ORD-0009866,PRD-0281,2026-07-08 21:00:00,2,0.0,4
ORD-0009867,PRD-0304,2026-08-20 03:00:00,3,0.1,4
ORD-0009868,PRD-0321,2026-07-08 09:00:00,3,0.0,3
ORD-0009869,PRD-0437,2026-02-10 07:00:00,3,0.0,4
ORD-0009870,PRD-0323,2026-02-28 12:00:00,3,0.0,5
ORD-0009871,PRD-0346,2026-01-21 05:00:00,2,0.0,1
ORD-0009872,PRD-0402,2026-03-15 03:00:00,1,0.0,5
ORD-0009873,PRD-0393,2026-06-01 06:00:00,3,0.2,4
ORD-0009874,PRD-0294,2026-05-04 16:00:00,3,0.05,4
ORD-0009875,PRD-0087,2026-03-07 19:00:00,1,0.0,1
ORD-0009876,PRD-0149,2026-04-27 11:00:00,4,0.0,5
ORD-0009877,PRD-0249,2026-01-03 02:00:00,3,0.05,4
ORD-0009878,PRD-0321,2026-08-03 17:00:00,3,0.1,5
ORD-0009879,PRD-0405,2026-03-11 03:00:00,4,0.05,5
ORD-0009880,PRD-0283,2026-08-26 20:00:00,1,0.0,4
ORD-0009881,PRD-0362,2026-06-29 04:00:00,1,0.05,5
ORD-0009882,PRD-0379,2026-04-27 03:00:00,3,0.05,1
ORD-0009883,PRD-0198,2026-08-05 05:00:00,1,0.0,5
ORD-0009884,PRD-0044,2026-07-12 20:00:00,4,0.0,3
ORD-0009885,PRD-0356,2026-03-31 19:00:00,2,0.05,4
ORD-0009886,PRD-0028,2026-08-12 08:00:00,4,0.1,5
ORD-0009887,PRD-0429,2026-07-01 02:00:00,4,0.0,3
ORD-0009888,PRD-0017,2026-06-26 06:00:00,2,0.2,5
ORD-0009889,PRD-0127,2026-05-12 17:00:00,4,0.0,5
ORD-0009890,PRD-0379,2026-03-09 06:00:00,3,0.0,4
ORD-0009891,PRD-0168,2026-04-25 00:00:00,3,0.0,1
ORD-0009892,PRD-0244,2026-01-17 22:00:00,1,0.2,5
ORD-0009893,PRD-0387,2026-05-21 19:00:00,1,0.0,5
ORD-0009894,PRD-0076,2026-06-24 21:00:00,4,0.0,3
ORD-0009895,PRD-0231,2026-02-27 16:00:00,3,0.0,5
ORD-0009896,PRD-0204,2026-06-03 23:00:00,3,0.0,5
ORD-0009897,PRD-0450,2026-08-24 07:00:00,2,0.1,4
ORD-0009898,PRD-0248,2026-08-27 15:00:00,1,0.0,5
ORD-0009899,PRD-0302,2026-08-14 12:00:00,3,0.1,4
ORD-0009900,PRD-0214,2026-07-07 11:00:00,4,0.2,5
ORD-0009901,PRD-0215,2026-07-24 13:00:00,3,0.0,4
ORD-0009902,PRD-0158,2026-05-01 22:00:00,1,0.05,3
ORD-0009903,PRD-0069,2026-03-09 21:00:00,4,0.0,5
ORD-0009904,PRD-0393,2026-05-16 22:00:00,1,0.0,1
ORD-0009905,PRD-0085,2026-02-12 18:00:00,3,0.05,5
ORD-0009906,PRD-0267,2026-05-05 13:00:00,3,0.05,5
ORD-0009907,PRD-0069,2026-08-02 04:00:00,3,0.0,4
ORD-0009908,PRD-0099,2026-04-03 16:00:00,1,0.0,4
ORD-0009909,PRD-0347,2026-08-13 00:00:00,4,0.2,5
ORD-0009910,PRD-0497,2026-05-02 16:00:00,3,0.05,4
ORD-0009911,PRD-0450,2026-08-22 23:00:00,3,0.0,5
ORD-0009912,PRD-0216,2026-06-29 19:00:00,3,0.0,4
ORD-0009913,PRD-0415,2026-06-27 20:00:00,2,0.0,5
ORD-0009914,PRD-0161,2026-04-26 23:00:00,2,0.0,4
ORD-0009915,PRD-0423,2026-02-28 21:00:00,4,0.0,1
ORD-0009916,PRD-0094,2026-07-11 13:00:00,1,0.0,3
ORD-0009917,PRD-0174,2026-06-02 00:00:00,3,0.0,1
ORD-0009918,PRD-0165,2026-04-28 00:00:00,3,0.05,4
ORD-0009919,PRD-0115,2026-05-19 19:00:00,1,0.0,5
ORD-0009920,PRD-0220,2026-04-01 18:00:00,1,0.0,1
ORD-0009921,PRD-0444,2026-02-03 05:00:00,4,0.0,2
ORD-0009922,PRD-0031,2026-04-29 14:00:00,1,0.0,4
ORD-0009923,PRD-0011,2026-02-08 17:00:00,3,0.0,5
ORD-0009924,PRD-0343,2026-07-20 18:00:00,4,0.05,5
ORD-0009925,PRD-0377,2026-05-09 19:00:00,2,0.0,3
ORD-0009926,PRD-0130,2026-04-05 06:00:00,4,0.0,5
ORD-0009927,PRD-0488,2026-02-25 13:00:00,4,0.0,5
ORD-0009928,PRD-0105,2026-02-23 02:00:00,4,0.0,4
ORD-0009929,PRD-0027,2026-07-10 23:00:00,1,0.0,5
ORD-0009930,PRD-0227,2026-05-26 00:00:00,3,0.0,4
ORD-0009931,PRD-0002,2026-05-20 06:00:00,1,0.0,5
ORD-0009932,PRD-0359,2026-02-20 17:00:00,3,0.05,5
ORD-0009933,PRD-0101,2026-03-03 00:00:00,1,0.2,5
ORD-0009934,PRD-0021,2026-07-03 16:00:00,4,0.0,3
ORD-0009935,PRD-0058,2026-06-23 22:00:00,3,0.05,4
ORD-0009936,PRD-0389,2026-07-18 18:00:00,1,0.05,5
ORD-0009937,PRD-0180,2026-01-01 13:00:00,4,0.2,5
ORD-0009938,PRD-0429,2026-04-06 13:00:00,2,0.0,5
ORD-0009939,PRD-0341,2026-03-27 05:00:00,1,0.1,5
ORD-0009940,PRD-0349,2026-02-13 05:00:00,1,0.2,5
ORD-0009941,PRD-0020,2026-06-22 00:00:00,2,0.0,5
ORD-0009942,PRD-0255,2026-03-02 19:00:00,1,0.0,4
ORD-0009943,PRD-0317,2026-01-11 16:00:00,2,0.2,4
ORD-0009944,PRD-0038,2026-06-22 01:00:00,3,0.05,4
ORD-0009945,PRD-0148,2026-06-19 17:00:00,2,0.0,5
ORD-0009946,PRD-0498,2026-02-23 11:00:00,4,0.05,4
ORD-0009947,PRD-0025,2026-05-26 07:00:00,2,0.0,3
ORD-0009948,PRD-0386,2026-04-02 00:00:00,3,0.0,3
ORD-0009949,PRD-0121,2026-01-15 22:00:00,2,0.0,5
ORD-0009950,PRD-0416,2026-06-07 23:00:00,2,0.0,1
ORD-0009951,PRD-0026,2026-07-22 01:00:00,3,0.1,3
ORD-0009952,PRD-0454,2026-08-26 10:00:00,1,0.0,4
ORD-0009953,PRD-0169,2026-05-13 19:00:00,1,0.1,4
ORD-0009954,PRD-0323,2026-07-07 11:00:00,4,0.0,4
ORD-0009955,PRD-0225,2026-02-21 01:00:00,4,0.0,3
ORD-0009956,PRD-0001,2026-08-17 23:00:00,2,0.0,3
ORD-0009957,PRD-0307,2026-04-06 17:00:00,1,0.0,5
ORD-0009958,PRD-0261,2026-01-12 13:00:00,1,0.1,5
ORD-0009959,PRD-0013,2026-06-25 07:00:00,2,0.0,3
ORD-0009960,PRD-0403,2026-03-24 18:00:00,3,0.1,5
ORD-0009961,PRD-0396,2026-05-28 16:00:00,1,0.0,5
ORD-0009962,PRD-0048,2026-04-27 09:00:00,4,0.0,5
ORD-0009963,PRD-0409,2026-01-17 07:00:00,2,0.0,4
ORD-0009964,PRD-0313,2026-02-10 08:00:00,3,0.05,4
ORD-0009965,PRD-0371,2026-04-02 06:00:00,4,0.0,5
ORD-0009966,PRD-0291,2026-08-03 15:00:00,1,0.05,4
ORD-0009967,PRD-0332,2026-04-03 20:00:00,3,0.05,4
ORD-0009968,PRD-0094,2026-04-20 10:00:00,4,0.0,4
ORD-0009969,PRD-0261,2026-04-29 13:00:00,2,0.0,5
ORD-0009970,PRD-0482,2026-07-01 20:00:00,3,0.0,4
ORD-0009971,PRD-0278,2026-05-18 19:00:00,3,0.2,4
ORD-0009972,PRD-0359,2026-04-19 08:00:00,2,0.0,5
ORD-0009973,PRD-0205,2026-04-22 16:00:00,1,0.0,5
ORD-0009974,PRD-0185,2026-07-02 02:00:00,1,0.0,4
ORD-0009975,PRD-0175,2026-07-21 14:00:00,3,0.05,4
ORD-0009976,PRD-0438,2026-01-04 13:00:00,3,0.05,5
ORD-0009977,PRD-0387,2026-05-11 14:00:00,3,0.2,2
ORD-0009978,PRD-0380,2026-07-07 11:00:00,4,0.1,5
ORD-0009979,PRD-0309,2026-04-04 07:00:00,3,0.0,5
ORD-0009980,PRD-0468,2026-05-21 04:00:00,1,0.0,4
ORD-0009981,PRD-0415,2026-03-27 05:00:00,2,0.05,3
ORD-0009982,PRD-0069,2026-02-13 22:00:00,2,0.2,1
ORD-0009983,PRD-0472,2026-05-22 17:00:00,2,0.0,5
ORD-0009984,PRD-0104,2026-06-05 09:00:00,3,0.0,4
ORD-0009985,PRD-0246,2026-04-22 05:00:00,3,0.1,4
ORD-0009986,PRD-0161,2026-01-12 11:00:00,2,0.0,4
ORD-0009987,PRD-0200,2026-07-17 18:00:00,4,0.0,3
ORD-0009988,PRD-0216,2026-08-27 05:00:00,4,0.2,5
ORD-0009989,PRD-0434,2026-06-20 10:00:00,4,0.1,4
ORD-0009990,PRD-0212,2026-02-16 01:00:00,4,0.0,5
ORD-0009991,PRD-0016,2026-07-15 01:00:00,1,0.0,4
ORD-0009992,PRD-0498,2026-05-03 04:00:00,2,0.0,4
ORD-0009993,PRD-0372,2026-01-06 08:00:00,1,0.2,5
ORD-0009994,PRD-0332,2026-07-01 07:00:00,3,0.2,5
ORD-0009995,PRD-0205,2026-06-30 06:00:00,4,0.05,5
ORD-0009996,PRD-0365,2026-05-29 16:00:00,4,0.0,3
ORD-0009997,PRD-0490,2026-08-08 00:00:00,2,0.0,4
ORD-0009998,PRD-0039,2026-04-11 02:00:00,4,0.05,5
ORD-0009999,PRD-0089,2026-03-10 15:00:00,2,0.0,5
ORD-0010000,PRD-0430,2026-05-29 04:00:00,3,0.05,5
